CID,IDSURVEY,zHD,zHDERR,zCMB,zCMBERR,zHEL,zHELERR,MU_SH0ES,MU_SH0ES_ERR_DIAG,m_b_corr,m_b_corr_err_DIAG,HOST_LOGMASS
2011fe,51,0.00122,0.00084,0.00122,2e-05,0.00082,2e-05,28.9987,1.51645,9.74571,1.51621,10.677
2011fe,56,0.00122,0.00084,0.00122,2e-05,0.00082,2e-05,29.0559,1.51747,9.80286,1.51723,10.677
2012cg,51,0.00256,0.00084,0.00256,2e-05,0.00144,2e-05,30.7233,0.782372,11.4703,0.781906,9.633
2012cg,56,0.00256,0.00084,0.00256,2e-05,0.00144,2e-05,30.7449,0.799068,11.4919,0.798612,9.633
1994DRichmond,50,0.00299,0.00084,0.00299,4e-05,0.00187,4e-05,30.7757,0.881212,11.5227,0.880798,8.46247
1981B,50,0.00317,0.00084,0.0035,1e-05,0.00236,1e-05,30.7946,0.614535,11.5416,0.613941,9.686
2013aa,56,0.00331,0.00085,0.00478,0.00015,0.00411,0.00015,30.4604,0.594683,11.2074,0.59407,10.53
2013aa,5,0.00331,0.00085,0.00478,0.00015,0.00411,0.00015,30.5528,0.580251,11.2998,0.579622,10.53
2017cbv,5,0.00331,0.00085,0.00478,0.00015,0.00411,0.00015,30.4013,0.578445,11.1483,0.577815,10.449
2017cbv,18,0.00331,0.00085,0.00478,0.00015,0.00411,0.00015,30.5107,0.578546,11.2577,0.577916,10.449
2001el,50,0.00333,0.00084,0.00357,1e-05,0.00379,1e-05,31.5011,0.591006,12.2481,0.590389,11.28
2011by,51,0.00349,0.00084,0.00369,2e-05,0.00313,2e-05,31.7933,0.55272,12.5403,0.55206,10.417
1998aq,50,0.00349,0.00084,0.00369,1e-05,0.00313,1e-05,31.4967,0.545492,12.2437,0.544824,10.199
1990N,50,0.00359,0.00084,0.00462,2e-05,0.00355,2e-05,31.6969,0.550993,12.4439,0.550332,9.802
2021pit,56,0.00384,0.00084,0.00366,1e-05,0.00388,1e-05,30.9999,0.566505,11.7469,0.565861,-9.0
2005df,50,0.00407,0.00084,0.00435,1e-05,0.00435,1e-05,31.3933,0.476404,12.1403,0.475638,10.375
2005df_ANU,50,0.00407,0.00084,0.00435,1e-05,0.00435,1e-05,31.3779,0.479276,12.1249,0.478515,9.552
2013dy,51,0.00432,0.00084,0.00293,0.00012,0.00394,0.00012,31.499,0.514259,12.246,0.513549,9.131
2013dy,56,0.00432,0.00084,0.00293,0.00012,0.00394,0.00012,31.5611,0.530838,12.3081,0.530151,9.131
2012ht,56,0.00465,0.00084,0.00465,2e-05,0.00352,2e-05,31.9309,0.442017,12.6779,0.441191,9.53
2012ht,5,0.00465,0.00084,0.00465,2e-05,0.00352,2e-05,32.033,0.420403,12.78,0.419535,9.53
1980N,50,0.00482,0.00084,0.0046,3e-05,0.00495,3e-05,31.2476,0.558603,11.9946,0.557951,11.314
2012fr,56,0.00483,0.00085,0.0046,0.00015,0.00492,0.00015,31.1331,0.446882,11.8801,0.446066,10.732
2007on,5,0.00483,0.00085,0.0046,0.00015,0.00491,0.00015,31.6525,0.564724,12.3995,0.564078,11.2901
2012fr,5,0.00483,0.00085,0.0046,0.00015,0.00492,0.00015,31.2234,0.410577,11.9704,0.409689,10.732
1992A,50,0.00483,0.00085,0.0046,0.00015,0.00492,0.00015,31.34,0.562589,12.087,0.561941,11.5
2007on,56,0.00483,0.00085,0.0046,0.00015,0.00491,0.00015,31.7635,0.574442,12.5105,0.573808,11.2901
2015F,56,0.00488,0.00084,0.00515,2e-05,0.00476,2e-05,31.4473,0.448264,12.1943,0.44745,12.198
2015F,5,0.00488,0.00084,0.00515,2e-05,0.00476,2e-05,31.539,0.407028,12.286,0.406132,12.198
2011B,56,0.00538,0.00084,0.00458,1e-05,0.00452,1e-05,31.6512,0.514401,12.3982,0.513692,11.08
2018aoz,51,0.00548,0.00085,0.00701,0.00015,0.00587,0.00015,31.7282,0.501431,12.4752,0.500704,9.85343
2016coj,51,0.0057,0.00084,0.00489,6e-05,0.00452,6e-05,31.9117,0.469628,12.6587,0.468851,11.036
SN2016coj,150,0.0057,0.00084,0.00489,6e-05,0.00452,6e-05,31.8985,0.483668,12.6455,0.482914,11.036
2007sr,57,0.00571,0.00084,0.0066,2e-05,0.00542,2e-05,31.6799,0.375913,12.4269,0.374942,10.682
2007sr,64,0.00571,0.00084,0.0066,2e-05,0.00542,2e-05,31.6292,0.385756,12.3762,0.38481,10.682
2007gi,50,0.00587,0.00084,0.00505,2e-05,0.00462,2e-05,31.7403,0.491367,12.4873,0.490624,7.0
1994ae,61,0.00588,0.00084,0.0054,1e-05,0.00427,1e-05,32.1822,0.339643,12.9292,0.338568,10.196
2015bp,56,0.00592,0.00084,0.00603,2e-05,0.00539,2e-05,32.4685,0.487055,13.2155,0.486307,8.048
2018gv,18,0.00602,0.00085,0.00596,0.00015,0.0051,0.00015,31.9404,0.344335,12.6874,0.343274,10.06
2018gv,51,0.00602,0.00085,0.00596,0.00015,0.0051,0.00015,32.0666,0.343707,12.8136,0.342645,10.06
2018gv,150,0.00602,0.00085,0.00596,0.00015,0.0051,0.00015,31.9102,0.350249,12.6572,0.349206,10.06
1981D,50,0.00616,0.00084,0.00551,3e-05,0.00587,3e-05,30.9079,0.524992,11.6549,0.524297,11.314
2006dd,50,0.00616,0.00084,0.00551,3e-05,0.00587,3e-05,31.1857,0.452235,11.9327,0.451429,11.01
2007af,57,0.00625,0.00084,0.00635,1e-05,0.00552,1e-05,32.0667,0.32593,12.8137,0.32481,10.331
2007af,56,0.00625,0.00084,0.00635,1e-05,0.00552,1e-05,32.0023,0.36156,12.7493,0.36055,10.331
2007af,5,0.00625,0.00084,0.00635,1e-05,0.00552,1e-05,32.0999,0.322811,12.8469,0.32168,10.331
2007af,64,0.00625,0.00084,0.00635,1e-05,0.00552,1e-05,32.0337,0.339166,12.7807,0.33809,10.331
2007le,57,0.0063,0.00084,0.00552,1e-05,0.00672,1e-05,32.0754,0.533991,12.8224,0.533308,9.02452
2007le,5,0.0063,0.00084,0.00552,1e-05,0.00672,1e-05,32.0843,0.537335,12.8313,0.536656,9.02452
2007le,65,0.0063,0.00084,0.00552,1e-05,0.00672,1e-05,32.0203,0.538159,12.7673,0.537482,9.02452
1998dm,57,0.00631,0.00085,0.00567,0.00015,0.00667,0.00015,32.8333,0.562902,13.5803,0.562254,7.05776
2014bv,56,0.00634,0.00085,0.00548,0.00014,0.00533,0.00014,32.4001,0.482567,13.1471,0.481811,10.4962
2019np,18,0.00648,0.00084,0.0055,0.0,0.00452,0.0,32.4608,0.318474,13.2078,0.317328,10.63
2019np,150,0.00648,0.00084,0.0055,0.0,0.00452,0.0,32.4338,0.32229,13.1808,0.321157,10.63
1997br,62,0.00665,0.00085,0.00801,0.00015,0.00699,0.00015,31.7321,0.531169,12.4791,0.530482,8.92838
2011iv,5,0.00668,0.00085,0.00594,0.00015,0.00625,0.00015,31.2217,0.420706,11.9687,0.419839,7.0
1995al,61,0.00673,0.00084,0.00592,6e-05,0.00504,6e-05,32.3593,0.359446,13.1063,0.358431,10.296
1996X,61,0.00676,0.00085,0.00812,0.00015,0.00712,0.00015,31.9733,0.415464,12.7203,0.414586,9.77381
2017erp,51,0.00677,0.00085,0.00727,0.00015,0.00662,0.00015,32.1951,0.34053,12.9421,0.339458,10.591
2017erp,150,0.00677,0.00085,0.00727,0.00015,0.00662,0.00015,32.1729,0.371125,12.9199,0.370142,10.591
2017erp,18,0.00677,0.00085,0.00727,0.00015,0.00662,0.00015,32.2048,0.34795,12.9518,0.3469,10.591
1992G,50,0.00692,0.00084,0.00611,1e-05,0.00523,1e-05,32.4405,0.439634,13.1875,0.438804,10.0995
2005cf,57,0.0071,0.00084,0.00703,6e-05,0.00644,6e-05,32.3193,0.325586,13.0663,0.324465,9.184
2005cf,56,0.0071,0.00084,0.00703,6e-05,0.00644,6e-05,32.3327,0.348317,13.0797,0.347269,9.184
2005cf,64,0.0071,0.00084,0.00703,6e-05,0.00644,6e-05,32.3221,0.322655,13.0691,0.321523,9.184
2002fk,63,0.00719,0.00085,0.00668,0.00015,0.00719,0.00015,32.4423,0.300309,13.1893,0.299093,9.89
2002fk,57,0.00719,0.00085,0.00668,0.00015,0.00719,0.00015,32.4642,0.300269,13.2112,0.299053,9.89
2003du,57,0.00747,0.00084,0.00664,2e-05,0.00638,2e-05,32.7943,0.289134,13.5413,0.28787,9.345
2003du,63,0.00747,0.00084,0.00664,2e-05,0.00638,2e-05,32.7423,0.294759,13.4893,0.29352,9.345
2003du,50,0.00747,0.00084,0.00664,2e-05,0.00638,2e-05,32.7685,0.292411,13.5155,0.291161,9.345
2008Q,57,0.0075,0.00084,0.00722,2e-05,0.00826,2e-05,32.3312,0.373843,13.0782,0.372866,10.553
2008Q,56,0.0075,0.00084,0.00722,2e-05,0.00826,2e-05,32.2998,0.396652,13.0468,0.395732,10.553
2003kf,63,0.00795,0.00084,0.00769,2e-05,0.00739,2e-05,32.6418,0.362719,13.3888,0.361712,8.21817
1998dh,57,0.00814,0.00084,0.00769,2e-05,0.00893,2e-05,32.7164,0.317031,13.4634,0.315879,10.935
1998dh,62,0.00814,0.00084,0.00769,2e-05,0.00893,2e-05,32.6151,0.317457,13.3621,0.316306,10.935
2012hr,56,0.00814,0.00084,0.00788,2e-05,0.00757,2e-05,32.7092,0.367554,13.4562,0.366561,10.1223
2009ig,56,0.00815,0.00084,0.00801,2e-05,0.00877,2e-05,32.3711,0.371926,13.1181,0.370944,9.906
2009ig,51,0.00815,0.00084,0.00801,2e-05,0.00877,2e-05,32.7434,0.280148,13.4904,0.278844,9.906
2009ig,66,0.00815,0.00084,0.00801,2e-05,0.00877,2e-05,32.6707,0.286975,13.4177,0.285702,9.906
1996Z,61,0.00817,0.00085,0.00867,0.00015,0.00757,0.00015,32.4455,0.490787,13.1925,0.490044,7.0
1995D,61,0.00818,0.00084,0.0078,2e-05,0.00668,2e-05,32.484,0.342662,13.231,0.341596,10.5795
1991M,50,0.00821,0.00084,0.00758,1e-05,0.00726,1e-05,33.2138,0.462834,13.9608,0.462045,7.68875
2013gh,51,0.00838,0.00085,0.00775,0.00015,0.00881,0.00015,32.521,0.465611,13.268,0.464828,9.71043
2013gh,56,0.00838,0.00085,0.00775,0.00015,0.00881,0.00015,32.6922,0.484865,13.4392,0.484113,9.71043
2001bg,57,0.00855,0.00084,0.00796,1e-05,0.00719,1e-05,32.6928,0.359218,13.4398,0.358202,10.449
2005W,5,0.00855,0.00084,0.00861,2e-05,0.00954,2e-05,32.852,0.318032,13.599,0.316884,10.827
ASASSN-15so,150,0.00857,0.00084,0.00773,1e-05,0.00702,1e-05,32.7527,0.26758,13.4997,0.266214,10.95
PSNJ0717457,150,0.00861,0.00084,0.00812,1e-05,0.00759,1e-05,32.7223,0.383433,13.4693,0.382481,9.38921
2005am,57,0.00863,0.00085,0.00841,0.0001,0.00733,0.0001,32.3744,0.338325,13.1214,0.337245,11.3117
2005am,5,0.00863,0.00085,0.00841,0.0001,0.00733,0.0001,32.3945,0.331296,13.1415,0.330194,11.3117
2005am,64,0.00863,0.00085,0.00841,0.0001,0.00733,0.0001,32.335,0.337879,13.082,0.336798,11.3117
1997bp,62,0.00864,0.00085,0.00931,0.00015,0.00817,0.00015,32.4198,0.425219,13.1668,0.42436,9.75
2019ein,50,0.00883,0.00084,0.00837,1e-05,0.00775,1e-05,32.8616,0.327035,13.6086,0.325919,7.0
2002er,57,0.00906,0.00084,0.00853,1e-05,0.00855,1e-05,32.799,0.368859,13.546,0.36787,9.82908
2002er,50,0.00906,0.00084,0.00853,1e-05,0.00855,1e-05,32.7498,0.409525,13.4968,0.408634,9.82908
2006D,57,0.00925,0.00084,0.00966,5e-05,0.00853,5e-05,32.8914,0.286425,13.6384,0.28515,9.554
2006D,5,0.00925,0.00084,0.00966,5e-05,0.00853,5e-05,32.8973,0.282867,13.6443,0.281576,9.554
2006D,64,0.00925,0.00084,0.00966,5e-05,0.00853,5e-05,32.9159,0.285505,13.6629,0.284225,9.554
2013cs,56,0.00935,0.00084,0.01029,2e-05,0.00924,2e-05,32.3353,0.401367,13.0823,0.400458,9.413
1999cp,57,0.00954,0.00086,0.00998,0.00019,0.00907,0.00019,33.0399,0.268981,13.7869,0.267622,10.441
1999cp,50,0.00954,0.00086,0.00998,0.00019,0.00907,0.00019,33.2135,0.253629,13.9605,0.252188,10.441
2002cr,57,0.00954,0.00086,0.00998,0.00019,0.00907,0.00019,33.2309,0.251906,13.9779,0.250455,10.426
2002cr,63,0.00954,0.00086,0.00998,0.00019,0.00907,0.00019,33.2469,0.254885,13.9939,0.253451,10.426
2002dj,57,0.00957,0.00087,0.01051,0.00023,0.00945,0.00023,32.901,0.309548,13.648,0.308368,11.1654
2002dj,63,0.00957,0.00087,0.01051,0.00023,0.00945,0.00023,32.8654,0.334488,13.6124,0.333397,11.1654
1998es,62,0.00966,0.00086,0.00957,0.00015,0.01057,0.00015,32.8029,0.35789,13.5499,0.35687,9.78837
1998es,57,0.00966,0.00086,0.00957,0.00015,0.01057,0.00015,32.9165,0.372831,13.6635,0.371852,9.78837
PTF10icb,56,0.00993,0.00084,0.009,1e-05,0.00856,1e-05,33.4753,0.372879,14.2223,0.3719,8.8903
2009Y,56,0.00996,0.00086,0.0105,0.00015,0.00974,0.00015,32.6457,0.409088,13.3927,0.408196,10.636
2009Y,5,0.00996,0.00086,0.0105,0.00015,0.00974,0.00015,32.7458,0.360296,13.4928,0.359283,10.636
2009Y,65,0.00996,0.00086,0.0105,0.00015,0.00974,0.00015,32.9015,0.334006,13.6485,0.332913,10.636
2013E,56,0.01016,0.00085,0.01042,8e-05,0.00936,8e-05,32.7794,0.348547,13.5264,0.3475,10.5748
1999ac,57,0.01017,0.00084,0.00979,2e-05,0.00947,2e-05,32.9182,0.365223,13.6652,0.364224,9.83179
1999ac,62,0.01017,0.00084,0.00979,2e-05,0.00947,2e-05,32.9674,0.341878,13.7144,0.34081,9.83179
2009an,51,0.01026,0.00084,0.00921,1e-05,0.00887,1e-05,33.3378,0.306294,14.0848,0.305101,10.5117
2009an,65,0.01026,0.00084,0.00921,1e-05,0.00887,1e-05,33.2253,0.299086,13.9723,0.297865,10.5117
2006bh,5,0.01028,0.00086,0.01042,0.00015,0.01077,0.00015,33.2788,0.247952,14.0258,0.246478,10.501
2004S,57,0.01042,0.00084,0.0098,2e-05,0.0093,2e-05,33.1236,0.317227,13.8706,0.316076,7.0
2021hpr,57,0.01044,0.00084,0.00958,2e-05,0.00938,2e-05,33.0869,0.343916,13.8339,0.342855,6.952
2002dp,63,0.01061,0.00084,0.01049,1e-05,0.01169,1e-05,33.3806,0.309009,14.1276,0.307827,10.53
2002dp,57,0.01061,0.00084,0.01049,1e-05,0.01169,1e-05,33.2931,0.27457,14.0401,0.273239,10.53
1997do,62,0.01073,0.00084,0.01048,2e-05,0.01012,2e-05,33.1081,0.364668,13.8551,0.363667,9.594
1997bq,62,0.01079,0.00084,0.00993,2e-05,0.00973,2e-05,33.0683,0.324016,13.8153,0.322889,12.588
2008fv_comb,50,0.01079,0.00084,0.00993,2e-05,0.00973,2e-05,33.1809,0.377969,13.9279,0.377003,8.37261
ASASSN-16jf,150,0.01096,0.00084,0.0104,1e-05,0.01144,1e-05,33.5709,0.314858,14.3179,0.313698,8.01649
iPTF13ebh,56,0.01114,0.00085,0.01238,5e-05,0.01317,5e-05,33.7337,0.342487,14.4807,0.341421,11.5
iPTF13ebh,5,0.01114,0.00085,0.01238,5e-05,0.01317,5e-05,33.6369,0.29522,14.3839,0.293983,11.5
2010ko,56,0.01122,0.00084,0.01096,2e-05,0.01082,2e-05,33.8347,0.353909,14.5817,0.352878,7.25539
2013ex,51,0.01122,0.00084,0.01096,2e-05,0.01082,2e-05,33.4336,0.283424,14.1806,0.282135,8.72661
2013ex,56,0.01122,0.00084,0.01096,2e-05,0.01082,2e-05,33.4947,0.325172,14.2417,0.32405,8.72661
2009ab,5,0.01155,0.00085,0.01189,8e-05,0.01219,8e-05,33.5833,0.281169,14.3303,0.27987,9.3236
2011ao,56,0.01195,0.00084,0.01168,1e-05,0.01074,1e-05,33.4974,0.301502,14.2444,0.30029,7.12388
2001cz,50,0.01213,0.00086,0.01275,0.00015,0.01178,0.00015,33.8783,0.346381,14.6253,0.345327,7.0
2009kk,66,0.0122,0.00086,0.01244,0.00015,0.01286,0.00015,33.7023,0.266666,14.4493,0.265296,9.51953
2010Y,66,0.01233,0.00084,0.01142,1e-05,0.01105,1e-05,33.7403,0.254135,14.4873,0.252697,10.1182
2008R,5,0.01246,0.00086,0.0126,0.00015,0.01321,0.00015,33.8286,0.265115,14.5756,0.263736,11.0466
2002ha,57,0.01258,0.00085,0.0122,0.0001,0.01321,0.0001,33.708,0.24076,14.455,0.239241,10.6057
2002ha,63,0.01258,0.00085,0.0122,0.0001,0.01321,0.0001,33.7246,0.250097,14.4716,0.248635,10.6057
2009kq,51,0.01259,0.00086,0.01247,0.00015,0.01169,0.00015,33.5874,0.26006,14.3344,0.258654,7.75299
2009kq,66,0.01259,0.00086,0.01247,0.00015,0.01169,0.00015,33.5178,0.26619,14.2648,0.264818,7.75299
2001bt,50,0.01279,0.00086,0.01407,0.00015,0.01426,0.00015,33.7492,0.416658,14.4962,0.415783,10.7524
2001ep,57,0.01283,0.00086,0.01306,0.00015,0.01312,0.00015,33.6365,0.287379,14.3835,0.286107,9.88173
2001ep,63,0.01283,0.00086,0.01306,0.00015,0.01312,0.00015,33.5028,0.331124,14.2498,0.330021,9.88173
2013gy,51,0.01303,0.00085,0.01309,2e-05,0.01355,2e-05,33.7355,0.239783,14.4825,0.238258,10.4638
2013gy,56,0.01303,0.00085,0.01309,2e-05,0.01355,2e-05,33.7607,0.28722,14.5077,0.285948,10.4638
AT2017cfd,150,0.01304,0.00086,0.01222,0.00016,0.01208,0.00016,33.5752,0.292564,14.3222,0.291315,10.6316
2017cfd,51,0.01304,0.00086,0.01222,0.00016,0.01208,0.00016,33.5673,0.284786,14.3143,0.283503,10.6316
1999dq,57,0.01312,0.00085,0.01334,0.0,0.01413,0.0,33.52,0.273536,14.267,0.2722,10.854
1999dq,62,0.01312,0.00085,0.01334,0.0,0.01413,0.0,33.4717,0.261601,14.2187,0.260204,10.854
2007hj,57,0.01325,0.00085,0.01288,0.00013,0.01411,0.00013,33.9682,0.303693,14.7152,0.302491,10.8348
2007hj,5,0.01325,0.00085,0.01288,0.00013,0.01411,0.00013,33.9846,0.299399,14.7316,0.298179,10.8348
2007hj,65,0.01325,0.00085,0.01288,0.00013,0.01411,0.00013,33.9247,0.304606,14.6717,0.303407,10.8348
2008hv,56,0.01375,0.00085,0.0136,7e-05,0.01255,7e-05,33.797,0.277855,14.544,0.27654,10.5379
2008hv,5,0.01375,0.00085,0.0136,7e-05,0.01255,7e-05,33.7683,0.232778,14.5153,0.231206,10.5379
2008hv,65,0.01375,0.00085,0.0136,7e-05,0.01255,7e-05,33.772,0.235755,14.519,0.234204,10.5379
1997E,62,0.01376,0.00085,0.01314,0.00012,0.01315,0.00012,33.7649,0.288791,14.5119,0.287526,8.75604
2007cv,56,0.01386,0.00086,0.01361,0.00015,0.01245,0.00015,33.6741,0.345367,14.4211,0.34431,9.00235
1992al,50,0.01388,0.00085,0.01434,3e-05,0.01484,3e-05,33.6968,0.233531,14.4438,0.231964,10.0338
1999dk,50,0.01389,0.00085,0.014,0.0,0.01502,0.0,33.8053,0.288803,14.5523,0.287538,9.64099
1999dk,57,0.01389,0.00085,0.014,0.0,0.01502,0.0,33.6651,0.296207,14.4121,0.294973,9.64099
ASASSN-16dn,150,0.01411,0.00085,0.01406,0.0001,0.01285,0.0001,33.8206,0.250873,14.5676,0.249416,8.03684
ASASSN-16la,150,0.01424,0.00085,0.01424,4e-05,0.01506,4e-05,33.8444,0.265489,14.5914,0.264112,8.23133
2005kc,5,0.01442,0.00085,0.01386,0.0,0.01509,0.0,34.0187,0.307194,14.7657,0.306005,10.6541
2005kc,64,0.01442,0.00085,0.01386,0.0,0.01509,0.0,34.0249,0.352338,14.7719,0.351302,10.6541
2007ca,57,0.01442,0.00085,0.01509,1e-05,0.01406,1e-05,34.3366,0.370715,15.0836,0.369731,9.44451
2007ca,5,0.01442,0.00085,0.01509,1e-05,0.01406,1e-05,34.1781,0.396908,14.9251,0.395988,9.44451
2007ca,64,0.01442,0.00085,0.01509,1e-05,0.01406,1e-05,34.252,0.397235,14.999,0.396317,9.44451
2006N,64,0.01446,0.00085,0.01416,8e-05,0.01416,8e-05,33.9078,0.240515,14.6548,0.238994,9.70642
2006td,64,0.0145,0.00085,0.01504,9e-05,0.01588,9e-05,34.1727,0.365029,14.9197,0.364029,9.15931
2013gq,51,0.01453,0.00085,0.01457,4e-05,0.01381,4e-05,33.7526,0.2163,14.4996,0.214608,10.8931
2004eo,5,0.0146,0.00085,0.0142,5e-05,0.01517,5e-05,33.8826,0.249316,14.6296,0.24785,9.18868
2003gt,57,0.01462,0.00085,0.01422,2e-05,0.01519,2e-05,33.9253,0.243928,14.6723,0.242429,7.0
2005bo,5,0.01463,0.00085,0.01503,3e-05,0.01389,3e-05,33.7553,0.390506,14.5023,0.389571,7.89478
2005bo,57,0.01463,0.00085,0.01503,3e-05,0.01389,3e-05,33.7189,0.39282,14.4659,0.391891,7.89478
2001fe,63,0.01467,0.00085,0.01448,1e-05,0.01351,1e-05,33.8916,0.240694,14.6386,0.239175,9.95617
2013fa,51,0.01472,0.00085,0.01429,4e-05,0.0153,4e-05,33.7894,0.397352,14.5364,0.396434,8.70972
2000dm,57,0.01484,0.00085,0.01472,1e-05,0.0151,1e-05,34.0109,0.270222,14.7579,0.268869,7.0
PSNJ2043531,150,0.01492,0.00085,0.01449,2e-05,0.01549,2e-05,34.1902,0.372674,14.9372,0.371694,7.58761
2011df,51,0.01493,0.00085,0.01402,2e-05,0.01454,2e-05,33.8524,0.277558,14.5994,0.276241,9.78368
2005el,57,0.01499,0.00086,0.01483,0.00012,0.01484,0.00012,33.974,0.229564,14.721,0.227971,8.06485
2005el,64,0.01499,0.00086,0.01483,0.00012,0.01484,0.00012,33.9261,0.231708,14.6731,0.23013,8.06485
2001cn,50,0.01515,0.00086,0.01509,0.00013,0.01515,0.00013,33.8877,0.294985,14.6347,0.293747,10.0603
2005de,57,0.01519,0.00085,0.01495,6e-05,0.01526,6e-05,34.1793,0.26677,14.9263,0.2654,7.0
SN2017jl,150,0.01525,0.00096,0.01529,0.00044,0.01633,0.00044,33.7706,0.30219,14.5176,0.300982,8.7366
ASASSN-16ad,150,0.01529,0.00085,0.01522,1e-05,0.01613,1e-05,34.0334,0.344305,14.7804,0.343245,8.61292
ATLAS16cxr,150,0.01542,0.00131,0.01518,0.001,0.01552,0.001,34.3426,0.372888,15.0896,0.371909,7.98113
iPTF16auf,150,0.01543,0.00085,0.01566,0.0,0.01502,0.0,34.0744,0.314862,14.8214,0.313702,9.05163
2008bc,5,0.01546,0.00086,0.01572,0.00012,0.01509,0.00012,34.0331,0.226465,14.7801,0.22485,9.92086
2011im,56,0.01549,0.00085,0.01493,1e-05,0.01616,1e-05,34.2732,0.34036,15.0202,0.339288,10.5259
1999ej,57,0.0155,0.00085,0.01534,3e-05,0.0163,3e-05,34.2581,0.272528,15.0051,0.271187,10.0866
1999ej,62,0.0155,0.00085,0.01534,3e-05,0.0163,3e-05,34.2112,0.258071,14.9582,0.256655,10.0866
2001en,57,0.0155,0.00085,0.01534,1e-05,0.01629,1e-05,33.9994,0.28632,14.7464,0.285045,9.47732
2001en,63,0.0155,0.00085,0.01534,1e-05,0.01629,1e-05,33.8852,0.313932,14.6322,0.312769,9.47732
2001V,63,0.01557,0.00124,0.01592,0.0009,0.01488,0.0009,33.7902,0.290577,14.5372,0.28932,10.9081
2001V,50,0.01557,0.00124,0.01592,0.0009,0.01488,0.0009,33.8072,0.290395,14.5542,0.289137,10.9081
2008ec,57,0.01562,0.00085,0.01506,6e-05,0.01631,6e-05,34.1732,0.264363,14.9202,0.262981,10.6407
2008ec,56,0.01562,0.00085,0.01506,6e-05,0.01631,6e-05,34.1302,0.33431,14.8772,0.333218,10.6407
2008eo,51,0.01565,0.00092,0.01539,0.00037,0.01643,0.00037,34.3317,0.278713,15.0787,0.277402,9.01416
2009nq,66,0.01576,0.00085,0.01527,1e-05,0.01649,1e-05,34.1657,0.28688,14.9127,0.285607,10.1323
2005al,5,0.01578,0.00085,0.01629,5e-05,0.01538,5e-05,33.9986,0.219937,14.7456,0.218273,10.2599
2013hn,56,0.01578,0.00085,0.01629,0.0001,0.01538,0.0001,34.0697,0.290382,14.8167,0.289124,11.5
2001bf,57,0.01581,0.00086,0.01556,0.00013,0.01587,0.00013,33.9926,0.239289,14.7396,0.237761,10.1288
2001bf,63,0.01581,0.00086,0.01556,0.00013,0.01587,0.00013,33.9004,0.218994,14.6474,0.217323,10.1288
ASASSN-15oh,150,0.01587,0.00085,0.01579,0.00011,0.01683,0.00011,34.3916,0.270341,15.1386,0.26899,10.1993
1994S,61,0.01588,0.00085,0.01619,1e-05,0.01524,1e-05,34.0287,0.224824,14.7757,0.223197,10.2053
1999aa,57,0.0159,0.00085,0.01579,1e-05,0.01497,1e-05,34.1663,0.242893,14.9133,0.241388,10.8086
1999aa,62,0.0159,0.00085,0.01579,1e-05,0.01497,1e-05,34.1323,0.209471,14.8793,0.207724,10.8086
2002cs,57,0.0159,0.00085,0.01538,3e-05,0.01584,3e-05,34.0329,0.272511,14.7799,0.27117,7.0
iPTF14bdn,56,0.01603,0.00085,0.01636,1e-05,0.01558,1e-05,34.1062,0.281582,14.8532,0.280284,7.76651
2007ss,65,0.01652,0.00085,0.01619,1e-05,0.01557,1e-05,34.4137,0.34637,15.1607,0.345316,10.31
2010kg,56,0.01652,0.00085,0.01595,1e-05,0.01614,1e-05,33.9999,0.334729,14.7469,0.333638,10.2421
2013fw,51,0.01656,0.00085,0.0157,3e-05,0.01679,3e-05,34.1608,0.218117,14.9078,0.216439,9.7636
2013Q,56,0.01657,0.00085,0.01612,1e-05,0.01727,1e-05,33.9726,0.41528,14.7196,0.414401,7.0
iPTF13dge,56,0.01662,0.00085,0.01581,1e-05,0.01586,1e-05,34.2793,0.261916,15.0263,0.260521,10.6697
2007fs,51,0.01666,0.00086,0.01633,0.00015,0.01737,0.00015,34.3408,0.198023,15.0878,0.196174,10.4452
SN2016gfr,150,0.01671,0.00086,0.0163,0.00012,0.01669,0.00012,33.8985,0.245383,14.6455,0.243894,9.56317
ASASSN-16ip,150,0.01678,0.00085,0.01632,0.0001,0.01701,0.0001,34.1679,0.246475,14.9149,0.244992,9.75333
2007A,5,0.01682,0.00085,0.01646,9e-05,0.01765,9e-05,34.4649,0.358327,15.2119,0.357309,10.123
2007A,65,0.01682,0.00085,0.01646,9e-05,0.01765,9e-05,34.5341,0.341619,15.2811,0.340551,10.123
PSNJ0107203,150,0.01682,0.00085,0.01601,4e-05,0.01701,4e-05,33.9673,0.284408,14.7143,0.283124,11.0223
1998ef,57,0.0169,0.00085,0.0161,0.0,0.01711,0.0,33.841,0.289311,14.588,0.288048,10.3088
1998ef,62,0.0169,0.00085,0.0161,0.0,0.01711,0.0,33.8975,0.264562,14.6445,0.26318,10.3088
ASASSN-15ti,150,0.01692,0.00085,0.01671,6e-05,0.01732,6e-05,34.4894,0.310314,15.2364,0.309138,8.44463
ASASSN-15od,150,0.01698,0.00085,0.01678,1e-05,0.0176,1e-05,34.3409,0.228387,15.0879,0.226785,9.51783
1996bv,61,0.01699,0.00085,0.01673,2e-05,0.01667,2e-05,34.0755,0.297815,14.8225,0.296588,10.0622
1997Y,62,0.01705,0.00085,0.01661,1e-05,0.01608,1e-05,34.1973,0.214463,14.9443,0.212756,10.0796
2001da,57,0.01718,0.00085,0.01658,1e-05,0.01782,1e-05,34.022,0.308995,14.769,0.307813,10.1168
2001da,63,0.01718,0.00085,0.01658,1e-05,0.01782,1e-05,34.2003,0.325329,14.9473,0.324206,10.1168
ASASSN-15kx,150,0.0172,0.00085,0.01697,8e-05,0.01802,8e-05,34.6084,0.219814,15.3554,0.21815,10.5578
2000dk,57,0.0173,0.00085,0.01649,0.0001,0.01749,0.0001,34.1436,0.28269,14.8906,0.281398,10.0012
2000dk,62,0.0173,0.00085,0.01649,0.0001,0.01749,0.0001,34.1517,0.257136,14.8987,0.255715,10.0012
2007fb,51,0.01733,0.00085,0.0168,1e-05,0.01803,1e-05,34.4009,0.221698,15.1479,0.220048,9.6287
2007fb,65,0.01733,0.00085,0.0168,1e-05,0.01803,1e-05,34.5101,0.231239,15.2571,0.229657,9.6287
2006ef,57,0.01734,0.00085,0.01694,0.0,0.01781,0.0,34.361,0.220285,15.108,0.218624,7.8489
2008C,5,0.01737,0.00085,0.01709,1e-05,0.01662,1e-05,34.31,0.263557,15.057,0.26217,10.0322
2008C,65,0.01737,0.00085,0.01709,1e-05,0.01662,1e-05,34.2669,0.262425,15.0139,0.261032,10.0322
2004fz,57,0.01743,0.00085,0.01646,1e-05,0.01732,1e-05,33.7799,0.330633,14.5269,0.329528,7.0
2006ax,64,0.01747,0.00086,0.01774,0.00015,0.01649,0.00015,34.3228,0.200241,15.0698,0.198413,10.997
2006ax,5,0.01747,0.00086,0.01774,0.00015,0.01649,0.00015,34.3133,0.19782,15.0603,0.195968,10.997
1998V,62,0.01752,0.00085,0.01718,2e-05,0.01758,2e-05,34.1465,0.231417,14.8935,0.229836,10.5657
2013gs,56,0.01776,0.00085,0.01748,2e-05,0.01681,2e-05,34.2221,0.320412,14.9691,0.319272,9.13025
2008L,57,0.01778,0.00085,0.01734,9e-05,0.01789,9e-05,34.3364,0.210115,15.0834,0.208373,10.7703
2008L,64,0.01778,0.00085,0.01734,9e-05,0.01789,9e-05,34.2464,0.213428,14.9934,0.211714,10.7703
2009le,5,0.01784,0.00085,0.01739,0.0001,0.01815,0.0001,34.2939,0.246602,15.0409,0.245119,10.7233
2009le,66,0.01784,0.00085,0.01739,0.0001,0.01815,0.0001,34.2418,0.22287,14.9888,0.221228,10.7233
2000dr,57,0.0179,0.00086,0.01765,0.00015,0.01867,0.00015,34.2975,0.318912,15.0445,0.317767,7.0
2007as,5,0.01802,0.00097,0.01791,0.00046,0.01757,0.00046,34.2661,0.234211,15.0131,0.232649,10.2193
1992bo,50,0.01808,0.00086,0.01805,0.00015,0.01884,0.00015,34.6078,0.20147,15.3548,0.199653,10.4023
2010ai,66,0.01826,0.00085,0.01918,4e-05,0.01826,4e-05,34.9792,0.21848,15.7262,0.216805,9.114
ASASSN-17co,150,0.01826,0.00086,0.01791,0.00015,0.01826,0.00015,34.2005,0.280568,14.9475,0.279266,10.9028
PS15coh,150,0.01839,0.00085,0.01796,7e-05,0.01884,7e-05,34.4393,0.226901,15.1863,0.225289,8.09212
2009gf,65,0.01855,0.00085,0.01925,1e-05,0.01844,1e-05,34.492,0.255362,15.239,0.25393,10.9824
2009gf,56,0.01855,0.00085,0.01925,1e-05,0.01844,1e-05,34.576,0.296243,15.323,0.29501,10.9824
2016ffh,51,0.01865,0.00085,0.01851,1e-05,0.01819,1e-05,34.6171,0.238984,15.3641,0.237454,10.1899
ATLAS16cpu,150,0.01865,0.00085,0.01851,1e-05,0.01819,1e-05,34.5716,0.239989,15.3186,0.238466,10.0079
2000cu,57,0.01866,0.00086,0.01902,0.00015,0.01957,0.00015,34.6066,0.277471,15.3536,0.276155,7.0
2011fs,51,0.01875,0.00085,0.01822,1e-05,0.01929,1e-05,34.5466,0.215514,15.2936,0.213816,10.877
2011fs,56,0.01875,0.00085,0.01822,1e-05,0.01929,1e-05,34.4866,0.321023,15.2336,0.319886,10.877
ASASSN-16cs,150,0.01905,0.00085,0.01839,1e-05,0.01802,1e-05,34.4286,0.281407,15.1756,0.280109,9.10557
2006kf,5,0.01947,0.00085,0.01955,1e-05,0.02004,1e-05,34.7747,0.195403,15.5217,0.193529,11.0165
2006kf,64,0.01947,0.00085,0.01955,1e-05,0.02004,1e-05,34.8085,0.195531,15.5555,0.193658,11.0165
2008hs,56,0.01975,0.00085,0.01835,7e-05,0.01906,7e-05,34.757,0.466611,15.504,0.46583,11.0508
2008hs,65,0.01975,0.00085,0.01835,7e-05,0.01906,7e-05,34.7394,0.433516,15.4863,0.432674,11.0508
2007au,57,0.01976,0.00085,0.01992,4e-05,0.01964,4e-05,34.6865,0.406241,15.4335,0.405343,9.23827
2016W,150,0.01995,0.00085,0.01855,7e-05,0.01925,7e-05,34.3648,0.295725,15.1118,0.29449,8.45606
2002kf,63,0.02001,0.00085,0.01948,9e-05,0.0193,9e-05,34.6854,0.204275,15.4324,0.202483,9.26363
1992bc,50,0.02006,0.00086,0.01976,0.00013,0.02017,0.00013,34.5121,0.199486,15.2591,0.197651,9.61338
2009ds,5,0.02019,0.00086,0.02033,0.00015,0.01909,0.00015,34.5072,0.233893,15.2542,0.232329,10.9264
2009ds,65,0.02019,0.00086,0.02033,0.00015,0.01909,0.00015,34.702,0.19246,15.449,0.190556,10.9264
2006ej,57,0.02023,0.00085,0.01926,1e-05,0.02038,1e-05,34.5995,0.188309,15.3465,0.186364,10.1949
2006ej,56,0.02023,0.00085,0.01926,1e-05,0.02038,1e-05,34.5012,0.295566,15.2482,0.29433,10.1949
2006ej,5,0.02023,0.00085,0.01926,1e-05,0.02038,1e-05,34.576,0.189903,15.323,0.187974,10.1949
2006ej,64,0.02023,0.00085,0.01926,1e-05,0.02038,1e-05,34.6482,0.187832,15.3952,0.185881,10.1949
2002jy,63,0.02024,0.00085,0.0187,3e-05,0.0196,3e-05,34.9988,0.187715,15.7458,0.185763,10.719
2016hpw,18,0.02034,0.00087,0.02019,0.00018,0.02117,0.00018,34.8165,0.241825,15.5635,0.240313,7.0
ATLAS16dqf,150,0.02034,0.00087,0.02019,0.00018,0.02117,0.00018,34.5749,0.375822,15.3219,0.374851,7.75897
2005ki,64,0.02035,0.00085,0.02066,1e-05,0.01946,1e-05,34.5709,0.187708,15.3179,0.185756,11.0605
2005ki,5,0.02035,0.00085,0.02066,1e-05,0.01946,1e-05,34.5656,0.177716,15.3126,0.175653,11.0605
2005ki,51,0.02035,0.00085,0.02066,1e-05,0.01946,1e-05,34.4931,0.19075,15.2401,0.188829,11.0605
ASASSN-15lg,150,0.02044,0.00085,0.02121,1e-05,0.02015,1e-05,34.6552,0.214591,15.4022,0.212886,9.66664
2001dl,57,0.02049,0.00085,0.01983,1e-05,0.02095,1e-05,35.1263,0.375783,15.8733,0.374812,7.0
PSNJ1602512,150,0.02052,0.00086,0.02039,0.00013,0.02025,0.00013,34.556,0.333904,15.303,0.33281,9.81701
2007st,5,0.02056,0.00085,0.02061,3e-05,0.02113,3e-05,34.4168,0.217156,15.1638,0.215471,10.7947
ASASSN-17bs,150,0.02056,0.00085,0.02014,2e-05,0.02039,2e-05,34.5647,0.249505,15.3117,0.24804,10.0832
2010A,66,0.02081,0.00085,0.02079,2e-05,0.02159,2e-05,34.4863,0.330445,15.2333,0.32934,9.92075
2003W,57,0.02082,0.00085,0.02087,0.0,0.01979,0.0,34.674,0.230899,15.421,0.229315,10.9327
2003W,63,0.02082,0.00085,0.02087,0.0,0.01979,0.0,34.6349,0.254511,15.3819,0.253074,10.9327
2001br,57,0.0209,0.00087,0.02046,0.0002,0.0209,0.0002,34.8118,0.300223,15.5588,0.299007,7.0
ASASSN-16lc,18,0.02096,0.00086,0.02001,9e-05,0.02033,9e-05,34.6956,0.216494,15.4426,0.214804,7.0
AT2016eoa,150,0.02106,0.00085,0.01993,7e-05,0.02109,7e-05,34.6693,0.230687,15.4163,0.229102,10.2163
ASASSN-16lg,150,0.02116,0.00086,0.02093,0.00011,0.02117,0.00011,34.375,0.203089,15.122,0.201286,10.4449
2004bw,57,0.02116,0.00087,0.02207,0.00015,0.0214,0.00015,34.8194,0.196425,15.5664,0.194561,7.0
2008Z,57,0.02118,0.00085,0.02146,1e-05,0.02062,1e-05,35.118,0.310686,15.865,0.309511,7.0
2008Z,65,0.02118,0.00085,0.02146,1e-05,0.02062,1e-05,35.2056,0.304103,15.9526,0.302902,7.0
2007bc,57,0.02131,0.00085,0.02187,1e-05,0.02075,1e-05,34.7561,0.180584,15.5031,0.178554,10.5792
2007bc,5,0.02131,0.00085,0.02187,1e-05,0.02075,1e-05,34.7344,0.177177,15.4814,0.175108,10.5792
2007bc,64,0.02131,0.00085,0.02187,1e-05,0.02075,1e-05,34.7419,0.187753,15.4889,0.185801,10.5792
SN2016ajf,150,0.02134,0.00085,0.01978,3e-05,0.02032,3e-05,34.7627,0.339971,15.5097,0.338897,11.5
2009dc,5,0.02137,0.00085,0.02179,1e-05,0.02146,1e-05,34.3468,0.19901,15.0938,0.19717,10.4214
2018fop,18,0.02151,0.00086,0.02017,9e-05,0.02121,9e-05,34.5899,0.199177,15.3369,0.197339,7.0
ASASSN-15uv,150,0.02153,0.00085,0.02104,2e-05,0.02028,2e-05,34.6114,0.393324,15.3584,0.392396,9.45815
ASASSN-18da,18,0.0217,0.00086,0.02157,9e-05,0.022,9e-05,34.7709,0.195863,15.5179,0.193993,7.0
2006et,64,0.02183,0.00086,0.0214,0.00015,0.0224,0.00015,34.7583,0.283448,15.5053,0.282159,10.1464
2006et,5,0.02183,0.00086,0.0214,0.00015,0.0224,0.00015,34.7742,0.253646,15.5212,0.252205,10.1464
1999dg,57,0.02197,0.00086,0.02263,0.00014,0.02206,0.00014,34.8589,0.246447,15.6059,0.244964,7.0
2001cp,57,0.02198,0.00085,0.02245,2e-05,0.02246,2e-05,34.9654,0.216973,15.7124,0.215286,11.1055
1995ak,61,0.02203,0.00085,0.02193,3e-05,0.02269,3e-05,34.6739,0.247785,15.4209,0.246309,10.0066
2009na,66,0.02205,0.00085,0.02209,1e-05,0.02104,1e-05,34.7477,0.199095,15.4947,0.197256,9.88571
ASASSN-18iu,18,0.02207,0.00086,0.02202,9e-05,0.0223,9e-05,34.8847,0.186029,15.6317,0.184059,7.0
ATLAS16dpb,150,0.02215,0.00085,0.02238,3e-05,0.02309,3e-05,35.0481,0.288632,15.7951,0.287366,10.8735
SNF20080514-002,57,0.02219,0.00085,0.02292,1e-05,0.02194,1e-05,35.0136,0.216159,15.7606,0.214466,7.0
2006dm,57,0.02228,0.00087,0.02161,0.00015,0.02284,0.00015,34.8059,0.18018,15.5529,0.178146,11.0056
2006dm,56,0.02228,0.00087,0.02161,0.00015,0.02284,0.00015,34.8234,0.25811,15.5704,0.256694,11.0056
2008ia,5,0.02231,0.00086,0.02257,0.0001,0.02194,0.0001,34.9245,0.169837,15.6715,0.167677,10.7732
2004bg,57,0.02234,0.00085,0.02214,3e-05,0.02103,3e-05,34.7727,0.199004,15.5197,0.197164,8.84045
2004bg,63,0.02234,0.00085,0.02214,3e-05,0.02103,3e-05,34.8704,0.204479,15.6174,0.202689,8.84045
2002cu,57,0.02236,0.00085,0.02217,4e-05,0.02252,4e-05,34.7814,0.224663,15.5284,0.223034,7.0
2006cp,64,0.02239,0.00085,0.02334,0.0,0.02229,0.0,34.7714,0.302654,15.5184,0.301448,8.32354
2006cp,57,0.02239,0.00085,0.02334,0.0,0.02229,0.0,34.8603,0.24312,15.6073,0.241616,8.32354
2000fa,57,0.0224,0.00085,0.02181,2e-05,0.02128,2e-05,34.759,0.288719,15.506,0.287454,8.26184
2000fa,62,0.0224,0.00085,0.02181,2e-05,0.02128,2e-05,34.7997,0.25527,15.5467,0.253838,8.26184
ASASSN-16bn,18,0.02241,0.00086,0.02253,8e-05,0.02317,8e-05,35.0392,0.214526,15.7862,0.21282,7.0
ASASSN-17aj,150,0.02255,0.00086,0.02253,0.00011,0.02127,0.00011,34.7306,0.243141,15.4776,0.241638,7.0
AT2017cfb,150,0.02266,0.00085,0.02382,1e-05,0.0229,1e-05,34.8438,0.220547,15.5908,0.218888,8.97146
2006bq,64,0.0227,0.00086,0.02226,0.00012,0.02271,0.00012,34.8693,0.2033,15.6163,0.201499,11.2189
2002ef,57,0.02273,0.00087,0.02224,0.00015,0.02341,0.00015,34.6849,0.358325,15.4319,0.357306,7.0
2010cr,56,0.02295,0.00085,0.02368,1e-05,0.02269,1e-05,35.2685,0.304874,16.0155,0.303676,10.1282
ASASSN-15il,150,0.02295,0.00087,0.02374,0.00015,0.02331,0.00015,34.8584,0.20127,15.6054,0.19945,9.87434
2000cn,57,0.02298,0.00085,0.0226,3e-05,0.02289,3e-05,34.9992,0.267367,15.7462,0.266,10.7339
2000cn,62,0.02298,0.00085,0.0226,3e-05,0.02289,3e-05,34.9712,0.237284,15.7182,0.235743,10.7339
2017hoq,18,0.02303,0.00086,0.0235,9e-05,0.02341,9e-05,34.985,0.19074,15.732,0.188819,7.0
2009jb,56,0.02307,0.00086,0.02324,6e-05,0.02338,6e-05,34.7666,0.340338,15.5136,0.339266,7.79338
2014ai,51,0.02313,0.00085,0.02317,4e-05,0.02233,4e-05,35.0225,0.271221,15.7695,0.269874,11.5
ASASSN-14fa,56,0.02316,0.00087,0.02262,0.00015,0.02315,0.00015,34.883,0.27497,15.63,0.273642,9.74865
2004at,57,0.02321,0.00085,0.02287,1e-05,0.02237,1e-05,34.9168,0.178524,15.6638,0.17647,7.0
PS15cku,150,0.02325,0.00086,0.02222,7e-05,0.02327,7e-05,35.0537,0.229702,15.8007,0.22811,9.13095
2007ci,57,0.02331,0.00085,0.02295,1e-05,0.02184,1e-05,34.6478,0.266962,15.3948,0.265593,10.8379
2007ci,64,0.02331,0.00085,0.02295,1e-05,0.02184,1e-05,34.4301,0.279423,15.1771,0.278115,10.8379
2009al,51,0.02342,0.00087,0.02328,0.00014,0.02207,0.00014,34.9851,0.282579,15.7321,0.281287,10.7706
2009al,5,0.02342,0.00087,0.02328,0.00014,0.02207,0.00014,35.0081,0.221692,15.7551,0.220042,10.7706
2009al,65,0.02342,0.00087,0.02328,0.00014,0.02207,0.00014,34.9783,0.225403,15.7253,0.22378,10.7706
2009cz,56,0.02343,0.00085,0.02315,1e-05,0.02227,1e-05,34.8582,0.260273,15.6052,0.258869,10.5159
2009cz,5,0.02343,0.00085,0.02315,1e-05,0.02227,1e-05,34.8582,0.170636,15.6052,0.168487,10.5159
ASASSN-15nr,150,0.02344,0.00087,0.02309,0.00018,0.0232,0.00018,34.8331,0.263771,15.5801,0.262385,9.88465
2004bk,57,0.02352,0.00085,0.02405,1e-05,0.02306,1e-05,34.8391,0.21588,15.5861,0.214185,7.0
2018enc,18,0.02354,0.00086,0.0245,9e-05,0.02389,9e-05,34.9998,0.217718,15.7468,0.216038,7.0
2007qe,57,0.02357,0.00085,0.0228,5e-05,0.02396,5e-05,35.0406,0.206572,15.7876,0.2048,8.34246
2007qe,64,0.02357,0.00085,0.0228,5e-05,0.02396,5e-05,34.9509,0.259128,15.6979,0.257717,8.34246
ATLAS17bas,150,0.02357,0.00085,0.02331,1e-05,0.02222,1e-05,34.5715,0.261746,15.3185,0.260349,8.18544
ASASSN-15tz,150,0.02365,0.00085,0.0222,3e-05,0.02286,3e-05,34.9543,0.274039,15.7013,0.272706,10.1999
2010ao,51,0.02369,0.00085,0.02422,1e-05,0.02324,1e-05,34.943,0.2098,15.69,0.208056,8.813
2006sr,64,0.02388,0.00085,0.02307,1e-05,0.02425,1e-05,34.9949,0.180801,15.7419,0.178773,10.7951
ASASSN-15jt,150,0.0239,0.00085,0.02396,1e-05,0.02306,1e-05,34.889,0.403697,15.636,0.402793,9.91542
ASASSN-16em,150,0.0239,0.00086,0.02296,9e-05,0.02302,9e-05,34.994,0.277383,15.741,0.276066,8.53565
2000ca,50,0.02391,0.00088,0.02454,0.0002,0.02361,0.0002,34.8993,0.190331,15.6463,0.188406,7.0
1998eg,62,0.02401,0.00085,0.02358,1e-05,0.02483,1e-05,35.1018,0.195014,15.8488,0.193136,10.7671
PS1-14xw,56,0.02411,0.00085,0.02436,3e-05,0.02427,3e-05,35.1049,0.31033,15.8519,0.309153,9.22547
2010gp,56,0.02411,0.00085,0.02436,3e-05,0.02427,3e-05,34.4711,0.398476,15.2181,0.39756,9.22547
2000bh,50,0.02412,0.00087,0.02421,0.00015,0.02304,0.00015,34.8782,0.224067,15.6252,0.222434,9.5093
2007F,51,0.02417,0.00085,0.0242,1e-05,0.02362,1e-05,34.9421,0.208286,15.6891,0.206529,9.63941
2007F,64,0.02417,0.00085,0.0242,1e-05,0.02362,1e-05,35.084,0.183555,15.831,0.181558,9.63941
1993H,50,0.02428,0.00086,0.0245,4e-05,0.0236,4e-05,35.1803,0.232251,15.9273,0.230676,10.4495
AT2016bln,150,0.02429,0.00085,0.02425,3e-05,0.0233,3e-05,35.0771,0.195416,15.8241,0.193541,10.4738
2006ac,57,0.02432,0.00085,0.02395,1e-05,0.02309,1e-05,34.9871,0.184147,15.7341,0.182157,11.1921
2006ac,64,0.02432,0.00085,0.02395,1e-05,0.02309,1e-05,34.953,0.198064,15.7,0.196215,11.1921
ASASSN-15sf,150,0.02432,0.00131,0.02349,0.001,0.02468,0.001,35.2317,0.235205,15.9787,0.23365,8.21725
2005bg,5,0.02434,0.00085,0.02414,1e-05,0.02303,1e-05,35.0102,0.201948,15.7572,0.200135,9.73321
2009D,5,0.02453,0.00086,0.02476,0.00012,0.0251,0.00012,35.008,0.162015,15.755,0.159749,10.1971
2009D,51,0.02453,0.00086,0.02476,0.00012,0.0251,0.00012,35.0746,0.209952,15.8216,0.208209,10.1971
2009D,65,0.02453,0.00086,0.02476,0.00012,0.0251,0.00012,34.9493,0.170871,15.6963,0.168725,10.1971
PS16ccn,150,0.02457,0.00087,0.02395,0.00016,0.02431,0.00016,35.1784,0.189112,15.9254,0.187175,7.58621
2008bf,57,0.02462,0.00131,0.02451,0.00099,0.02342,0.00099,35.1061,0.235556,15.8531,0.234003,10.3728
2008bf,5,0.02462,0.00131,0.02451,0.00099,0.02342,0.00099,35.0521,0.231261,15.7991,0.229679,10.3728
2008bf,64,0.02462,0.00131,0.02451,0.00099,0.02342,0.00099,34.8898,0.233972,15.6368,0.232409,10.3728
1994M,61,0.02464,0.00085,0.02426,1e-05,0.02308,1e-05,34.9528,0.213795,15.6998,0.212083,10.974
2004br,57,0.02464,0.00085,0.02426,1e-05,0.02308,1e-05,34.807,0.18246,15.554,0.180451,7.0
ASASSN-16hz,150,0.02466,0.00087,0.02406,0.00015,0.02531,0.00015,34.8112,0.317595,15.5582,0.316446,9.55271
2003he,57,0.02491,0.00087,0.02404,0.00015,0.02526,0.00015,35.0862,0.240547,15.8332,0.239027,7.0
2001cj,57,0.02494,0.00085,0.02491,2e-05,0.02409,2e-05,35.1973,0.228493,15.9443,0.226892,7.0
Gaia16agf,150,0.02509,0.00086,0.02553,2e-05,0.02507,2e-05,35.2152,0.268527,15.9622,0.267166,8.65931
2007cq,56,0.0251,0.00086,0.02481,8e-05,0.02604,8e-05,34.8369,0.288042,15.5839,0.286774,9.36898
2007cq,64,0.0251,0.00086,0.02481,8e-05,0.02604,8e-05,34.8482,0.181918,15.5952,0.179903,9.36898
2003it,63,0.0251,0.00085,0.02413,1e-05,0.02528,1e-05,35.079,0.205996,15.826,0.204219,10.4235
2007cq,57,0.0251,0.00086,0.02481,8e-05,0.02604,8e-05,35.009,0.176889,15.756,0.174816,9.36898
AT2017cfc,150,0.02512,0.00087,0.02499,0.00016,0.02402,0.00016,35.0276,0.190198,15.7746,0.188272,10.4655
2011dn,56,0.02513,0.00085,0.02443,2e-05,0.02527,2e-05,34.4583,0.333265,15.2053,0.332169,9.15925
2007sw,65,0.02517,0.00086,0.025,6e-05,0.02428,6e-05,34.9117,0.306484,15.6587,0.305292,8.41811
2012bh,51,0.02517,0.00086,0.025,6e-05,0.02428,6e-05,35.1989,0.238281,15.9459,0.236747,8.41938
370356,15,0.02517,0.00086,0.025,6e-05,0.02428,6e-05,35.2277,0.204374,15.9747,0.202583,8.48686
2002he,57,0.02519,0.00086,0.02469,8e-05,0.02441,8e-05,35.1139,0.15531,15.8609,0.152945,10.9809
2002he,63,0.02519,0.00086,0.02469,8e-05,0.02441,8e-05,35.1145,0.174825,15.8615,0.172727,10.9809
2018jjd,18,0.02521,0.00086,0.02547,9e-05,0.0256,9e-05,34.9842,0.185284,15.7312,0.183307,7.0
2002bf,63,0.02525,0.00085,0.02494,1e-05,0.02438,1e-05,34.9441,0.240723,15.6911,0.239204,10.3104
2002bf,50,0.02525,0.00085,0.02494,1e-05,0.02438,1e-05,34.9063,0.269066,15.6533,0.267708,10.3104
ASASSN-16bq,150,0.02534,0.00086,0.02582,1e-05,0.02493,1e-05,35.1882,0.176701,15.9352,0.174626,10.6831
PS15ahs,150,0.02534,0.00086,0.02522,4e-05,0.02551,4e-05,35.1974,0.185937,15.9444,0.183966,9.35319
PSNJ0153424,150,0.02556,0.00085,0.02474,1e-05,0.02565,1e-05,35.1828,0.233724,15.9298,0.23216,10.2733
SN2017hn,150,0.02557,0.00085,0.02492,1e-05,0.02385,1e-05,35.0621,0.190177,15.8091,0.188251,10.8634
1992ag,50,0.02585,0.00087,0.02592,0.00015,0.0249,0.00015,34.7664,0.344692,15.5134,0.343633,10.3918
SN2017ms,150,0.02591,0.00086,0.02538,1e-05,0.02448,1e-05,35.1181,0.200181,15.8651,0.198351,8.61119
PSNJ2352371,150,0.02596,0.00085,0.02525,1e-05,0.02648,1e-05,35.4014,0.200491,16.1484,0.198664,10.5389
2005M,57,0.02598,0.00086,0.02584,5e-05,0.02484,5e-05,35.2931,0.179545,16.0401,0.177503,8.67964
2005M,5,0.02598,0.00086,0.02584,5e-05,0.02484,5e-05,35.1081,0.198242,15.8551,0.196395,8.67964
2005M,64,0.02598,0.00086,0.02584,5e-05,0.02484,5e-05,34.835,0.348314,15.582,0.347266,8.67964
SN2017mf,150,0.02598,0.00086,0.02618,1e-05,0.02561,1e-05,35.3111,0.17873,16.0581,0.176679,10.508
2005mc,5,0.02626,0.00086,0.02597,1e-05,0.02515,1e-05,35.2855,0.288909,16.0325,0.287644,10.5777
2005mc,64,0.02626,0.00086,0.02597,1e-05,0.02515,1e-05,35.3429,0.323231,16.0899,0.322102,10.5777
ASASSN-15uu,150,0.02632,0.00086,0.02579,1e-05,0.02678,1e-05,35.0223,0.372346,15.7693,0.371366,9.70579
2005ms,64,0.02669,0.00086,0.02595,1e-05,0.02522,1e-05,35.308,0.179587,16.055,0.177546,8.49436
1999gp,62,0.02691,0.00086,0.02603,3e-05,0.02675,3e-05,35.2688,0.183373,16.0158,0.181374,10.9727
1999gp,57,0.02691,0.00086,0.02603,3e-05,0.02675,3e-05,35.2892,0.205883,16.0362,0.204105,10.9727
ASASSN-15mf,150,0.02695,0.00086,0.02691,1e-05,0.02604,1e-05,35.1184,0.181369,15.8654,0.179348,10.9913
ASASSN-17at,150,0.02713,0.00086,0.02643,1e-05,0.02537,1e-05,35.2513,0.18676,15.9983,0.184798,10.1022
SNF20071021-000,57,0.02714,0.00087,0.0264,0.00015,0.0276,0.00015,35.3224,0.216057,16.0694,0.214364,7.0
2013fn,56,0.0273,0.00086,0.02724,5e-05,0.02823,5e-05,35.2892,0.298907,16.0362,0.297685,7.2614
2002eb,57,0.02731,0.00091,0.02633,0.0003,0.02751,0.0003,35.2673,0.172357,16.0143,0.170229,7.0
2007co,57,0.02731,0.00086,0.02655,0.00011,0.02696,0.00011,35.3437,0.230789,16.0907,0.229204,9.81719
2007co,56,0.02731,0.00086,0.02655,0.00011,0.02696,0.00011,35.1118,0.346591,15.8588,0.345538,9.81719
2007co,64,0.02731,0.00086,0.02655,0.00011,0.02696,0.00011,35.227,0.261645,15.974,0.260248,9.81719
1992P,50,0.02736,0.00086,0.02643,1e-05,0.02531,1e-05,35.313,0.220137,16.06,0.218475,10.1744
2007su,65,0.0274,0.00086,0.0266,1e-05,0.02783,1e-05,35.3042,0.352852,16.0512,0.351818,8.47416
ASASSN-15fa,150,0.02741,0.00086,0.02721,1e-05,0.02734,1e-05,35.5236,0.225337,16.2706,0.223713,10.6915
2005na,5,0.02748,0.00086,0.02717,8e-05,0.02665,8e-05,35.113,0.172724,15.86,0.170601,8.83614
2005na,64,0.02748,0.00086,0.02717,8e-05,0.02665,8e-05,35.1538,0.186856,15.9008,0.184895,8.83614
2005na,57,0.02748,0.00086,0.02717,8e-05,0.02665,8e-05,35.1117,0.170295,15.8587,0.168141,8.83614
ASASSN-16av,150,0.02773,0.00086,0.02676,7e-05,0.02567,7e-05,35.3467,0.289875,16.0937,0.288615,10.9106
2006gj,5,0.02803,0.00086,0.0277,0.0001,0.0283,0.0001,35.7258,0.321699,16.4728,0.320564,10.9096
2010ii,51,0.02805,0.00086,0.02704,5e-05,0.02814,5e-05,35.1306,0.184771,15.8776,0.182787,7.97988
2006ev,5,0.0281,0.00086,0.02759,1e-05,0.02873,1e-05,35.6739,0.216353,16.4209,0.214662,11.3017
PSNJ0252467,150,0.02816,0.00086,0.02748,3e-05,0.02809,3e-05,35.3613,0.190628,16.1083,0.188706,7.0
2009aa,5,0.02819,0.00088,0.02827,0.00018,0.02705,0.00018,35.3174,0.173415,16.0644,0.171301,9.29935
2011hb,56,0.0282,0.00089,0.02775,0.00022,0.02901,0.00022,35.2874,0.292934,16.0344,0.291687,11.031
2005eq,57,0.02823,0.00086,0.02831,1e-05,0.02893,1e-05,35.5061,0.163093,16.2531,0.160842,10.3697
2005eq,5,0.02823,0.00086,0.02831,1e-05,0.02893,1e-05,35.5563,0.160218,16.3033,0.157926,10.3697
2005eq,64,0.02823,0.00086,0.02831,1e-05,0.02893,1e-05,35.558,0.160985,16.305,0.158705,10.3697
2003U,63,0.02833,0.00086,0.02794,0.0,0.0281,0.0,35.2665,0.177545,16.0135,0.17548,10.2925
2009ad,65,0.02844,0.00086,0.02834,0.0,0.0284,0.0,35.372,0.160301,16.119,0.158011,10.4871
2009ad,5,0.02844,0.00086,0.02834,0.0,0.0284,0.0,35.3421,0.156527,16.0891,0.15418,10.4871
2002el,57,0.02849,0.00087,0.02778,0.00015,0.02873,0.00015,35.1049,0.181734,15.8519,0.179717,7.0
2008ar,57,0.02849,0.00086,0.02732,1e-05,0.02617,1e-05,35.4368,0.180322,16.1838,0.178289,9.98914
2008ar,5,0.02849,0.00086,0.02732,1e-05,0.02617,1e-05,35.2913,0.178243,16.0383,0.176186,9.98914
2008ar,65,0.02849,0.00086,0.02732,1e-05,0.02617,1e-05,35.359,0.180243,16.106,0.178209,9.98914
AT2017ns,150,0.02849,0.00094,0.02802,0.0004,0.02877,0.0004,35.1963,0.366604,15.9433,0.365609,9.90071
2004gs,5,0.02857,0.00086,0.02829,1e-05,0.0274,1e-05,35.5996,0.235009,16.3466,0.233453,10.7301
SN2017ckx,150,0.02858,0.00086,0.02779,0.0,0.02716,0.0,35.6596,0.251383,16.4066,0.249928,10.2137
2007is,65,0.02866,0.00086,0.02953,1e-05,0.02953,1e-05,35.3449,0.211378,16.0919,0.209647,10.7887
2013bs,51,0.02866,0.00087,0.02859,0.00012,0.02871,0.00012,35.4105,0.201911,16.1575,0.200097,10.8022
1998ab,62,0.02873,0.00086,0.02806,1e-05,0.02731,1e-05,34.9487,0.227749,15.6957,0.226143,10.3527
1993ah,50,0.02888,0.00088,0.02828,0.00021,0.0293,0.00021,35.2763,0.655117,16.0233,0.65456,10.5245
2006qo,64,0.02898,0.00086,0.02871,8e-05,0.02837,8e-05,35.4779,0.275376,16.2249,0.274049,11.1792
ASASSN-15la,150,0.02902,0.00086,0.02845,1e-05,0.02782,1e-05,35.0558,0.218663,15.8028,0.21699,10.5989
1996C,61,0.02913,0.00086,0.02875,2e-05,0.02823,2e-05,35.5152,0.250819,16.2622,0.249362,9.36646
PS16cvc,150,0.02915,0.00086,0.02844,9e-05,0.02954,9e-05,35.6948,0.183345,16.4418,0.181346,7.95752
ASASSN-15fs,150,0.02917,0.00086,0.0285,5e-05,0.02902,5e-05,35.2391,0.185823,15.9861,0.183851,10.0517
2003ch,63,0.02919,0.00087,0.02895,0.00012,0.02833,0.00012,35.6024,0.169987,16.3494,0.167829,11.2701
ASASSN-16ay,150,0.02938,0.00086,0.02895,1e-05,0.02835,1e-05,35.6222,0.299966,16.3692,0.298748,10.3341
PSNJ0859349,150,0.02938,0.00086,0.02874,1e-05,0.02812,1e-05,35.472,0.225755,16.219,0.224134,10.2177
ASASSN-16fs,150,0.02944,0.00086,0.0299,1e-05,0.0292,1e-05,35.2761,0.180915,16.0231,0.178889,11.2163
LSQ12gdj,56,0.02947,0.00086,0.02886,0.0001,0.02991,0.0001,35.0939,0.272694,15.8409,0.271354,8.87386
2000cw,57,0.02949,0.00086,0.02896,1e-05,0.03013,1e-05,35.6079,0.224233,16.3549,0.222602,7.0
2002de,57,0.0295,0.00086,0.0305,1e-05,0.03034,1e-05,35.3638,0.283742,16.1108,0.282455,9.07466
ASASSN-16aj,150,0.02953,0.00086,0.03053,8e-05,0.03075,8e-05,35.4654,0.177866,16.2124,0.175805,10.9323
ASASSN-16br,150,0.02956,0.00087,0.029,0.00015,0.02852,0.00015,35.5064,0.190895,16.2534,0.188976,9.6179
AT2017zd,150,0.02969,0.00087,0.03048,0.00015,0.02947,0.00015,35.2781,0.194122,16.0251,0.192235,9.91749
ASASSN-16hh,18,0.02978,0.00086,0.02935,9e-05,0.03026,9e-05,35.5015,0.190369,16.2485,0.188445,7.0
ATLAS17ajn,150,0.02978,0.00086,0.02988,3e-05,0.02871,3e-05,35.5116,0.190788,16.2586,0.188868,10.6465
Gaia16bba,150,0.0299,0.00086,0.02934,9e-05,0.03046,9e-05,35.4354,0.185335,16.1824,0.183358,7.97207
1997dg,62,0.02996,0.00086,0.02962,5e-05,0.03081,5e-05,35.861,0.192522,16.608,0.19062,8.80558
2004ef,57,0.03012,0.00086,0.02978,2e-05,0.03101,2e-05,35.5195,0.196088,16.2665,0.19422,10.3255
2004ef,5,0.03012,0.00086,0.02978,2e-05,0.03101,2e-05,35.4838,0.199296,16.2308,0.197459,10.3255
2004ef,64,0.03012,0.00086,0.02978,2e-05,0.03101,2e-05,35.4761,0.233488,16.2231,0.231922,10.3255
ASASSN-15nq,150,0.03023,0.00086,0.03025,1e-05,0.03036,1e-05,35.5185,0.166012,16.2655,0.163802,10.6826
AT2017lm,150,0.03031,0.00086,0.03002,6e-05,0.03064,6e-05,35.5542,0.216273,16.3012,0.214581,9.52589
ASASSN-16fo,150,0.03036,0.00088,0.02994,0.00021,0.0289,0.00021,35.4803,0.173804,16.2273,0.171694,10.0329
ASASSN-16es,18,0.03047,0.00086,0.02973,9e-05,0.0285,9e-05,35.5345,0.258248,16.2815,0.256833,7.0
AT2016cyt,150,0.03059,0.00086,0.02965,9e-05,0.03074,9e-05,35.3586,0.164518,16.1056,0.162287,10.685
2013fy,56,0.03075,0.00087,0.03099,0.00015,0.03167,0.00015,35.3522,0.343157,16.0992,0.342093,10.7658
ASASSN-15uw,150,0.03076,0.00087,0.03004,0.00015,0.03081,0.00015,35.6084,0.212671,16.3554,0.21095,10.3471
ASASSN-16hr,150,0.03083,0.00086,0.0298,1e-05,0.03086,1e-05,35.4648,0.278746,16.2118,0.277436,9.46113
PS15cwx,150,0.03086,0.00087,0.03007,0.00011,0.03007,0.00011,35.4164,0.184841,16.1634,0.182859,10.0401
1990O,50,0.03091,0.00087,0.03093,0.0001,0.03099,0.0001,35.4926,0.166476,16.2396,0.164272,10.4738
2001ba,50,0.03096,0.00087,0.03136,0.00015,0.03022,0.00015,35.6481,0.206672,16.3951,0.204901,10.7576
2009eu,51,0.03108,0.00178,0.03072,0.00155,0.03063,0.00155,35.9224,0.399302,16.6694,0.398388,11.5
2009fv,51,0.03108,0.00086,0.03072,1e-05,0.03065,1e-05,35.406,0.332119,16.153,0.33102,11.4959
2009fv,65,0.03108,0.00086,0.03072,1e-05,0.03065,1e-05,35.3374,0.375292,16.0844,0.37432,11.4959
SNF20080909-030,57,0.0311,0.00086,0.03013,5e-05,0.03134,5e-05,35.565,0.183722,16.312,0.181727,7.0
2008gg,51,0.03114,0.00087,0.03107,0.00015,0.03203,0.00015,35.67,0.236835,16.417,0.235291,10.9334
2008gg,5,0.03114,0.00087,0.03107,0.00015,0.03203,0.00015,35.5409,0.184896,16.2879,0.182914,10.9334
1999cc,62,0.03116,0.00086,0.03132,1e-05,0.03111,1e-05,35.5877,0.169094,16.3347,0.166924,11.2896
AT2017wb,150,0.03117,0.00086,0.03093,8e-05,0.03065,8e-05,35.5304,0.283582,16.2774,0.282294,9.28082
MASTEROTJ08,150,0.03118,0.00087,0.03156,0.00015,0.03059,0.00015,35.6675,0.174531,16.4145,0.17243,10.638
2007bd,51,0.0312,0.00087,0.03141,0.0001,0.03044,0.0001,35.4957,0.175954,16.2427,0.17387,10.4344
2007bd,5,0.0312,0.00087,0.03141,0.0001,0.03044,0.0001,35.5793,0.14868,16.3263,0.146208,10.4344
2007bd,64,0.0312,0.00087,0.03141,0.0001,0.03044,0.0001,35.4841,0.153803,16.2311,0.151414,10.4344
2006bt,57,0.03121,0.00086,0.03241,1e-05,0.03208,1e-05,35.772,0.224228,16.519,0.222596,10.8988
2006bt,5,0.03121,0.00086,0.03241,1e-05,0.03208,1e-05,35.7428,0.226764,16.4898,0.225151,10.8988
2006bt,64,0.03121,0.00086,0.03241,1e-05,0.03208,1e-05,35.7867,0.216659,16.5337,0.21497,10.8988
2006bw,64,0.03132,0.00086,0.03075,2e-05,0.02996,2e-05,35.6231,0.320886,16.3701,0.319748,11.5
ASASSN-15hg,150,0.03143,0.00086,0.03107,1e-05,0.02992,1e-05,35.6461,0.196214,16.3931,0.194347,10.2789
ATLAS17axb,150,0.03143,0.00087,0.03264,0.0001,0.03165,0.0001,35.5602,0.185563,16.3072,0.183588,9.60754
2010gn,56,0.03147,0.00086,0.03123,6e-05,0.03136,6e-05,35.9119,0.273901,16.6589,0.272567,8.98332
CSS160428,150,0.03148,0.00087,0.03081,0.00015,0.03029,0.00015,35.7017,0.164289,16.4487,0.162055,10.078
2000dn,57,0.03148,0.00089,0.03081,0.00022,0.03207,0.00022,35.707,0.22057,16.454,0.218912,7.0
2006en,57,0.03162,0.00086,0.03081,1e-05,0.03198,1e-05,35.6474,0.19424,16.3944,0.192354,10.183
2006en,64,0.03162,0.00086,0.03081,1e-05,0.03198,1e-05,35.6847,0.188076,16.4317,0.186128,10.183
2008bq,5,0.03166,0.00087,0.03279,0.00014,0.03232,0.00014,35.7279,0.17805,16.4749,0.175991,10.9133
ASASSN-16oz,150,0.03192,0.00218,0.03207,0.002,0.031,0.002,35.4592,0.276064,16.2062,0.274741,8.01111
2006az,64,0.03201,0.00086,0.03158,1e-05,0.03103,1e-05,35.4896,0.148675,16.2366,0.146203,11.1124
010026,15,0.03236,0.00086,0.03174,3e-05,0.03123,3e-05,35.6746,0.20211,16.4216,0.200299,9.61222
AT2017po,150,0.03255,0.00086,0.03201,1e-05,0.03183,1e-05,35.576,0.196814,16.323,0.194953,8.98827
2007ai,5,0.0326,0.00087,0.03212,0.00015,0.03176,0.00015,35.8562,0.258808,16.6032,0.257396,10.7402
2007ai,64,0.0326,0.00087,0.03212,0.00015,0.03176,0.00015,35.8577,0.294619,16.6047,0.293379,10.7402
2007ux,5,0.03264,0.00086,0.03183,1e-05,0.0307,1e-05,35.8808,0.19004,16.6278,0.188113,10.0948
2007ux,65,0.03264,0.00086,0.03183,1e-05,0.0307,1e-05,35.6656,0.274525,16.4126,0.273194,10.0948
ASASSN-15pr,150,0.03264,0.00087,0.03189,0.00015,0.03309,0.00015,35.9082,0.198168,16.6552,0.19632,9.55707
2008gl,65,0.03272,0.00088,0.03246,0.00016,0.03354,0.00016,35.6638,0.156049,16.4108,0.153695,11.1311
2008gl,51,0.03272,0.00088,0.03246,0.00016,0.03354,0.00016,35.6366,0.169859,16.3836,0.167699,11.1311
2008gl,5,0.03272,0.00088,0.03246,0.00016,0.03354,0.00016,35.6431,0.148421,16.3901,0.145945,11.1311
SN2016hpx,150,0.03282,0.00098,0.0337,0.00046,0.03338,0.00046,35.6329,0.204026,16.3799,0.202232,9.09468
SN2017cii,150,0.03289,0.00086,0.03337,1e-05,0.03323,1e-05,35.8381,0.178659,16.5851,0.176607,8.8988
2006te,64,0.0329,0.00086,0.03212,1e-05,0.03155,1e-05,35.7248,0.15355,16.4718,0.151157,10.4808
2006os,5,0.03294,0.00088,0.03212,0.00019,0.03285,0.00019,35.7992,0.326022,16.5462,0.324902,10.8407
2004as,57,0.03296,0.00086,0.0325,1e-05,0.03139,1e-05,35.7324,0.22019,16.4794,0.218528,8.76504
2004as,63,0.03296,0.00086,0.0325,1e-05,0.03139,1e-05,35.8907,0.225741,16.6377,0.22412,8.76504
ASASSN-16bc,150,0.03298,0.00087,0.03314,0.00015,0.03194,0.00015,35.6164,0.168015,16.3634,0.165831,10.3011
2008gp,5,0.03333,0.00088,0.03245,0.0002,0.03303,0.0002,35.6643,0.150947,16.4113,0.148513,10.4696
2008gp,51,0.03333,0.00088,0.03245,0.0002,0.03303,0.0002,35.7268,0.162633,16.4738,0.160376,10.4696
2010ag,66,0.03335,0.00086,0.03336,2e-05,0.0334,2e-05,35.8159,0.198961,16.5629,0.19712,10.6105
2005iq,64,0.03341,0.00087,0.03292,0.00012,0.03404,0.00012,35.8647,0.150987,16.6117,0.148553,10.49
2005iq,5,0.03341,0.00087,0.03292,0.00012,0.03404,0.00012,35.8516,0.143619,16.5986,0.141058,10.49
PS15bsq,150,0.03371,0.00086,0.03309,2e-05,0.0343,2e-05,35.7797,0.159699,16.5267,0.1574,10.9397
2004L,63,0.03373,0.00086,0.03344,1e-05,0.03229,1e-05,35.829,0.273673,16.576,0.272338,10.1437
2003gn,57,0.03375,0.00086,0.03316,2e-05,0.03438,2e-05,36.0229,0.243018,16.7699,0.241513,7.0
2003cq,63,0.03378,0.00086,0.03323,2e-05,0.03275,2e-05,35.8276,0.259126,16.5746,0.257715,10.4839
2006S,64,0.03393,0.00086,0.0331,1e-05,0.03224,1e-05,35.9089,0.177213,16.6559,0.175145,10.2024
2011dl,51,0.03403,0.00086,0.03432,1e-05,0.0341,1e-05,35.7587,0.312966,16.5057,0.311799,9.08368
2006gr,57,0.03428,0.00086,0.03352,1e-05,0.03467,1e-05,35.9188,0.207416,16.6658,0.205651,10.0957
2006gr,64,0.03428,0.00086,0.03352,1e-05,0.03467,1e-05,35.9378,0.211316,16.6848,0.209584,10.0957
ASASSN-16dw,150,0.03437,0.00088,0.03565,0.00015,0.03466,0.00015,35.7837,0.217075,16.5307,0.215389,10.1423
2007ba,5,0.03441,0.00086,0.03533,1e-05,0.03474,1e-05,35.825,0.340606,16.572,0.339534,11.1077
ATLAS17ajs,150,0.03451,0.00086,0.0337,1e-05,0.03265,1e-05,35.9757,0.358083,16.7227,0.357064,9.50928
1996bl,61,0.03459,0.00087,0.03481,9e-05,0.036,9e-05,35.7348,0.155656,16.4818,0.153296,10.1459
2003kc,63,0.03479,0.00086,0.0341,1e-05,0.03316,1e-05,35.8566,0.205773,16.6036,0.203994,10.3635
2003iv,63,0.03491,0.00088,0.03351,0.00016,0.03426,0.00016,35.9118,0.165632,16.6588,0.163417,10.8038
ASASSN-15jl,150,0.03512,0.00086,0.03492,1e-05,0.03468,1e-05,35.8816,0.169326,16.6286,0.167159,8.79586
1992bg,50,0.03515,0.00088,0.03574,0.00015,0.03525,0.00015,35.8937,0.211664,16.6407,0.209934,10.4968
2005eu,57,0.03516,0.00507,0.03369,0.005,0.03449,0.005,35.8012,0.48333,16.5482,0.482576,8.86794
2005eu,64,0.03516,0.00507,0.03369,0.005,0.03449,0.005,35.8038,0.482057,16.5508,0.4813,8.86794
2008at,65,0.03522,0.00088,0.03497,0.00016,0.03472,0.00016,35.8349,0.334212,16.5819,0.33312,11.3036
ASASSN-15tg,150,0.03529,0.00086,0.03445,6e-05,0.03561,6e-05,35.861,0.1686,16.608,0.166424,10.227
2007hu,65,0.03551,0.00086,0.03518,1e-05,0.03518,1e-05,35.9905,0.374822,16.7375,0.373848,11.2439
PTSS-16efw,150,0.03568,0.00086,0.03542,2e-05,0.03557,2e-05,36.234,0.188455,16.981,0.186511,9.96056
2016fbk,51,0.03576,0.00086,0.03495,1e-05,0.03587,1e-05,35.9591,0.225173,16.7061,0.223548,10.765
AT2016fbk,150,0.03576,0.00086,0.03495,1e-05,0.03587,1e-05,36.1545,0.230318,16.9015,0.22873,10.7289
1994T,61,0.03583,0.00086,0.03564,1e-05,0.03457,1e-05,35.9325,0.204232,16.6795,0.202439,10.2173
ASASSN-15mi,150,0.03585,0.00086,0.03501,0.0,0.03442,0.0,35.5515,0.204326,16.2985,0.202534,9.51083
ASASSN-15ss,150,0.03599,0.00087,0.03592,0.00012,0.03556,0.00012,35.9909,0.187185,16.7379,0.185228,10.7564
2001ck,57,0.03616,0.00093,0.03544,0.00036,0.03483,0.00036,35.8586,0.223482,16.6056,0.221845,7.0
PS15bbn,150,0.03624,0.00087,0.03602,0.00012,0.0371,0.00012,36.1845,0.187245,16.9315,0.185288,7.94021
ASASSN-15lu,150,0.03635,0.00086,0.03577,1e-05,0.03505,1e-05,36.0035,0.185251,16.7505,0.183273,9.65851
2008hj,5,0.03682,0.00088,0.03643,0.00015,0.03761,0.00015,35.9282,0.1566,16.6752,0.154255,9.9461
2008hj,65,0.03682,0.00088,0.03643,0.00015,0.03761,0.00015,35.8836,0.185109,16.6306,0.183129,9.9461
2000dg,57,0.03697,0.00087,0.03725,2e-05,0.03849,2e-05,36.0748,0.289284,16.8218,0.288021,7.0
2002G,57,0.03702,0.00086,0.03631,1e-05,0.03548,1e-05,35.8056,0.308166,16.5526,0.306981,10.5613
2002G,63,0.03702,0.00086,0.03631,1e-05,0.03548,1e-05,35.9287,0.318471,16.6757,0.317324,10.5613
2006mo,64,0.03702,0.00088,0.03616,0.00016,0.03719,0.00016,36.0695,0.175025,16.8165,0.17293,10.793
2008ei,57,0.03702,0.001,0.03654,0.0005,0.03766,0.0005,36.08,0.336812,16.827,0.335728,7.0
2002hu,63,0.03705,0.00132,0.03591,0.001,0.0367,0.001,35.9637,0.166565,16.7107,0.164362,10.099
2000cf,62,0.03707,0.00087,0.03646,7e-05,0.03642,7e-05,36.0475,0.166339,16.7945,0.164133,9.49238
2001eh,57,0.03725,0.00088,0.03627,0.00016,0.03713,0.00016,36.0067,0.135213,16.7537,0.13249,11.1794
2001eh,63,0.03725,0.00088,0.03627,0.00016,0.03713,0.00016,35.9927,0.149174,16.7397,0.146711,11.1794
ASASSN-16db,150,0.0373,0.00086,0.03589,1e-05,0.03486,1e-05,35.8698,0.18969,16.6168,0.187759,10.678
AT2016hns,150,0.0374,0.00087,0.03704,6e-05,0.03817,6e-05,35.9789,0.163683,16.7259,0.16144,10.4701
ASASSN-15bc,150,0.03753,0.00087,0.03639,0.0001,0.03672,0.0001,35.949,0.262609,16.696,0.261217,8.86694
2007jg,51,0.03756,0.00086,0.03652,1e-05,0.03707,1e-05,36.3333,0.171248,17.0803,0.169106,8.21426
2007jg,5,0.03756,0.00086,0.03652,1e-05,0.03707,1e-05,36.2185,0.171341,16.9655,0.169201,8.21426
AT2016cvw,150,0.03787,0.00087,0.03761,9e-05,0.03888,9e-05,36.0063,0.206656,16.7533,0.204884,10.8943
2002eu,57,0.0379,0.00093,0.03672,0.00033,0.03763,0.00033,36.0624,0.163008,16.8094,0.160756,10.5735
2008gb,65,0.03796,0.00087,0.03641,9e-05,0.037,9e-05,36.0889,0.198876,16.8359,0.197034,9.17934
2007O,57,0.03818,0.00087,0.03732,1e-05,0.03694,1e-05,35.8938,0.151724,16.6408,0.149302,10.8351
2007O,64,0.03818,0.00087,0.03732,1e-05,0.03694,1e-05,35.8617,0.152703,16.6087,0.150297,10.8351
2008fr,65,0.03828,0.00218,0.0379,0.002,0.039,0.002,36.1141,0.236153,16.8611,0.234604,8.07746
SN2017ciy,150,0.03834,0.00136,0.03762,0.00105,0.03765,0.00105,36.5177,0.245806,17.2647,0.244319,9.7066
2008O,5,0.03847,0.00088,0.0394,0.00014,0.03889,0.00014,36.2254,0.311188,16.9724,0.310014,11.4466
2009bv,65,0.03848,0.00087,0.03748,6e-05,0.03667,6e-05,36.2564,0.149974,17.0034,0.147524,10.123
2008051,65,0.03873,0.00087,0.03835,6e-05,0.03777,6e-05,36.0125,0.17035,16.7595,0.168197,8.26419
ASASSN-15np,150,0.03884,0.00087,0.03832,5e-05,0.03768,5e-05,36.026,0.219507,16.773,0.21784,10.1408
2010dw,66,0.03902,0.00088,0.03871,0.00015,0.03812,0.00015,36.0125,0.204712,16.7595,0.202924,10.008
ASASSN-15pn,150,0.03909,0.00087,0.038,0.0,0.03836,0.0,36.1962,0.220822,16.9432,0.219165,9.1308
1999aw,50,0.0391,0.00132,0.03928,0.001,0.038,0.001,36.2125,0.18352,16.9595,0.181523,9.41836
2008dr,57,0.04014,0.00087,0.03996,1e-05,0.04119,1e-05,36.284,0.147901,17.031,0.145415,11.3888
PS15cze,150,0.04035,0.00087,0.03891,2e-05,0.03937,2e-05,36.5486,0.234635,17.2956,0.233076,10.4136
2003fa,57,0.04056,0.00088,0.04015,0.00012,0.04039,0.00012,36.0167,0.143473,16.7637,0.14091,10.3091
2003fa,63,0.04056,0.00088,0.04015,0.00012,0.04039,0.00012,36.0818,0.14498,16.8288,0.142444,10.3091
SN2016glz,150,0.04077,0.00087,0.03975,7e-05,0.04099,7e-05,35.9918,0.210464,16.7388,0.208725,9.40195
PS16axi,150,0.04089,0.00087,0.04056,1e-05,0.0393,1e-05,36.1263,0.168835,16.8733,0.166662,10.1805
SN2017coa,150,0.04095,0.00312,0.04045,0.003,0.04,0.003,36.4104,0.307187,17.1574,0.305998,8.76499
2009do,65,0.04099,0.00087,0.04027,1e-05,0.03964,1e-05,36.0403,0.147245,16.7873,0.144749,10.4649
2001az,63,0.04101,0.00087,0.04059,9e-05,0.04069,9e-05,36.3153,0.150794,17.0623,0.148357,10.239
2007jh,5,0.04167,0.00087,0.04023,1e-05,0.04075,1e-05,36.5601,0.280122,17.3071,0.278818,10.84
1992bl,50,0.04222,0.00089,0.0428,0.00018,0.04359,0.00018,36.2101,0.208042,16.9571,0.206282,10.8343
2014bj,51,0.04258,0.00507,0.04239,0.005,0.043,0.005,36.5106,0.426487,17.2576,0.425631,7.87303
2006cf,64,0.04268,0.00087,0.04223,1e-05,0.04146,1e-05,36.2931,0.151018,17.0401,0.148584,10.9479
2006cz,64,0.04268,0.0009,0.04251,0.00021,0.04175,0.00021,35.9138,0.29449,16.6608,0.29325,10.8544
2007kk,51,0.04285,0.00088,0.0413,0.00016,0.04177,0.00016,36.2521,0.175538,16.9991,0.17345,10.8891
2007kk,65,0.04285,0.00088,0.0413,0.00016,0.04177,0.00016,36.2071,0.166515,16.9541,0.164312,10.8891
AT2016htm,150,0.04289,0.00088,0.04265,0.00015,0.04332,0.00015,36.2018,0.162522,16.9488,0.160264,9.40838
ASASSN-16ct,150,0.04306,0.00087,0.04252,4e-05,0.04191,4e-05,36.2457,0.207056,16.9927,0.205288,8.98925
SN2016ayg,150,0.04349,0.00088,0.04328,0.00012,0.04269,0.00012,36.4165,0.166064,17.1635,0.163855,8.05522
2007nq,5,0.04349,0.00087,0.04275,6e-05,0.04389,6e-05,36.2137,0.152187,16.9607,0.149773,11.1165
2007nq,65,0.04349,0.00087,0.04275,6e-05,0.04389,6e-05,36.2882,0.166626,17.0352,0.164424,11.1165
MASTERJ0134,150,0.04369,0.00087,0.04391,4e-05,0.04485,4e-05,36.2594,0.177777,17.0064,0.175714,9.19675
ASASSN-15mg,150,0.04408,0.00087,0.04307,1e-05,0.04277,1e-05,36.3298,0.181208,17.0768,0.179185,9.84386
AT2016cvv,150,0.04438,0.00096,0.04404,0.0004,0.04457,0.0004,36.5469,0.231201,17.2939,0.229619,11.4594
2005ku,5,0.04439,0.00087,0.04397,1e-05,0.04525,1e-05,36.2916,0.249078,17.0386,0.247611,9.64568
1992bh,50,0.0444,0.00218,0.0451,0.002,0.045,0.002,36.551,0.270525,17.298,0.269174,10.1363
2006gt,5,0.04464,0.00087,0.04366,2e-05,0.0448,2e-05,36.5114,0.286272,17.2584,0.284996,9.98853
2006hx,5,0.04487,0.00087,0.04429,1e-05,0.04539,1e-05,36.4565,0.162334,17.2035,0.160073,10.1086
PS16cqa,150,0.04521,0.00087,0.04433,1e-05,0.04385,1e-05,36.6866,0.304921,17.4336,0.303723,10.6243
PSNJ1204051,150,0.04545,0.00087,0.04502,1e-05,0.04385,1e-05,36.4541,0.196266,17.2011,0.1944,10.0939
2005hc,64,0.04575,0.00087,0.04496,2e-05,0.04592,2e-05,36.4634,0.173532,17.2104,0.171419,7.0
2005hc,5,0.04575,0.00087,0.04496,2e-05,0.04592,2e-05,36.5139,0.151933,17.2609,0.149515,7.0
SN2016esh,150,0.04583,0.00087,0.04488,3e-05,0.04457,3e-05,36.1579,0.182756,16.9049,0.180751,9.49048
PS17tn,150,0.0459,0.00087,0.04549,1e-05,0.0447,1e-05,36.3811,0.196005,17.1281,0.194137,10.2394
2008050,65,0.04625,0.0009,0.04627,0.0002,0.04526,0.0002,36.2636,0.218105,17.0106,0.216428,9.02736
AT2016ews,150,0.04631,0.00087,0.04612,1e-05,0.04555,1e-05,36.5394,0.159223,17.2864,0.156917,10.3881
2005lz,64,0.04643,0.00088,0.04541,0.00014,0.04624,0.00014,36.3247,0.195021,17.0717,0.193143,11.0342
360156,15,0.04656,0.00087,0.04673,1e-05,0.04551,1e-05,36.5081,0.209562,17.2551,0.207815,9.8038
2004gu,5,0.04664,0.00087,0.0467,2e-05,0.04558,2e-05,36.4713,0.19409,17.2183,0.192203,10.026
2008cf,5,0.04682,0.00088,0.04692,9e-05,0.04603,9e-05,36.4786,0.148197,17.2256,0.145717,8.91208
2008cf,65,0.04682,0.00088,0.04692,9e-05,0.04603,9e-05,36.4857,0.182928,17.2327,0.180924,8.91208
AT2017yk,150,0.04691,0.00089,0.04764,0.00015,0.04644,0.00015,36.7582,0.280677,17.5052,0.279376,10.0803
2016afk,150,0.04738,0.00087,0.04677,1e-05,0.0456,1e-05,36.5642,0.229149,17.3112,0.227553,9.44086
PS16fa,150,0.0476,0.00087,0.04734,1e-05,0.04611,1e-05,36.6009,0.161688,17.3479,0.159417,10.2881
PS15aii,150,0.04777,0.00087,0.04768,1e-05,0.04655,1e-05,36.5946,0.145385,17.3416,0.142856,10.3823
PS17akj,150,0.04777,0.00087,0.0478,1e-05,0.04681,1e-05,36.5627,0.208806,17.3097,0.207053,8.85712
ATLAS16agv,150,0.04819,0.00089,0.04777,0.00017,0.04779,0.00017,36.4976,0.165873,17.2446,0.16366,9.10622
ASASSN-15pm,150,0.04837,0.00089,0.04777,0.00015,0.04879,0.00015,36.3735,0.154741,17.1205,0.152367,10.292
1995ac,61,0.0486,0.00087,0.04867,2e-05,0.0499,2e-05,36.3303,0.135835,17.0773,0.133124,10.3844
AT2016gmg,150,0.04865,0.00088,0.04839,0.00011,0.04944,0.00011,36.641,0.181462,17.388,0.179443,10.9955
1990af,50,0.04934,0.00089,0.05018,0.00015,0.05057,0.00015,36.5997,0.202684,17.3467,0.200877,11.2421
PS16el,150,0.0494,0.00087,0.04896,1e-05,0.0478,1e-05,36.4691,0.176995,17.2161,0.174923,9.98418
2006cq,64,0.04944,0.00088,0.04928,2e-05,0.04844,2e-05,36.5828,0.168097,17.3298,0.165914,10.6551
1993ag,50,0.04985,0.00089,0.05019,0.00015,0.04909,0.00015,36.6402,0.244395,17.3872,0.242899,10.7191
PS15asb,150,0.04989,0.00094,0.04952,0.00033,0.04863,0.00033,36.4714,0.18553,17.2184,0.183555,10.2884
1998dx,62,0.05018,0.00088,0.0498,4e-05,0.05014,4e-05,36.5693,0.155812,17.3163,0.153455,11.2793
PS16dnp,150,0.05023,0.00088,0.04998,3e-05,0.05127,3e-05,36.8583,0.163226,17.6053,0.160978,8.04941
2007kh,65,0.05032,0.00508,0.04944,0.005,0.05,0.005,36.5403,0.453411,17.2873,0.452607,9.56783
ASASSN-17eb,150,0.05044,0.00088,0.0497,1e-05,0.04924,1e-05,36.4621,0.201896,17.2091,0.200082,10.8378
PS15brr,150,0.05049,0.00088,0.05063,9e-05,0.0518,9e-05,36.5461,0.190961,17.2931,0.189043,9.68818
2008hu,5,0.05052,0.00089,0.05071,0.00014,0.04981,0.00014,36.7036,0.133364,17.4506,0.130602,11.5
AT2016cor,150,0.05066,0.00088,0.04995,3e-05,0.04954,3e-05,36.8523,0.302557,17.5993,0.30135,9.59462
PS16fbb,150,0.05106,0.00088,0.05139,0.0001,0.0525,0.0001,36.8804,0.16836,17.6274,0.166181,8.77965
2003ic,63,0.05126,0.00088,0.05196,2e-05,0.05311,2e-05,36.393,0.201448,17.14,0.199631,9.30338
ASASSN-16hc,150,0.05151,0.00088,0.05165,1e-05,0.05093,1e-05,36.5862,0.156832,17.3332,0.154491,10.7547
1993O,50,0.05194,0.00091,0.05148,0.00023,0.05051,0.00023,36.7759,0.228182,17.5229,0.226579,10.2759
2006ot,5,0.05202,0.00089,0.05232,0.00015,0.0531,0.00015,36.8679,0.208308,17.6149,0.206551,11.3736
2006ot,64,0.05202,0.00089,0.05232,0.00015,0.0531,0.00015,36.5433,0.298829,17.2903,0.297607,11.3736
AT2016htn,150,0.05222,0.00089,0.05229,0.00015,0.05312,0.00015,36.8411,0.218249,17.5881,0.216572,10.2648
PS16evk,150,0.05262,0.00088,0.0532,1e-05,0.05447,1e-05,36.9144,0.207509,17.6614,0.205745,9.93232
PS16n,150,0.05309,0.00088,0.05268,2e-05,0.05273,2e-05,36.7752,0.161766,17.5222,0.159497,10.0228
2010dt,66,0.05316,0.00088,0.05291,2e-05,0.05287,2e-05,36.8474,0.172204,17.5944,0.170074,10.1659
2006lu,5,0.05346,0.00088,0.05449,9e-05,0.0534,9e-05,36.8631,0.133817,17.6101,0.131065,10.0668
PS16bby,150,0.05468,0.00088,0.0543,8e-05,0.05343,8e-05,36.8327,0.178902,17.5797,0.176852,10.4871
PS16ayd,150,0.05469,0.00088,0.05485,1e-05,0.05399,1e-05,36.8581,0.149593,17.6051,0.147136,10.4328
SN2017cpu,150,0.05502,0.00088,0.05529,1e-05,0.0544,1e-05,36.6433,0.175423,17.3903,0.173333,10.521
490007,15,0.05541,0.00088,0.05513,1e-05,0.05439,1e-05,36.8676,0.194374,17.6146,0.19249,9.16275
AT2017oz,150,0.05614,0.00088,0.05641,1e-05,0.05569,1e-05,36.8109,0.193162,17.5579,0.191265,9.48953
2006py,5,0.05653,0.00088,0.05658,1e-05,0.05787,1e-05,36.9098,0.185051,17.6568,0.18307,9.57313
PS16aer,150,0.05693,0.00088,0.05668,1e-05,0.05547,1e-05,37.0393,0.176308,17.7863,0.174228,10.2711
2005hj,5,0.05708,0.00088,0.05631,1e-05,0.05739,1e-05,36.9903,0.171451,17.7373,0.169312,9.22407
2008eq,51,0.05728,0.00088,0.0568,0.0,0.0568,0.0,37.0687,0.221323,17.8157,0.21967,10.1809
2006ob,5,0.05824,0.00088,0.0576,4e-05,0.0586,4e-05,36.9821,0.138149,17.7291,0.135485,11.0302
2006ob,64,0.05824,0.00088,0.0576,4e-05,0.0586,4e-05,36.9324,0.14674,17.6794,0.144234,11.0302
SN2016gmb,150,0.0583,0.00089,0.05708,8e-05,0.05827,8e-05,36.9545,0.182842,17.7015,0.180838,9.39885
2001ah,63,0.05886,0.00088,0.05837,1e-05,0.05776,1e-05,36.9802,0.215566,17.7272,0.213869,10.5719
2001ah,57,0.05886,0.00088,0.05837,1e-05,0.05776,1e-05,37.146,0.252804,17.893,0.251358,10.5719
LSQ13crf,56,0.05974,0.00508,0.05934,0.005,0.06,0.005,36.3001,0.617516,17.0471,0.616925,8.80055
SN2017cjv,150,0.06092,0.0009,0.06079,0.00014,0.05953,0.00014,37.032,0.17759,17.779,0.175525,10.6078
2008bz,5,0.06099,0.00089,0.0613,1e-05,0.06015,1e-05,37.1631,0.123921,17.9101,0.120944,10.3562
2008bz,65,0.06099,0.00089,0.0613,1e-05,0.06015,1e-05,37.1925,0.16057,17.9395,0.158283,10.3562
SN2016hhv,150,0.06121,0.0009,0.06067,0.00014,0.06194,0.00014,37.1383,0.198009,17.8853,0.196159,10.7875
2008go,51,0.06137,0.0009,0.06116,0.00015,0.06227,0.00015,36.9608,0.196145,17.7078,0.194277,10.7539
2008go,5,0.06137,0.0009,0.06116,0.00015,0.06227,0.00015,36.9691,0.141986,17.7161,0.139395,10.7539
2006oa,64,0.06153,0.00089,0.06142,1e-05,0.06257,1e-05,37.0747,0.183316,17.8217,0.181317,8.11091
1992bs,50,0.06372,0.0009,0.0637,0.00015,0.06405,0.00015,37.3517,0.206518,18.0987,0.204745,10.5104
SN2016aqb,150,0.06384,0.00089,0.06419,4e-05,0.06289,4e-05,37.0197,0.155855,17.7667,0.153498,9.62423
PS16bnz,150,0.06446,0.00091,0.06398,0.00021,0.0627,0.00021,37.0786,0.154429,17.8256,0.15205,11.2932
2007ae,64,0.06533,0.00096,0.06485,0.00036,0.06499,0.00036,37.0851,0.153034,17.8321,0.150634,10.8837
PS15cms,150,0.06627,0.00089,0.06603,3e-05,0.06479,3e-05,37.3617,0.203312,18.1087,0.201511,10.4286
6057,1,0.06654,0.00089,0.06652,1e-05,0.06707,1e-05,37.1627,0.296189,17.9097,0.294956,9.52798
SN2016ixf,150,0.06711,0.0009,0.06723,0.00011,0.06602,0.00011,37.4237,0.194412,18.1707,0.192528,9.99601
AT2016aj,150,0.06725,0.00089,0.06731,5e-05,0.06741,5e-05,37.2344,0.203006,17.9814,0.201202,10.7026
PS15bjg,150,0.06786,0.00089,0.06758,1e-05,0.06889,1e-05,37.4935,0.190499,18.2405,0.188576,11.2378
CSS160129,150,0.06844,0.00134,0.06841,0.001,0.06766,0.001,37.2381,0.191221,17.9851,0.189306,8.86459
2006al,64,0.06886,0.00089,0.06908,2e-05,0.0678,2e-05,37.4213,0.159324,18.1683,0.15702,10.5011
PTSS17-niq,150,0.06897,0.00089,0.0691,1e-05,0.06828,1e-05,37.2817,0.174144,18.0287,0.172038,10.6052
1993B,50,0.07023,0.0009,0.07076,9e-05,0.0696,9e-05,37.2944,0.277681,18.0414,0.276366,9.39781
2008Y,51,0.07056,0.00089,0.07028,2e-05,0.06965,2e-05,37.2961,0.226908,18.0431,0.225296,10.544
2008Y,65,0.07056,0.00089,0.07028,2e-05,0.06965,2e-05,37.2775,0.212322,18.0245,0.210599,10.544
PS17yt,150,0.07073,0.00089,0.07046,2e-05,0.06976,2e-05,37.4787,0.176182,18.2257,0.174101,9.95752
PS16em,150,0.07083,0.00091,0.07113,0.00017,0.06981,0.00017,37.4814,0.447068,18.2284,0.446252,10.0881
2006on,64,0.07089,0.00089,0.07068,1e-05,0.07191,1e-05,37.4543,0.24781,18.2013,0.246335,10.2479
470043,15,0.0709,0.01004,0.07061,0.01,0.07,0.01,37.7291,0.501827,18.4761,0.5011,7.0
ATLAS16bwu,150,0.07091,0.00089,0.07074,6e-05,0.0718,6e-05,37.3712,0.228257,18.1182,0.226654,9.63137
PS15bdr,150,0.07116,0.00089,0.07094,1e-05,0.07096,1e-05,37.3552,0.196012,18.1022,0.194143,10.5352
PS15bwh,150,0.07158,0.00099,0.07149,0.00043,0.07267,0.00043,37.2494,0.16107,17.9964,0.158791,10.6434
370566,15,0.07167,0.00134,0.07134,0.001,0.0708,0.001,37.4155,0.208957,18.1625,0.207205,9.18771
PS15mt,150,0.07193,0.0009,0.07193,9e-05,0.07085,9e-05,37.5618,0.180815,18.3088,0.178788,8.92458
2007jd,5,0.07222,0.00089,0.07196,1e-05,0.07268,1e-05,37.6319,0.199695,18.3789,0.197861,9.75914
PS15atx,150,0.07252,0.00093,0.07301,0.00027,0.07188,0.00027,37.6225,0.304764,18.3695,0.303565,10.2531
Gaia16aki,150,0.07393,0.0009,0.07398,1e-05,0.07363,1e-05,37.5535,0.176502,18.3005,0.174425,9.48062
1992ae,50,0.0744,0.0009,0.07478,9e-05,0.0752,9e-05,37.4346,0.222054,18.1816,0.220406,10.1995
PS17bii,150,0.07446,0.0009,0.07467,2e-05,0.07339,2e-05,37.4501,0.192118,18.1971,0.190211,10.167
7876,1,0.0752,0.0009,0.0749,1e-05,0.07602,1e-05,37.4763,0.179761,18.2233,0.177722,9.78646
2005ir,5,0.0752,0.0009,0.0749,1e-05,0.07602,1e-05,37.5656,0.154994,18.3126,0.152624,9.78987
2010hs,51,0.0756,0.00508,0.07514,0.005,0.076,0.005,37.8142,0.289148,18.5612,0.287885,10.4575
AT2016gsu,150,0.07575,0.0009,0.07529,6e-05,0.07642,6e-05,37.5461,0.217171,18.2931,0.215486,9.75909
370333,15,0.07588,0.00134,0.07557,0.001,0.075,0.001,37.6342,0.198325,18.3812,0.196478,7.99137
PS15bif,150,0.07845,0.00094,0.07855,0.00027,0.07937,0.00027,37.5715,0.150392,18.3185,0.147949,9.58141
Gaia16acv,150,0.07859,0.0009,0.07833,0.0001,0.07772,0.0001,37.8315,0.146078,18.5785,0.143561,8.87001
17186,1,0.07875,0.0009,0.07849,2e-05,0.07944,2e-05,38.0154,0.239252,18.7624,0.237723,10.1643
2007hx,5,0.07875,0.0009,0.07849,2e-05,0.07944,2e-05,38.0942,0.180119,18.8412,0.178084,10.2646
560033,15,0.07895,0.01004,0.07869,0.01,0.08,0.01,37.5988,0.503338,18.3458,0.502614,9.07144
12779,1,0.07906,0.0009,0.07891,3e-05,0.07995,3e-05,37.7843,0.238199,18.5313,0.236664,10.332
PS15bzz,150,0.07931,0.0009,0.07901,1e-05,0.08024,1e-05,37.53,0.147217,18.277,0.14472,10.4626
350316,15,0.07991,0.00135,0.07966,0.001,0.079,0.001,37.6003,0.157805,18.3473,0.155478,8.61131
2005ag,5,0.08009,0.0009,0.08024,1e-05,0.07954,1e-05,37.6668,0.119289,18.4138,0.116193,10.69
12950,1,0.08167,0.0009,0.08141,1e-05,0.08273,1e-05,37.7215,0.219648,18.4685,0.217982,9.42557
130308,15,0.08245,0.0009,0.08221,1e-05,0.08177,1e-05,37.8192,0.217606,18.5662,0.215925,10.1141
12898,1,0.08282,0.0009,0.08255,1e-05,0.08358,1e-05,37.6774,0.265638,18.4244,0.264262,9.35181
12781,1,0.08309,0.00092,0.08282,0.00018,0.08408,0.00018,37.9939,0.195118,18.7409,0.193241,10.4457
SN2016glp,150,0.0841,0.00091,0.08366,0.00012,0.08493,0.00012,37.9686,0.221594,18.7156,0.219943,10.5245
3592,1,0.08572,0.00091,0.08544,5e-05,0.08658,5e-05,37.8406,0.128563,18.5876,0.125696,10.1853
SN2016grz,150,0.08704,0.00103,0.08656,0.0005,0.08748,0.0005,37.8484,0.21681,18.5954,0.215122,8.99392
1241,1,0.0887,0.00091,0.08848,1e-05,0.08979,1e-05,37.7772,0.253181,18.5242,0.251737,9.91509
590194,15,0.09039,0.00091,0.09015,2e-05,0.08951,2e-05,37.9202,0.21704,18.6672,0.215354,9.75408
370066,15,0.09089,0.00135,0.09066,0.001,0.09,0.001,38.0269,0.167553,18.7739,0.165363,9.12019
300105,15,0.09205,0.00091,0.09181,1e-05,0.09314,1e-05,38.1602,0.266341,18.9072,0.264969,9.04492
iPTF17dz,150,0.09293,0.01004,0.09284,0.01,0.092,0.01,38.2226,0.493293,18.9696,0.492553,8.80725
010010,15,0.0995,0.00096,0.09968,0.0003,0.0984,0.0003,38.4377,0.194713,19.1847,0.192832,9.50285
160099,15,0.10165,0.00092,0.10142,1e-05,0.10102,1e-05,38.2982,0.165557,19.0452,0.16334,9.5937
000190,15,0.10221,0.00136,0.10237,0.001,0.1011,0.001,38.4085,0.187412,19.1555,0.185457,7.0
140181,15,0.10246,0.00092,0.10231,1e-05,0.10154,1e-05,38.2511,0.199553,18.9981,0.197718,9.67327
100405,15,0.10294,0.00136,0.10298,0.001,0.1034,0.001,38.1815,0.18625,18.9285,0.184283,10.3204
13135,1,0.10361,0.00092,0.10338,3e-05,0.10467,3e-05,38.3338,0.12638,19.0808,0.123462,10.8558
20064,1,0.10374,0.00092,0.10351,2e-05,0.10484,2e-05,38.2079,0.196456,18.9549,0.194592,10.7045
13038,1,0.10507,0.00508,0.10485,0.005,0.1062,0.005,38.4295,0.236183,19.1765,0.234634,8.87462
18697,1,0.10661,0.00092,0.10638,1e-05,0.10762,1e-05,38.2611,0.195537,19.0081,0.193664,9.67706
20625,1,0.10707,0.00092,0.10684,2e-05,0.10813,2e-05,38.4624,0.151122,19.2094,0.14869,10.0166
3256,1,0.10711,0.00092,0.10694,1e-05,0.10822,1e-05,38.4295,0.210466,19.1765,0.208727,9.894
120225,15,0.10713,0.00136,0.10728,0.001,0.106,0.001,38.7801,0.468541,19.5271,0.467763,11.4183
21034,1,0.10774,0.00092,0.10751,1e-05,0.10855,1e-05,38.4984,0.180059,19.2454,0.178023,10.0033
500038,15,0.10794,0.00092,0.1081,1e-05,0.10682,1e-05,38.4017,0.187108,19.1487,0.185149,9.73659
7147,1,0.10908,0.00092,0.10886,2e-05,0.11022,2e-05,38.4016,0.133183,19.1486,0.130417,10.039
020027,15,0.11001,0.00136,0.10988,0.001,0.1091,0.001,38.5701,0.179741,19.3171,0.177701,10.0054
18650,1,0.11259,0.00093,0.11243,3e-05,0.11371,3e-05,38.6214,0.163201,19.3684,0.160952,8.53633
18612,1,0.11388,0.00093,0.11365,2e-05,0.11489,2e-05,38.3876,0.194923,19.1346,0.193044,10.2452
8719,1,0.1165,0.00093,0.11628,1e-05,0.11757,1e-05,38.5408,0.159897,19.2878,0.157601,8.80164
5395,1,0.11653,0.00106,0.11635,0.0005,0.117,0.0005,38.6302,0.185742,19.3772,0.18377,8.49999
2561,1,0.1176,0.00093,0.11741,2e-05,0.11813,2e-05,38.5727,0.239635,19.3197,0.23811,7.0
16259,1,0.11792,0.00093,0.11771,2e-05,0.11908,2e-05,38.6088,0.214419,19.3558,0.212712,10.994
1371,1,0.11818,0.00093,0.11797,3e-05,0.11934,3e-05,38.4157,0.127058,19.1627,0.124156,10.5372
000137,15,0.11901,0.00137,0.11878,0.001,0.1182,0.001,38.5629,0.212381,19.3099,0.210657,10.2136
5549,1,0.12014,0.00093,0.11992,2e-05,0.12124,2e-05,38.5958,0.200195,19.3428,0.198366,8.5812
12860,1,0.12058,0.00093,0.12042,1e-05,0.12168,1e-05,38.7926,0.252257,19.5396,0.250808,10.1701
490008,15,0.12086,0.01004,0.12067,0.01,0.12,0.01,38.6348,0.302627,19.3818,0.30142,8.89488
19953,1,0.12207,0.00094,0.1219,2e-05,0.12323,2e-05,38.5945,0.157915,19.3415,0.15559,9.37542
390259,15,0.12231,0.00137,0.12208,0.001,0.122,0.001,38.6119,0.231142,19.3589,0.22956,9.15024
18835,1,0.12278,0.00094,0.12262,4e-05,0.12319,4e-05,38.6853,0.144584,19.4323,0.14204,10.1221
2916,1,0.12316,0.00106,0.12303,0.0005,0.1242,0.0005,38.5967,0.274641,19.3437,0.273311,9.77924
16021,1,0.12357,0.00094,0.12336,2e-05,0.1246,2e-05,38.6164,0.162163,19.3634,0.159899,9.49127
13894,1,0.12377,0.00106,0.12356,0.0005,0.1249,0.0005,38.8009,0.333367,19.5479,0.332272,8.72392
570062,15,0.12383,0.00137,0.12363,0.001,0.125,0.001,38.8242,0.150324,19.5712,0.147879,9.98879
6406,1,0.12393,0.00094,0.12377,1e-05,0.12449,1e-05,38.6504,0.145797,19.3974,0.143276,10.0062
19543,1,0.12405,0.00509,0.12384,0.005,0.1252,0.005,38.835,0.221531,19.582,0.21988,8.61533
13044,1,0.12472,0.00094,0.12455,2e-05,0.12588,2e-05,38.7616,0.12587,19.5086,0.12294,10.0637
15459,1,0.1256,0.00094,0.12542,2e-05,0.12679,2e-05,39.1417,0.298944,19.8887,0.297722,8.73681
2992,1,0.12623,0.00094,0.12608,2e-05,0.12661,2e-05,38.4956,0.293348,19.2426,0.292103,9.72723
16069,1,0.12706,0.00094,0.12688,4e-05,0.12825,4e-05,38.8125,0.259679,19.5595,0.258272,10.179
744,1,0.1271,0.00094,0.12694,1e-05,0.12825,1e-05,38.6849,0.280884,19.4319,0.279584,9.90923
14871,1,0.1272,0.00106,0.12705,0.0005,0.1276,0.0005,38.7429,0.159508,19.4899,0.157206,9.14823
18855,1,0.12732,0.00094,0.12716,1e-05,0.12783,1e-05,38.7841,0.176913,19.5311,0.174841,9.82915
22075,1,0.1292,0.00094,0.129,2e-05,0.13003,2e-05,38.7547,0.150979,19.5017,0.148545,10.7935
1032,1,0.12921,0.00094,0.12904,3e-05,0.12976,3e-05,38.8403,0.212795,19.5873,0.211075,10.2777
5751,1,0.1295,0.00094,0.12929,1e-05,0.13056,1e-05,38.833,0.250442,19.58,0.248982,10.1354
18415,1,0.12958,0.00094,0.1294,2e-05,0.13077,2e-05,38.8429,0.142748,19.5899,0.140171,10.6005
18809,1,0.13169,0.00094,0.13153,3e-05,0.13216,3e-05,38.802,0.134576,19.549,0.13184,10.6395
151034,15,0.13281,0.00138,0.13269,0.001,0.1319,0.001,38.7841,0.122177,19.5311,0.119156,10.6436
1334084,10,0.13366,0.00107,0.13349,0.0005,0.13431,0.0005,38.8266,0.283718,19.5736,0.28243,9.74734
15508,1,0.13372,0.00095,0.13353,3e-05,0.13461,3e-05,38.8434,0.157696,19.5904,0.155367,9.13587
14108,1,0.13477,0.00509,0.13463,0.005,0.1352,0.005,39.2366,0.199357,19.9836,0.19752,10.2314
15234,1,0.13535,0.00095,0.13514,2e-05,0.13636,2e-05,39.0775,0.31333,19.8245,0.312165,9.98362
000014,15,0.13614,0.00138,0.13599,0.001,0.1369,0.001,38.9771,0.206627,19.7241,0.204855,9.80415
17629,1,0.13658,0.00095,0.1364,2e-05,0.13742,2e-05,38.8475,0.195569,19.5945,0.193696,10.6342
19775,1,0.137,0.00095,0.13687,3e-05,0.13809,3e-05,39.0095,0.224296,19.7565,0.222665,10.0494
18602,1,0.13713,0.00095,0.13696,2e-05,0.13834,2e-05,38.9616,0.259136,19.7086,0.257725,8.85232
21062,1,0.13745,0.00095,0.13729,2e-05,0.13864,2e-05,39.3511,0.230391,20.0981,0.228804,8.95999
17366,1,0.13822,0.00095,0.13811,1e-05,0.13929,1e-05,38.8857,0.128482,19.6327,0.125613,10.2891
15171,1,0.13826,0.00107,0.13818,0.0005,0.1392,0.0005,38.9503,0.15974,19.6973,0.157441,9.85121
190340,15,0.1384,0.00138,0.13824,0.001,0.1396,0.001,39.0229,0.12425,19.7699,0.121281,10.0088
20084,1,0.13851,0.00095,0.13834,1e-05,0.13973,1e-05,39.0401,0.319084,19.7871,0.31794,9.92013
12928,1,0.13875,0.00107,0.13868,0.0005,0.1397,0.0005,38.9999,0.176022,19.7469,0.173939,10.3657
190230,15,0.1388,0.00138,0.13864,0.001,0.14,0.001,39.0467,0.130742,19.7937,0.127924,10.1494
090275,15,0.13955,0.00138,0.13959,0.001,0.14,0.001,39.0213,0.145767,19.7683,0.143245,10.184
1794,1,0.14082,0.00095,0.1407,6e-05,0.14191,6e-05,39.1775,0.184019,19.9245,0.182028,11.0328
17208,1,0.14104,0.00509,0.14084,0.005,0.1422,0.005,39.2835,0.203514,20.0305,0.201715,11.5
340229,15,0.14123,0.00138,0.14108,0.001,0.142,0.001,39.0407,0.212429,19.7877,0.210706,9.69378
1317666,10,0.14134,0.00107,0.1412,0.0005,0.1421,0.0005,39.1237,0.260864,19.8707,0.259463,9.68561
2635,1,0.14325,0.00108,0.14311,0.0005,0.1437,0.0005,39.047,0.160602,19.794,0.158316,9.59628
17568,1,0.14345,0.00108,0.14335,0.0005,0.1445,0.0005,39.5154,0.37065,20.2624,0.369665,9.24061
190260,15,0.14359,0.00138,0.14344,0.001,0.1448,0.001,39.1135,0.129494,19.8605,0.126647,10.2639
17497,1,0.14404,0.00095,0.14388,2e-05,0.14479,2e-05,39.0756,0.170594,19.8226,0.168444,10.0189
8921,1,0.14423,0.00095,0.1441,1e-05,0.14539,1e-05,39.016,0.24096,19.763,0.239442,9.52063
17605,1,0.14542,0.00096,0.14533,2e-05,0.14643,2e-05,39.1518,0.210163,19.8988,0.208421,10.2332
1296657,10,0.14638,0.00108,0.14624,0.0005,0.14715,0.0005,39.1857,0.207408,19.9327,0.205643,9.33695
440008,15,0.14652,0.00138,0.14656,0.001,0.147,0.001,39.158,0.187578,19.905,0.185624,9.32684
1316385,10,0.14737,0.00108,0.14741,0.0005,0.14784,0.0005,39.0154,0.197495,19.7624,0.19564,9.63951
13796,1,0.14747,0.00096,0.14729,2e-05,0.1487,2e-05,38.9672,0.171803,19.7142,0.169668,9.66952
14024,1,0.14771,0.00096,0.14759,4e-05,0.14881,4e-05,39.134,0.188785,19.881,0.186845,10.7329
180166,15,0.14778,0.00138,0.14757,0.001,0.1475,0.001,39.161,0.170177,19.908,0.168022,10.0333
1293758,10,0.14803,0.00108,0.14812,0.0005,0.14896,0.0005,39.2285,0.184985,19.9755,0.183004,11.0622
14437,1,0.14806,0.00096,0.14792,4e-05,0.14927,4e-05,39.0382,0.157931,19.7852,0.155606,9.91097
1255502,10,0.14834,0.00108,0.14819,0.0005,0.14915,0.0005,39.0239,0.142683,19.7709,0.140105,10.1485
13736,1,0.14898,0.00096,0.14882,2e-05,0.15021,2e-05,39.1606,0.17494,19.9076,0.172844,9.07749
2308,1,0.1494,0.00509,0.14923,0.005,0.1502,0.005,39.1104,0.175216,19.8574,0.173123,10.3812
000038,15,0.1505,0.00139,0.15036,0.001,0.1513,0.001,39.1058,0.170038,19.8528,0.167881,9.126
460003,15,0.15084,0.00139,0.15067,0.001,0.15,0.001,39.1687,0.134119,19.9157,0.131373,10.8761
2031,1,0.15195,0.00108,0.15186,0.0005,0.153,0.0005,39.0477,0.158769,19.7947,0.156456,9.204
18323,1,0.15291,0.00096,0.15272,1e-05,0.15408,1e-05,39.3239,0.173198,20.0709,0.171081,9.359
15132,1,0.15318,0.00096,0.15304,2e-05,0.15438,2e-05,39.2175,0.127754,19.9645,0.124868,11.224
18740,1,0.15336,0.00096,0.15317,3e-05,0.15441,3e-05,39.0991,0.159928,19.8461,0.157633,10.663
19353,1,0.15341,0.00096,0.15325,1e-05,0.15406,1e-05,39.2564,0.179373,20.0034,0.177329,11.004
16073,1,0.15357,0.00096,0.15339,1e-05,0.15472,1e-05,39.3639,0.175468,20.1109,0.173378,9.751
5550,1,0.15511,0.00096,0.15493,1e-05,0.15629,1e-05,39.2076,0.167881,19.9546,0.165696,9.564
16116,1,0.15526,0.00096,0.15509,2e-05,0.15649,2e-05,39.278,0.157843,20.025,0.155517,9.52
18030,1,0.15536,0.00096,0.15518,1e-05,0.15653,1e-05,39.3994,0.175858,20.1464,0.173773,9.658
19940,1,0.15601,0.00125,0.15591,0.0008,0.1571,0.0008,38.9704,0.179204,19.7174,0.177159,9.91499
13354,1,0.15671,0.00096,0.15654,1e-05,0.15763,1e-05,39.2087,0.210288,19.9557,0.208548,10.472
16206,1,0.15856,0.00097,0.15838,3e-05,0.15973,3e-05,39.0794,0.163715,19.8264,0.161473,10.927
440042,15,0.15921,0.01005,0.15906,0.01,0.16,0.01,39.4267,0.283686,20.1737,0.282399,9.028
14782,1,0.15931,0.00109,0.15922,0.0005,0.1604,0.0005,38.9503,0.143914,19.6973,0.141359,11.427
15425,1,0.15948,0.00097,0.15935,4e-05,0.1599,4e-05,39.0908,0.143045,19.8378,0.140474,10.526
1299775,10,0.16004,0.00109,0.16009,0.0005,0.16051,0.0005,39.0428,0.270648,19.7898,0.269298,10.783
3317,1,0.16008,0.00097,0.15991,3e-05,0.16101,3e-05,39.2286,0.167715,19.9756,0.165527,10.054
2689,1,0.16053,0.00097,0.16036,5e-05,0.16149,5e-05,39.2057,0.217053,19.9527,0.215367,11.351
390627,15,0.16061,0.01005,0.16045,0.01,0.16,0.01,39.4242,0.26036,20.1712,0.258956,11.254
5103,1,0.16077,0.00097,0.1606,1e-05,0.16199,1e-05,39.2162,0.20927,19.9632,0.207521,9.086
120336,15,0.16122,0.00139,0.16134,0.001,0.16,0.001,39.3106,0.246322,20.0576,0.244838,9.757
17825,1,0.16236,0.00509,0.1622,0.005,0.1632,0.005,39.3252,0.224064,20.0722,0.222431,7.0
19174,1,0.16375,0.00109,0.16357,0.0005,0.1647,0.0005,39.2807,0.200998,20.0277,0.199176,11.02
3087,1,0.16448,0.00097,0.16431,1e-05,0.16551,1e-05,39.2634,0.199319,20.0104,0.197482,9.664
19616,1,0.16471,0.00097,0.16455,1e-05,0.16549,1e-05,39.3293,0.139452,20.0763,0.136814,11.04
20764,1,0.16495,0.00097,0.16478,2e-05,0.1659,2e-05,39.3182,0.150918,20.0652,0.148483,11.011
20430,1,0.16603,0.00109,0.16593,0.0005,0.1671,0.0005,39.4938,0.241887,20.2408,0.240376,7.0
12843,1,0.16606,0.00097,0.16595,7e-05,0.16725,7e-05,39.1817,0.193496,19.9287,0.191603,11.258
12853,1,0.16828,0.00109,0.16817,0.0005,0.1694,0.0005,39.2757,0.165826,20.0227,0.163613,10.364
350233,15,0.16924,0.0014,0.16935,0.001,0.168,0.001,39.5155,0.182871,20.2625,0.180867,9.181
17389,1,0.16971,0.00098,0.1696,1e-05,0.1709,1e-05,39.6721,0.274897,20.4191,0.273568,9.891
12856,1,0.17042,0.00098,0.17029,1e-05,0.17167,1e-05,39.4742,0.132684,20.2212,0.129908,10.352
590005,15,0.17124,0.01005,0.17137,0.01,0.17,0.01,39.5424,0.275502,20.2894,0.274175,7.0
310039,15,0.17169,0.0014,0.17156,0.001,0.1725,0.001,39.4603,0.214715,20.2073,0.21301,9.953
19282,1,0.17256,0.0011,0.17239,0.0005,0.1738,0.0005,39.5021,0.177409,20.2491,0.175342,7.0
1303279,10,0.1727,0.0011,0.17274,0.0005,0.17315,0.0005,39.2676,0.152344,20.0146,0.149932,10.617
100090,15,0.17297,0.0014,0.17282,0.001,0.1721,0.001,39.7263,0.252568,20.4733,0.251121,9.978
3080,1,0.17331,0.00098,0.17315,2e-05,0.17441,2e-05,39.3871,0.131849,20.1341,0.129054,10.961
15897,1,0.17374,0.00098,0.17357,9e-05,0.17489,9e-05,39.5403,0.18318,20.2873,0.181179,10.816
120143,15,0.17378,0.0014,0.1736,0.001,0.173,0.001,39.3493,0.151501,20.0963,0.149076,9.163
15648,1,0.17392,0.00098,0.17383,4e-05,0.17501,4e-05,39.5986,0.318528,20.3456,0.317382,11.339
14421,1,0.17417,0.00098,0.174,3e-05,0.17504,3e-05,39.5734,0.137128,20.3204,0.134443,11.5
16165,1,0.1742,0.0011,0.17405,0.0005,0.1751,0.0005,39.3317,0.154309,20.0787,0.151928,7.0
5350,1,0.17438,0.0011,0.17431,0.0005,0.1754,0.0005,39.5053,0.183971,20.2523,0.181979,10.865
15583,1,0.17443,0.0011,0.17427,0.0005,0.1752,0.0005,39.5546,0.230974,20.3016,0.22939,9.434
19969,1,0.17444,0.00098,0.17428,1e-05,0.17532,1e-05,39.4849,0.162645,20.2319,0.160388,10.367
18604,1,0.17498,0.00098,0.17483,2e-05,0.17626,2e-05,39.7434,0.182014,20.4904,0.18,11.05
14979,1,0.17666,0.0011,0.17654,0.0005,0.1771,0.0005,39.5164,0.135467,20.2634,0.132749,10.089
17218,1,0.17713,0.00098,0.17697,1e-05,0.17839,1e-05,39.5095,0.175623,20.2565,0.173535,10.158
14451,1,0.17737,0.0011,0.17729,0.0005,0.1784,0.0005,39.4771,0.138264,20.2241,0.135602,10.124
17220,1,0.17786,0.00098,0.17769,3e-05,0.17903,3e-05,39.3394,0.257355,20.0864,0.255935,10.863
370428,15,0.17791,0.0014,0.1778,0.001,0.177,0.001,39.6477,0.131546,20.3947,0.128745,10.124
5635,1,0.17852,0.00099,0.17839,7e-05,0.17979,7e-05,39.9669,0.207864,20.7139,0.206103,9.483
6936,1,0.17901,0.00098,0.1789,3e-05,0.18021,3e-05,39.641,0.157339,20.388,0.155005,10.259
300179,15,0.17911,0.0014,0.17896,0.001,0.1804,0.001,39.7672,0.201468,20.5142,0.19965,10.324
13045,1,0.17931,0.00098,0.17916,4e-05,0.1806,4e-05,39.5355,0.229828,20.2825,0.228237,10.574
1347120,10,0.17952,0.0051,0.17955,0.005,0.18,0.005,39.5509,0.280575,20.2979,0.279272,7.773
2372,1,0.17973,0.00098,0.17959,2e-05,0.18047,2e-05,39.5519,0.174634,20.2989,0.172535,10.597
1303496,10,0.17975,0.0011,0.17979,0.0005,0.18021,0.0005,39.5962,0.208929,20.3432,0.207177,10.643
13254,1,0.18004,0.00098,0.1799,1e-05,0.18075,1e-05,39.9979,0.268081,20.7449,0.266717,10.005
14284,1,0.1805,0.00099,0.18037,5e-05,0.18107,5e-05,39.3688,0.13762,20.1158,0.134945,10.572
420159,15,0.18073,0.0014,0.18059,0.001,0.182,0.001,39.5035,0.133745,20.2505,0.130991,11.338
330023,15,0.18078,0.0014,0.18064,0.001,0.1816,0.001,39.7166,0.179158,20.4636,0.177112,10.623
350548,15,0.18082,0.0014,0.18067,0.001,0.18,0.001,39.6391,0.133983,20.3861,0.131234,10.636
360112,15,0.18086,0.01005,0.18071,0.01,0.18,0.01,39.6151,0.246207,20.3621,0.244722,9.381
17215,1,0.18092,0.00099,0.1808,4e-05,0.18137,4e-05,39.6213,0.207991,20.3683,0.206231,11.331
370595,15,0.18126,0.01005,0.18138,0.01,0.18,0.01,39.6585,0.225961,20.4055,0.224342,10.324
15443,1,0.18136,0.00099,0.18123,1e-05,0.18191,1e-05,39.4868,0.134057,20.2338,0.13131,10.339
1339392,10,0.18145,0.0011,0.18148,0.0005,0.18191,0.0005,39.3953,0.235174,20.1423,0.233619,10.292
17332,1,0.18217,0.00099,0.18203,7e-05,0.18284,7e-05,39.5863,0.201062,20.3333,0.199241,10.604
1580,1,0.18229,0.00099,0.18216,1e-05,0.18293,1e-05,39.5259,0.149858,20.2729,0.147406,10.75
1250017,10,0.18231,0.00111,0.18217,0.0005,0.18299,0.0005,39.6885,0.152439,20.4355,0.150029,8.797
15453,1,0.18252,0.00111,0.18243,0.0005,0.1837,0.0005,39.7821,0.177319,20.5291,0.175251,8.989
17391,1,0.1836,0.00111,0.18345,0.0005,0.1849,0.0005,39.5995,0.294191,20.3465,0.29295,7.0
1257695,10,0.18375,0.00111,0.18383,0.0005,0.18472,0.0005,39.68,0.151568,20.427,0.149144,9.854
17168,1,0.18389,0.00099,0.18376,1e-05,0.18519,1e-05,39.752,0.19743,20.499,0.195575,9.757
20048,1,0.18402,0.00099,0.18388,4e-05,0.18531,4e-05,39.796,0.218377,20.543,0.216702,10.86
1296321,10,0.18458,0.00111,0.18444,0.0005,0.18531,0.0005,39.9384,0.282465,20.6854,0.281171,9.384
15421,1,0.18459,0.00099,0.18443,1e-05,0.18545,1e-05,39.7891,0.142656,20.5361,0.140077,10.166
8213,1,0.18484,0.00099,0.18468,6e-05,0.18611,6e-05,39.6548,0.27682,20.4018,0.2755,10.522
15461,1,0.18493,0.00099,0.18482,3e-05,0.18617,3e-05,39.613,0.134864,20.36,0.132133,10.516
1336453,10,0.18506,0.00111,0.18492,0.0005,0.18579,0.0005,39.7435,0.159325,20.4905,0.157021,9.326
6422,1,0.18515,0.00099,0.18501,3e-05,0.18645,3e-05,39.6347,0.160441,20.3817,0.158153,9.765
16281,1,0.18522,0.00099,0.18507,6e-05,0.18651,6e-05,39.5427,0.172189,20.2897,0.170059,10.394
370563,15,0.18527,0.00141,0.18538,0.001,0.184,0.001,39.7882,0.139358,20.5352,0.136717,10.859
15365,1,0.18667,0.00099,0.18651,2e-05,0.18796,2e-05,39.7559,0.144508,20.5029,0.141963,11.178
18807,1,0.18728,0.00111,0.18714,0.0005,0.1879,0.0005,39.7694,0.13671,20.5164,0.134017,10.998
5994,1,0.18809,0.0051,0.18801,0.005,0.1892,0.005,39.7451,0.191467,20.4921,0.189553,7.0
12927,1,0.18906,0.00099,0.18892,2e-05,0.18978,2e-05,39.4384,0.149571,20.1854,0.147113,10.401
16100,1,0.18908,0.00111,0.18893,0.0005,0.19,0.0005,39.8089,0.256269,20.5559,0.254842,9.661
1273127,10,0.18929,0.00111,0.18937,0.0005,0.19024,0.0005,39.9359,0.228953,20.6829,0.227356,10.406
18787,1,0.18929,0.00099,0.18915,5e-05,0.19023,5e-05,40.1408,0.200523,20.8878,0.198697,11.072
18749,1,0.18948,0.00099,0.18931,3e-05,0.19064,3e-05,39.7413,0.209197,20.4883,0.207448,11.172
440643,15,0.18952,0.01005,0.18955,0.01,0.19,0.01,39.7624,0.238646,20.5094,0.237114,8.731
6304,1,0.18995,0.00099,0.18979,3e-05,0.19094,3e-05,39.7286,0.224725,20.4756,0.223097,10.656
762,1,0.19025,0.00099,0.19009,2e-05,0.19138,2e-05,39.8807,0.15799,20.6277,0.155666,11.236
20687,1,0.19042,0.00099,0.19026,2e-05,0.19154,2e-05,39.6892,0.294972,20.4362,0.293734,10.976
2440,1,0.19044,0.00099,0.1903,1e-05,0.19114,1e-05,39.9182,0.154841,20.6652,0.152469,10.325
16276,1,0.19413,0.0051,0.19397,0.005,0.1952,0.005,39.7983,0.218857,20.5453,0.217185,9.288
2246,1,0.19434,0.00111,0.19422,0.0005,0.1949,0.0005,39.8787,0.222002,20.6257,0.220354,10.798
20821,1,0.19546,0.00112,0.19534,0.0005,0.1959,0.0005,40.1343,0.403955,20.8813,0.403052,10.572
1253920,10,0.19553,0.00112,0.19556,0.0005,0.19599,0.0005,39.7111,0.156617,20.4581,0.154272,9.234
14984,1,0.19557,0.00112,0.19549,0.0005,0.1967,0.0005,39.9082,0.195934,20.6552,0.194065,10.395
15674,1,0.19568,0.00112,0.19555,0.0005,0.197,0.0005,39.958,0.212325,20.705,0.210601,7.0
000236,15,0.19616,0.00141,0.19602,0.001,0.1953,0.001,39.7288,0.124812,20.4758,0.121857,10.902
15129,1,0.19621,0.001,0.19611,5e-05,0.19739,5e-05,39.7747,0.157962,20.5217,0.155637,10.971
1298893,10,0.19627,0.00112,0.19616,0.0005,0.19712,0.0005,39.8397,0.254651,20.5867,0.253215,10.784
1334620,10,0.19635,0.00112,0.19624,0.0005,0.1972,0.0005,39.8927,0.29342,20.6397,0.292175,10.351
13070,1,0.19733,0.001,0.19719,2e-05,0.19863,2e-05,39.8018,0.14158,20.5488,0.138981,10.267
18804,1,0.19741,0.001,0.19726,6e-05,0.19843,6e-05,39.6932,0.130873,20.4402,0.128057,10.3
1302058,10,0.19782,0.00112,0.19786,0.0005,0.1983,0.0005,39.492,0.189171,20.239,0.187234,9.664
15222,1,0.19817,0.001,0.19801,5e-05,0.19943,5e-05,39.7561,0.182544,20.5031,0.180536,11.5
1316431,10,0.19828,0.0051,0.19815,0.005,0.199,0.005,39.8879,0.174409,20.6349,0.172306,7.0
13370,1,0.19861,0.00112,0.19846,0.0005,0.1996,0.0005,40.3246,0.238597,21.0716,0.237064,9.95
360145,15,0.19877,0.00141,0.1986,0.001,0.198,0.001,39.8881,0.211487,20.6351,0.209756,9.911
19658,1,0.19878,0.00112,0.19863,0.0005,0.2,0.0005,39.889,0.174502,20.636,0.172401,8.996
18768,1,0.19908,0.0051,0.19892,0.005,0.2002,0.005,40.0216,0.217638,20.7686,0.215956,9.778
110460,15,0.19953,0.00141,0.19956,0.001,0.2,0.001,39.8511,0.254227,20.5981,0.252789,9.5517
500504,15,0.19961,0.00141,0.19948,0.001,0.199,0.001,39.6764,0.246154,20.4234,0.244669,11.075
560150,15,0.1997,0.00141,0.19957,0.001,0.201,0.001,39.8965,0.17155,20.6435,0.169412,11.458
19101,1,0.20077,0.00112,0.20062,0.0005,0.202,0.0005,39.6837,0.194976,20.4307,0.193097,7.0
470232,15,0.20083,0.01005,0.20068,0.01,0.2,0.01,39.9838,0.252956,20.7308,0.251511,9.737
370308,15,0.20087,0.01005,0.20074,0.01,0.2,0.01,39.7672,0.316127,20.5142,0.314972,11.239
590002,15,0.20128,0.01005,0.20139,0.01,0.2,0.01,39.8575,0.216953,20.6045,0.215266,11.269
13152,1,0.20231,0.001,0.20216,1e-05,0.20355,1e-05,39.6184,0.198124,20.3654,0.196276,9.387
19913,1,0.20249,0.00112,0.20237,0.0005,0.2038,0.0005,39.9949,0.159703,20.7419,0.157404,10.051
6780,1,0.20279,0.001,0.20268,3e-05,0.20406,3e-05,39.8373,0.184965,20.5843,0.182984,11.272
14212,1,0.2032,0.001,0.20308,5e-05,0.20449,5e-05,39.9658,0.146626,20.7128,0.144119,10.497
15203,1,0.20329,0.00101,0.20314,7e-05,0.20444,7e-05,39.8822,0.166845,20.6292,0.164646,10.219
16032,1,0.20331,0.00112,0.20318,0.0005,0.204,0.0005,39.9277,0.173799,20.6747,0.171689,7.0
7243,1,0.20334,0.001,0.20323,1e-05,0.20462,1e-05,39.9335,0.216127,20.6805,0.214434,9.225
15901,1,0.20382,0.00102,0.20368,0.00018,0.20474,0.00018,39.9041,0.171481,20.6511,0.169342,9.969
18965,1,0.20469,0.001,0.20454,3e-05,0.20587,3e-05,39.8809,0.160012,20.6279,0.157717,10.63
110033,15,0.20483,0.00142,0.20471,0.001,0.2057,0.001,39.8427,0.202322,20.5897,0.200513,10.063
17801,1,0.20523,0.00112,0.20515,0.0005,0.2064,0.0005,40.1661,0.227714,20.9131,0.226108,11.4
15872,1,0.20562,0.00101,0.20549,2e-05,0.20646,2e-05,39.8126,0.174944,20.5596,0.172847,9.66
1327978,10,0.20691,0.00112,0.20699,0.0005,0.20786,0.0005,39.9225,0.279831,20.6695,0.278525,11.313
15201,1,0.20748,0.00101,0.20736,4e-05,0.20881,4e-05,40.316,0.333666,21.063,0.332572,11.312
1283373,10,0.20751,0.00112,0.20754,0.0005,0.20797,0.0005,40.0725,0.148972,20.8195,0.146505,10.231
20376,1,0.2084,0.00129,0.20831,0.00081,0.20961,0.00081,39.7299,0.272182,20.4769,0.270839,10.717
15467,1,0.20856,0.00101,0.20847,3e-05,0.20978,3e-05,39.8758,0.146778,20.6228,0.144273,10.43
200132,15,0.20868,0.01005,0.20856,0.01,0.21,0.01,40.1034,0.239508,20.8504,0.237981,9.056
15259,1,0.2087,0.00101,0.20857,0.00011,0.21003,0.00011,39.8639,0.197696,20.6109,0.195843,9.789
140152,15,0.20879,0.00142,0.20864,0.001,0.208,0.001,39.8798,0.15965,20.6268,0.157351,9.694
16482,1,0.20948,0.00101,0.20937,4e-05,0.21077,4e-05,39.8413,0.262138,20.5883,0.260744,11.5
550154,15,0.21015,0.00142,0.21003,0.001,0.211,0.001,40.1479,0.148877,20.8949,0.146409,10.582
19149,1,0.21037,0.00101,0.21023,1e-05,0.21131,1e-05,39.4543,0.186032,20.2013,0.184063,9.612
460105,15,0.21084,0.01005,0.21071,0.01,0.21,0.01,39.9632,0.223017,20.7102,0.221376,11.5
14157,1,0.21095,0.00113,0.21083,0.0005,0.2115,0.0005,39.806,0.155718,20.553,0.153359,11.127
18940,1,0.21114,0.00101,0.21099,4e-05,0.21236,4e-05,39.9552,0.163264,20.7022,0.161016,10.226
1257366,10,0.21134,0.00113,0.21137,0.0005,0.21182,0.0005,40.1415,0.266119,20.8885,0.264746,10.965
7847,1,0.21174,0.00101,0.2116,8e-05,0.21266,8e-05,39.9676,0.230498,20.7146,0.228911,10.696
17811,1,0.212,0.00113,0.21186,0.0005,0.2132,0.0005,39.9136,0.194498,20.6606,0.192614,7.0
18927,1,0.21225,0.00113,0.21214,0.0005,0.2129,0.0005,39.9374,0.243726,20.6844,0.242226,11.5
13305,1,0.2135,0.00101,0.21339,1e-05,0.21481,1e-05,40.0218,0.16528,20.7688,0.16306,10.055
8495,1,0.21365,0.00101,0.21353,2e-05,0.21498,2e-05,40.0084,0.19033,20.7554,0.188405,11.034
6933,1,0.21398,0.0051,0.21383,0.005,0.2152,0.005,39.8874,0.197488,20.6344,0.195634,7.0
110567,15,0.2144,0.00142,0.21442,0.001,0.2149,0.001,40.0179,0.298904,20.7649,0.297682,11.403
1249851,10,0.21507,0.00113,0.21511,0.0005,0.21552,0.0005,39.8825,0.477887,20.6295,0.477123,11.303
14019,1,0.21521,0.00113,0.21513,0.0005,0.2164,0.0005,40.4641,0.22943,21.2111,0.227836,9.931
1316,1,0.21578,0.00101,0.21566,2e-05,0.21711,2e-05,40.2253,0.258716,20.9723,0.257304,9.835
100206,15,0.2165,0.00142,0.21653,0.001,0.217,0.001,39.8253,0.141535,20.5723,0.138936,11.5
17435,1,0.21689,0.00113,0.21674,0.0005,0.218,0.0005,40.0672,0.190384,20.8142,0.188459,8.818
7473,1,0.21692,0.0051,0.21677,0.005,0.2182,0.005,40.0932,0.185301,20.8402,0.183323,8.954
20364,1,0.21742,0.00102,0.21729,2e-05,0.21846,2e-05,40.1395,0.269611,20.8865,0.268256,10.389
13641,1,0.21794,0.00113,0.21781,0.0005,0.2193,0.0005,39.9942,0.174837,20.7412,0.17274,7.0
1290816,10,0.21845,0.00113,0.21848,0.0005,0.21892,0.0005,40.2216,0.204417,20.9686,0.202626,8.859
1304678,10,0.21881,0.00113,0.21884,0.0005,0.21927,0.0005,40.1416,0.247596,20.8886,0.24612,11.23
9467,1,0.21897,0.00102,0.21885,3e-05,0.22027,3e-05,40.1925,0.240729,20.9395,0.23921,10.93
5533,1,0.21898,0.00102,0.21887,2e-05,0.22028,2e-05,40.1292,0.218822,20.8762,0.21715,9.959
1342255,10,0.21899,0.00113,0.21886,0.0005,0.21976,0.0005,40.0296,0.130815,20.7766,0.127998,10.024
1302187,10,0.21941,0.00113,0.21943,0.0005,0.21992,0.0005,40.0048,0.208962,20.7518,0.20721,10.95
15433,1,0.2195,0.00102,0.21935,3e-05,0.22068,3e-05,40.1098,0.160031,20.8568,0.157737,10.806
000220,15,0.21972,0.00143,0.21982,0.001,0.2184,0.001,40.0616,0.124319,20.8086,0.121352,11.335
18466,1,0.21978,0.00113,0.21967,0.0005,0.2204,0.0005,40.0882,0.173376,20.8352,0.171261,10.917
14331,1,0.2199,0.00102,0.21976,2e-05,0.22116,2e-05,40.2387,0.220195,20.9857,0.218533,9.696
19230,1,0.22017,0.00113,0.22005,0.0005,0.2215,0.0005,39.9228,0.242946,20.6698,0.241441,10.516
7512,1,0.22066,0.0051,0.22055,0.005,0.2212,0.005,40.1876,0.225274,20.9346,0.22365,7.0
15354,1,0.22083,0.00113,0.22069,0.0005,0.2221,0.0005,40.0798,0.266821,20.8268,0.265452,10.783
370098,15,0.22132,0.00143,0.22141,0.001,0.22,0.001,40.0441,0.143254,20.7911,0.140687,10.491
480464,15,0.22132,0.01005,0.22141,0.01,0.22,0.01,40.0588,0.204756,20.8058,0.202968,10.917
1331123,10,0.2215,0.00113,0.22157,0.0005,0.22248,0.0005,40.1937,0.166162,20.9407,0.163954,11.23
13025,1,0.22299,0.00102,0.22287,1e-05,0.22436,1e-05,40.3257,0.281229,21.0727,0.27993,10.836
14846,1,0.22349,0.00102,0.22335,2e-05,0.22476,2e-05,40.1511,0.167278,20.8981,0.165084,11.075
330083,15,0.22385,0.00143,0.22373,0.001,0.223,0.001,40.0162,0.172818,20.7632,0.170696,8.78
1304442,10,0.22449,0.0051,0.22451,0.005,0.225,0.005,40.1293,0.19721,20.8763,0.195353,9.568
550096,15,0.22449,0.00143,0.22451,0.001,0.225,0.001,39.9449,0.245775,20.6919,0.244287,10.175
1292560,10,0.22493,0.00114,0.22482,0.0005,0.22582,0.0005,40.1126,0.160616,20.8596,0.158331,8.646
030066,15,0.22542,0.00143,0.22552,0.001,0.2241,0.001,40.1491,0.174035,20.8961,0.171928,9.134
13727,1,0.22543,0.00102,0.22534,2e-05,0.22664,2e-05,40.1329,0.188923,20.8799,0.186984,9.953
15229,1,0.22551,0.00114,0.22536,0.0005,0.2268,0.0005,40.1856,0.197444,20.9326,0.19559,9.165
020096,15,0.22578,0.00143,0.22563,0.001,0.225,0.001,39.9865,0.175963,20.7335,0.17388,9.059
19992,1,0.22645,0.00114,0.22632,0.0005,0.2278,0.0005,40.3912,0.201078,21.1382,0.199257,10.628
1315192,10,0.22726,0.0051,0.22714,0.005,0.228,0.005,40.097,0.228488,20.844,0.226887,10.654
1315259,10,0.22818,0.00114,0.22806,0.0005,0.22896,0.0005,40.2236,0.183395,20.9706,0.181397,11.5
180561,15,0.22865,0.00143,0.22853,0.001,0.23,0.001,40.1604,0.308241,20.9074,0.307057,8.444
13072,1,0.22928,0.00103,0.22917,1e-05,0.23063,1e-05,40.2229,0.202405,20.9699,0.200596,10.874
3452,1,0.22978,0.00103,0.22967,2e-05,0.23114,2e-05,40.1351,0.188066,20.8821,0.186118,9.23
21033,1,0.2302,0.0051,0.23006,0.005,0.2312,0.005,40.1283,0.227444,20.8753,0.225836,7.0
000006,15,0.23041,0.00143,0.23044,0.001,0.2309,0.001,40.3062,0.260109,21.0532,0.258704,10.793
040780,15,0.23082,0.00143,0.23066,0.001,0.2306,0.001,40.0717,0.296847,20.8187,0.295617,10.963
19008,1,0.23086,0.00114,0.23075,0.0005,0.2322,0.0005,40.1049,0.204707,20.8519,0.202919,10.401
360140,15,0.23092,0.01005,0.23083,0.01,0.23,0.01,40.2958,0.226289,21.0428,0.224673,8.834
17875,1,0.23125,0.00103,0.23111,3e-05,0.23237,3e-05,40.3169,0.189753,21.0639,0.187823,10.702
430004,15,0.23162,0.00143,0.2315,0.001,0.233,0.001,40.201,0.226906,20.948,0.225294,10.51
1302648,10,0.23164,0.00114,0.23171,0.0005,0.23259,0.0005,40.0875,0.237265,20.8345,0.235724,10.131
1275946,10,0.23205,0.00114,0.23212,0.0005,0.233,0.0005,40.2045,0.159507,20.9515,0.157205,8.458
15369,1,0.23282,0.0051,0.23269,0.005,0.2342,0.005,39.8341,0.180906,20.5811,0.17888,9.078
1292336,10,0.23367,0.00114,0.23356,0.0005,0.23446,0.0005,40.1857,0.255059,20.9327,0.253626,9.099
350047,15,0.23378,0.00143,0.23364,0.001,0.233,0.001,40.4148,0.19637,21.1618,0.194504,10.491
1336687,10,0.23391,0.00114,0.23381,0.0005,0.2348,0.0005,40.1788,0.292139,20.9258,0.290889,8.58
12971,1,0.23395,0.00103,0.23381,4e-05,0.23524,4e-05,40.1389,0.214099,20.8859,0.21239,11.5
110536,15,0.23472,0.00144,0.23475,0.001,0.2352,0.001,40.1912,0.32799,20.9382,0.326877,10.577
1279500,10,0.23481,0.00114,0.23471,0.0005,0.23568,0.0005,40.2784,0.167703,21.0254,0.165515,9.699
1319366,10,0.23494,0.00114,0.23483,0.0005,0.23572,0.0005,40.158,0.183242,20.905,0.181242,9.611
1298281,10,0.2352,0.0051,0.23508,0.005,0.236,0.005,40.1629,0.275154,20.9099,0.273826,9.297
19341,1,0.23556,0.00103,0.23543,5e-05,0.23676,5e-05,40.2336,0.214202,20.9806,0.212494,11.015
15287,1,0.23639,0.00103,0.2363,8e-05,0.23768,8e-05,40.3805,0.155735,21.1275,0.153376,10.621
310574,15,0.23662,0.00144,0.23649,0.001,0.238,0.001,40.2636,0.156727,21.0106,0.154383,10.234
13511,1,0.23664,0.00103,0.23653,3e-05,0.23744,3e-05,40.4674,0.193131,21.2144,0.191234,11.411
12881,1,0.23685,0.00103,0.23671,3e-05,0.23811,3e-05,40.119,0.236651,20.866,0.235106,9.679
16350,1,0.23693,0.00103,0.23684,3e-05,0.23822,3e-05,40.2279,0.210237,20.9749,0.208496,10.79
1317277,10,0.23721,0.00115,0.23711,0.0005,0.2381,0.0005,40.2245,0.203948,20.9715,0.202153,10.05
20768,1,0.23746,0.00104,0.23735,0.0001,0.23826,0.0001,40.7365,0.305716,21.4835,0.304522,11.024
17884,1,0.23789,0.00103,0.23776,2e-05,0.23893,2e-05,40.2317,0.172272,20.9787,0.170143,10.453
470008,15,0.2395,0.01005,0.23954,0.01,0.24,0.01,39.9059,0.208409,20.6529,0.206653,10.3869
18486,1,0.23981,0.0012,0.23971,0.0006,0.2403,0.0006,40.13,0.180786,20.877,0.178758,7.0
510251,15,0.2402,0.01005,0.24004,0.01,0.24,0.01,40.3847,0.264226,21.1317,0.262843,11.5
580300,15,0.24085,0.00144,0.24072,0.001,0.24,0.001,40.4016,0.166736,21.1486,0.164535,9.477
510550,15,0.24122,0.00144,0.24106,0.001,0.241,0.001,40.3291,0.130654,21.0761,0.127834,10.6566
460064,15,0.24151,0.00144,0.24153,0.001,0.242,0.001,40.1214,0.184136,20.8684,0.182146,9.381
17223,1,0.24164,0.00115,0.24151,0.0005,0.2427,0.0005,40.172,0.261675,20.919,0.260278,7.0
14481,1,0.2422,0.00104,0.24207,2e-05,0.24354,2e-05,40.564,0.221356,21.311,0.219703,11.215
20111,1,0.2428,0.00104,0.24267,6e-05,0.24419,6e-05,40.4217,0.219858,21.1687,0.218194,10.934
480064,15,0.24284,0.00144,0.24271,0.001,0.242,0.001,40.5734,0.259119,21.3204,0.257709,8.867
20088,1,0.24329,0.00104,0.24316,3e-05,0.24453,3e-05,40.2516,0.143114,20.9986,0.140544,11.383
13506,1,0.24354,0.00104,0.24341,2e-05,0.24462,2e-05,40.538,0.306318,21.285,0.305126,10.19
19023,1,0.2441,0.00511,0.24405,0.005,0.2452,0.005,40.2956,0.242814,21.0426,0.241308,7.0
15466,1,0.24444,0.00104,0.24436,5e-05,0.24567,5e-05,40.2064,0.221704,20.9534,0.220053,10.622
3377,1,0.24459,0.00115,0.24449,0.0005,0.2451,0.0005,40.1263,0.186144,20.8733,0.184175,9.666
000174,15,0.24511,0.00144,0.24497,0.001,0.2443,0.001,40.3336,0.209543,21.0806,0.207796,10.532
420407,15,0.24523,0.00144,0.24512,0.001,0.2466,0.001,40.4957,0.181643,21.2427,0.179625,10.504
20039,1,0.24553,0.00104,0.24539,6e-05,0.24681,6e-05,40.3582,0.219468,21.1052,0.217801,11.428
000010,15,0.24585,0.00144,0.24594,0.001,0.2445,0.001,40.4318,0.167359,21.1788,0.165167,10.786
13835,1,0.24617,0.00104,0.24604,1e-05,0.24749,1e-05,40.3473,0.149416,21.0943,0.146956,10.507
15219,1,0.2465,0.00104,0.24637,2e-05,0.24742,2e-05,40.378,0.17135,21.125,0.16921,11.081
12977,1,0.24656,0.00104,0.24643,1e-05,0.2478,1e-05,40.2829,0.214739,21.0299,0.213035,9.614
05D3mq,4,0.2466,0.00144,0.24649,0.001,0.246,0.001,40.3907,0.15515,21.1377,0.152782,10.723
1334645,10,0.24711,0.00115,0.24701,0.0005,0.248,0.0005,40.1983,0.137434,20.9453,0.134755,10.453
3451,1,0.24846,0.00104,0.24835,4e-05,0.24984,4e-05,40.203,0.17717,20.95,0.175101,10.839
420087,15,0.2486,0.01005,0.24848,0.01,0.25,0.01,40.4912,0.215929,21.2382,0.214234,7.0
450082,15,0.24861,0.01005,0.24848,0.01,0.25,0.01,40.4276,0.195634,21.1746,0.193762,10.292
560152,15,0.24862,0.01005,0.24851,0.01,0.25,0.01,40.3657,0.261564,21.1127,0.260166,11.416
15161,1,0.24865,0.00104,0.24853,4e-05,0.24956,4e-05,40.3256,0.178325,21.0726,0.176269,11.065
19990,1,0.24896,0.00104,0.24883,6e-05,0.24988,6e-05,40.427,0.180619,21.174,0.178589,10.628
120585,15,0.24909,0.00144,0.24899,0.001,0.25,0.001,40.3167,0.167358,21.0637,0.165166,9.363
3199,1,0.24972,0.00116,0.24961,0.0005,0.2511,0.0005,40.6733,0.220606,21.4203,0.218948,7.0
16106,1,0.24983,0.00116,0.24973,0.0005,0.2512,0.0005,40.2961,0.206796,21.0431,0.205026,11.035
15868,1,0.24986,0.00104,0.24974,2e-05,0.25072,2e-05,40.3915,0.163714,21.1385,0.161473,10.387
520077,15,0.25019,0.01005,0.25004,0.01,0.25,0.01,40.5965,0.224495,21.3435,0.222865,11.3931
390449,15,0.25022,0.01005,0.25008,0.01,0.25,0.01,40.3764,0.218218,21.1234,0.216542,7.0
13689,1,0.25043,0.00104,0.2503,1e-05,0.25177,1e-05,40.4145,0.179616,21.1615,0.177575,10.45
5717,1,0.25051,0.00116,0.25037,0.0005,0.2517,0.0005,40.5692,0.188725,21.3162,0.186783,9.431
500004,15,0.25063,0.00144,0.25052,0.001,0.25,0.001,40.3009,0.188277,21.0479,0.186331,9.155
16213,1,0.2509,0.00511,0.25077,0.005,0.2522,0.005,40.3873,0.202604,21.1343,0.200797,7.0
17552,1,0.25199,0.00104,0.25191,4e-05,0.25329,4e-05,40.4698,0.207347,21.2168,0.205582,10.693
310161,15,0.2526,0.00145,0.25247,0.001,0.254,0.001,40.4622,0.166497,21.2092,0.164293,9.577
9032,1,0.2526,0.00116,0.25249,0.0005,0.254,0.0005,40.4066,0.259149,21.1536,0.257739,9.252
000034,15,0.2533,0.00145,0.25319,0.001,0.2542,0.001,40.3688,0.15705,21.1158,0.154711,8.938
17464,1,0.25358,0.00116,0.25345,0.0005,0.2549,0.0005,40.0303,0.262822,20.7773,0.261432,9.285
5736,1,0.25407,0.00511,0.25394,0.005,0.2552,0.005,40.4546,0.167762,21.2016,0.165575,10.474
1336480,10,0.25616,0.00116,0.25605,0.0005,0.25695,0.0005,40.6458,0.194176,21.3928,0.192289,10.476
1112,1,0.2562,0.00105,0.25609,3e-05,0.25761,3e-05,40.5593,0.271675,21.3063,0.27033,11.351
17340,1,0.25637,0.00105,0.25625,3e-05,0.25717,3e-05,40.3729,0.207312,21.1199,0.205546,11.443
9457,1,0.25683,0.00105,0.25672,4e-05,0.25823,4e-05,40.5023,0.251739,21.2493,0.250287,11.129
19207,1,0.25731,0.00116,0.25721,0.0005,0.2587,0.0005,40.5776,0.249962,21.3246,0.248499,10.626
18325,1,0.25736,0.00105,0.25723,3e-05,0.25866,3e-05,40.4941,0.193606,21.2411,0.191714,11.5
8046,1,0.25772,0.00105,0.2576,3e-05,0.25857,3e-05,40.6088,0.22531,21.3558,0.223687,11.335
6108,1,0.25813,0.00116,0.258,0.0005,0.2595,0.0005,40.528,0.231214,21.275,0.229632,9.323
550041,15,0.25859,0.01005,0.25847,0.01,0.26,0.01,40.4663,0.209281,21.2133,0.207532,7.4
1297026,10,0.25865,0.00116,0.25855,0.0005,0.25956,0.0005,40.51,0.149785,21.257,0.147331,10.607
1303883,10,0.25904,0.00511,0.25911,0.005,0.26,0.005,40.5418,0.163699,21.2888,0.161457,10.894
1289664,10,0.25919,0.00511,0.25908,0.005,0.26,0.005,40.2879,0.178603,21.0349,0.176551,7.0
1335694,10,0.25923,0.00511,0.25912,0.005,0.26,0.005,40.4255,0.162943,21.1725,0.16069,10.969
12972,1,0.25948,0.00116,0.25935,0.0005,0.2608,0.0005,40.5238,0.233841,21.2708,0.232277,9.177
1330426,10,0.25952,0.00511,0.25954,0.005,0.26,0.005,40.442,0.169977,21.189,0.167819,7.0
020176,15,0.26062,0.00145,0.26051,0.001,0.26,0.001,40.5033,0.171288,21.2503,0.169147,8.7022
370498,15,0.26094,0.01006,0.26086,0.01,0.26,0.01,40.6128,0.185932,21.3598,0.183961,11.5
15440,1,0.26141,0.00105,0.2613,4e-05,0.26226,4e-05,40.447,0.207526,21.194,0.205762,10.852
1337649,10,0.26162,0.00116,0.26151,0.0005,0.26238,0.0005,40.4182,0.225542,21.1652,0.22392,8.682
2017,1,0.26172,0.00105,0.26162,2e-05,0.26309,2e-05,40.6874,0.258941,21.4344,0.25753,10.547
19702,1,0.26173,0.00116,0.26162,0.0005,0.2624,0.0005,40.681,0.233293,21.428,0.231725,9.896
1253,1,0.26175,0.00105,0.26166,4e-05,0.26307,4e-05,40.392,0.226027,21.139,0.224408,11.153
13655,1,0.26184,0.00105,0.26173,6e-05,0.2627,6e-05,40.6935,0.249126,21.4405,0.247658,11.238
18945,1,0.262,0.00117,0.26187,0.0005,0.2633,0.0005,40.7216,0.216893,21.4686,0.215206,7.0
13956,1,0.26303,0.00511,0.2629,0.005,0.2642,0.005,41.2641,0.514634,22.0111,0.513925,10.757
520019,15,0.26323,0.00145,0.26309,0.001,0.263,0.001,40.6388,0.170092,21.3858,0.167936,11.266
04D3ez,4,0.2636,0.00117,0.26348,0.0005,0.263,0.0005,40.3997,0.177345,21.1467,0.175278,10.29
350235,15,0.26393,0.00145,0.26384,0.001,0.263,0.001,40.5588,0.167704,21.3058,0.165516,10.127
330022,15,0.26397,0.00145,0.26386,0.001,0.2649,0.001,40.3035,0.205843,21.0505,0.204064,10.979
12983,1,0.26408,0.00105,0.26395,1e-05,0.26531,1e-05,40.6342,0.381046,21.3812,0.380088,10.418
2943,1,0.26419,0.00117,0.26405,0.0005,0.2654,0.0005,40.5074,0.238455,21.2544,0.236921,7.0
110478,15,0.2646,0.00145,0.26462,0.001,0.2651,0.001,40.5153,0.197965,21.2623,0.196115,9.468
13099,1,0.26463,0.00105,0.26451,2e-05,0.26602,2e-05,40.6719,0.256474,21.4189,0.255049,10.86
2422,1,0.26582,0.00511,0.2657,0.005,0.2672,0.005,40.6087,0.219728,21.3557,0.218063,9.371
6315,1,0.26583,0.00117,0.26576,0.0005,0.267,0.0005,40.3244,0.206109,21.0714,0.204333,9.72
1334087,10,0.2664,0.00117,0.26629,0.0005,0.26722,0.0005,40.2901,0.264978,21.0371,0.263599,10.951
18463,1,0.267,0.00106,0.26687,2e-05,0.26822,2e-05,40.5463,0.204902,21.2933,0.203116,10.244
1309288,10,0.26791,0.00117,0.26794,0.0005,0.26838,0.0005,40.5103,0.202065,21.2573,0.200253,10.961
520023,15,0.26818,0.00146,0.26804,0.001,0.268,0.001,40.4623,0.232043,21.2093,0.230467,11.324
530037,15,0.26859,0.01006,0.2685,0.01,0.27,0.01,40.579,0.191142,21.326,0.189225,10.9792
06D3fp,4,0.2686,0.00146,0.26848,0.001,0.268,0.001,40.4553,0.240404,21.2023,0.238883,9.55
14298,1,0.26887,0.00117,0.26879,0.0005,0.2701,0.0005,40.6039,0.217156,21.3509,0.215471,7.0
510638,15,0.2702,0.01006,0.27006,0.01,0.27,0.01,40.6363,0.197002,21.3833,0.195143,8.6546
19002,1,0.27021,0.00106,0.2701,5e-05,0.271,5e-05,40.5089,0.164866,21.2559,0.16264,10.716
310051,15,0.27057,0.00146,0.27045,0.001,0.272,0.001,40.5139,0.20931,21.2609,0.207561,10.435
160039,15,0.27094,0.00146,0.27085,0.001,0.27,0.001,40.4887,0.166124,21.2357,0.163916,7.0
380378,15,0.27141,0.00146,0.27129,0.001,0.2708,0.001,40.5677,0.123404,21.3147,0.120414,10.364
1292332,10,0.27276,0.00117,0.27265,0.0005,0.27358,0.0005,40.5415,0.173203,21.2885,0.171085,10.269
15356,1,0.27351,0.00107,0.2734,0.0001,0.27493,0.0001,40.4721,0.208686,21.2191,0.206932,10.743
420258,15,0.27456,0.00146,0.27444,0.001,0.276,0.001,40.7399,0.293068,21.4869,0.291821,11.463
100213,15,0.27509,0.00146,0.27511,0.001,0.2756,0.001,40.7769,0.239421,21.5239,0.237894,9.414
150254,15,0.27516,0.00146,0.27508,0.001,0.2742,0.001,40.5286,0.241865,21.2756,0.240354,9.355
20227,1,0.27585,0.00107,0.27574,6e-05,0.2773,6e-05,40.6631,0.213576,21.4101,0.211862,11.046
19051,1,0.27631,0.00106,0.27619,3e-05,0.27775,3e-05,40.6749,0.180061,21.4219,0.178025,11.292
4000,1,0.27668,0.00107,0.27656,0.00012,0.2777,0.00012,40.8504,0.272235,21.5974,0.270893,10.919
4046,1,0.27776,0.00511,0.27764,0.005,0.2792,0.005,40.6186,0.24474,21.3656,0.243246,9.359
1297465,10,0.27782,0.00118,0.27784,0.0005,0.27836,0.0005,40.9187,0.17803,21.6657,0.175971,10.068
5957,1,0.27935,0.00107,0.27924,2e-05,0.28031,2e-05,40.7037,0.164335,21.4507,0.162102,10.463
6196,1,0.2799,0.00107,0.2798,6e-05,0.28134,6e-05,40.5056,0.19932,21.2526,0.197483,11.406
040201,15,0.27995,0.00146,0.27987,0.001,0.279,0.001,40.5664,0.153331,21.3134,0.150935,9.2773
520188,15,0.2806,0.00146,0.28049,0.001,0.28,0.001,40.6663,0.153096,21.4133,0.150697,8.406
18485,1,0.28132,0.00118,0.28122,0.0005,0.282,0.0005,40.6224,0.174763,21.3694,0.172665,10.908
1317286,10,0.28207,0.00511,0.28198,0.005,0.283,0.005,40.5986,0.166629,21.3456,0.164427,7.0
06D3dt,4,0.28266,0.00107,0.28256,1e-05,0.28205,1e-05,40.744,0.297355,21.491,0.296127,9.589
15584,1,0.28344,0.00107,0.28333,3e-05,0.28422,3e-05,40.6596,0.184378,21.4066,0.18239,10.9
310238,15,0.28405,0.00147,0.28395,0.001,0.285,0.001,40.5735,0.154134,21.3205,0.151751,9.906
14261,1,0.28446,0.00107,0.28436,2e-05,0.28585,2e-05,40.5431,0.186562,21.2901,0.184598,9.135
16072,1,0.28446,0.00107,0.28434,5e-05,0.28586,5e-05,40.6919,0.20709,21.4389,0.205322,10.943
17791,1,0.28478,0.00118,0.28468,0.0005,0.2862,0.0005,41.1135,0.351325,21.8605,0.350286,9.385
440050,15,0.28557,0.00147,0.28547,0.001,0.287,0.001,40.7046,0.185989,21.4516,0.184018,11.03
350080,15,0.28588,0.00147,0.28577,0.001,0.285,0.001,40.671,0.173206,21.418,0.171088,11.229
20040,1,0.28665,0.00108,0.28655,0.0001,0.28805,0.0001,40.6389,0.217509,21.3859,0.215826,10.257
20245,1,0.28734,0.00107,0.28723,3e-05,0.2888,3e-05,40.5691,0.250397,21.3161,0.248937,11.5
17809,1,0.28758,0.00107,0.28746,3e-05,0.28896,3e-05,40.5379,0.238886,21.2849,0.237355,9.84
19128,1,0.28775,0.00511,0.28763,0.005,0.2892,0.005,40.8753,0.227224,21.6223,0.225614,7.0
1334644,10,0.28814,0.00118,0.28806,0.0005,0.2891,0.0005,40.7075,0.188011,21.4545,0.186062,11.217
1313594,10,0.28844,0.00118,0.28835,0.0005,0.2894,0.0005,40.749,0.137848,21.496,0.135178,10.379
091869,15,0.28854,0.00147,0.28843,0.001,0.29,0.001,40.7458,0.165419,21.4928,0.1632,10.347
2165,1,0.28894,0.00511,0.28882,0.005,0.2902,0.005,40.9433,0.226038,21.6903,0.22442,9.485
2789,1,0.28901,0.00108,0.2889,6e-05,0.29048,6e-05,40.7428,0.228497,21.4898,0.226897,11.224
1334597,10,0.28905,0.00511,0.28896,0.005,0.29,0.005,40.6763,0.168052,21.4233,0.165869,8.88
1310395,10,0.28907,0.00511,0.28899,0.005,0.29,0.005,40.702,0.277224,21.449,0.275906,7.0
350180,15,0.28949,0.01006,0.28952,0.01,0.29,0.01,40.9765,0.256114,21.7235,0.254687,8.885
1289288,10,0.28995,0.00119,0.29001,0.0005,0.29093,0.0005,40.7393,0.271437,21.4863,0.270091,10.645
570056,15,0.29008,0.00147,0.28998,0.001,0.291,0.001,40.7298,0.234493,21.4768,0.232933,10.819
19596,1,0.29045,0.00119,0.29036,0.0005,0.291,0.0005,40.7861,0.23085,21.5331,0.229265,9.959
19027,1,0.29123,0.00108,0.29114,1e-05,0.29263,1e-05,40.484,0.219145,21.231,0.217476,9.592
1291090,10,0.29193,0.00119,0.29199,0.0005,0.29292,0.0005,40.7606,0.177707,21.5076,0.175644,9.711
1263715,10,0.29196,0.00119,0.29186,0.0005,0.29279,0.0005,40.7653,0.172199,21.5123,0.170069,8.977
12841,1,0.29215,0.00108,0.29208,4e-05,0.29349,4e-05,40.7505,0.483728,21.4975,0.482974,10.12
390264,15,0.29221,0.00147,0.29208,0.001,0.292,0.001,40.4229,0.292471,21.1699,0.291222,9.619
21006,1,0.29251,0.00511,0.29241,0.005,0.2932,0.005,40.6378,0.228825,21.3848,0.227227,7.0
420414,15,0.29256,0.00147,0.29246,0.001,0.294,0.001,40.6952,0.224836,21.4422,0.223209,11.004
150509,15,0.29293,0.00147,0.2928,0.001,0.2927,0.001,40.7458,0.174302,21.4928,0.172198,10.78
130755,15,0.29298,0.00147,0.29291,0.001,0.292,0.001,40.8268,0.203556,21.5738,0.201757,8.952
6249,1,0.29365,0.00108,0.29354,1e-05,0.29506,1e-05,40.857,0.204834,21.604,0.203047,10.047
1303004,10,0.29504,0.00512,0.29496,0.005,0.296,0.005,40.762,0.173778,21.509,0.171668,9.369
19794,1,0.2958,0.00108,0.29568,5e-05,0.29724,5e-05,41.0209,0.307913,21.7679,0.306727,11.367
580270,15,0.29587,0.00147,0.29576,0.001,0.295,0.001,40.9989,0.165779,21.7459,0.163566,9.851
1119,1,0.29647,0.00108,0.29639,1e-05,0.2978,1e-05,40.9938,0.366054,21.7408,0.365057,10.804
13610,1,0.29692,0.00108,0.29683,1e-05,0.29831,1e-05,40.6595,0.202621,21.4065,0.200814,10.471
1293319,10,0.29695,0.00119,0.29687,0.0005,0.2979,0.0005,40.7505,0.210501,21.4975,0.208762,9.229
420196,15,0.29853,0.01006,0.29842,0.01,0.3,0.01,41.2705,0.232731,22.0175,0.23116,10.315
570025,15,0.29855,0.01006,0.29845,0.01,0.3,0.01,40.6539,0.272883,21.4009,0.271544,9.973
6137,1,0.29893,0.00119,0.29888,0.0005,0.3001,0.0005,40.9195,0.25505,21.6665,0.253616,7.0
10550,1,0.29933,0.00108,0.29923,2e-05,0.30081,2e-05,41.0113,0.341681,21.7583,0.340612,10.289
120444,15,0.29945,0.00147,0.29947,0.001,0.3,0.001,41.0213,0.195981,21.7683,0.194112,9.389
14735,1,0.29947,0.00108,0.29936,2e-05,0.30044,2e-05,40.7335,0.186464,21.4805,0.184499,10.326
170428,15,0.3002,0.00147,0.30007,0.001,0.3,0.001,40.9837,0.198158,21.7307,0.196309,9.1073
5391,1,0.3003,0.00119,0.30022,0.0005,0.3009,0.0005,40.8795,0.247188,21.6265,0.245709,9.299
350078,15,0.30089,0.00148,0.30078,0.001,0.3,0.001,41.1729,0.294726,21.9199,0.293486,9.341
350192,15,0.30142,0.01006,0.3015,0.01,0.3,0.01,40.8585,0.191702,21.6055,0.189791,8.553
570022,15,0.30152,0.00148,0.30141,0.001,0.303,0.001,41.1086,0.206046,21.8556,0.20427,9.499
460037,15,0.30251,0.00148,0.30254,0.001,0.303,0.001,40.8894,0.22475,21.6364,0.223122,9.655
1339002,10,0.30304,0.0012,0.30296,0.0005,0.304,0.0005,40.8204,0.274703,21.5674,0.273372,10.871
150457,15,0.30352,0.00148,0.30339,0.001,0.3027,0.001,40.9204,0.142521,21.6674,0.139941,11.454
7143,1,0.30365,0.00109,0.30354,3e-05,0.30514,3e-05,41.0778,0.197526,21.8248,0.195672,10.28
1287626,10,0.30404,0.00512,0.30396,0.005,0.305,0.005,40.719,0.22209,21.466,0.220442,8.203
19818,1,0.30406,0.00109,0.30395,1e-05,0.30503,1e-05,40.7052,0.182517,21.4522,0.180508,10.154
1335717,10,0.30476,0.0012,0.30478,0.0005,0.30528,0.0005,41.0411,0.242802,21.7881,0.241296,9.773
1259412,10,0.30486,0.0012,0.30477,0.0005,0.30581,0.0005,40.9018,0.140115,21.6488,0.137489,10.514
12883,1,0.30526,0.0012,0.30519,0.0005,0.3065,0.0005,40.5924,0.306711,21.3394,0.30552,11.099
350630,15,0.30538,0.00148,0.30525,0.001,0.3046,0.001,40.9054,0.133839,21.6524,0.131087,11.149
440005,15,0.30548,0.00148,0.30551,0.001,0.306,0.001,41.0041,0.226225,21.7511,0.224608,11.388
350027,15,0.30581,0.00148,0.30568,0.001,0.305,0.001,40.9451,0.165493,21.6921,0.163275,11.059
560087,15,0.30652,0.00148,0.30641,0.001,0.308,0.001,40.8959,0.201565,21.6429,0.199749,11.27
340334,15,0.30681,0.00148,0.30668,0.001,0.306,0.001,41.16,0.239095,21.907,0.237566,7.0
1281668,10,0.30691,0.0012,0.30697,0.0005,0.30791,0.0005,40.9573,0.150058,21.7043,0.147609,10.251
520062,15,0.30818,0.00148,0.30805,0.001,0.308,0.001,41.2018,0.139651,21.9488,0.137016,10.6357
5966,1,0.30834,0.00109,0.30822,2e-05,0.30963,2e-05,40.9533,0.254065,21.7003,0.252626,11.011
1319821,10,0.30878,0.0012,0.30881,0.0005,0.30929,0.0005,40.9954,0.152417,21.7424,0.150006,10.417
6699,1,0.30922,0.0012,0.30915,0.0005,0.3106,0.0005,41.046,0.250639,21.793,0.24918,10.655
5844,1,0.30938,0.0012,0.3093,0.0005,0.3108,0.0005,40.9757,0.270379,21.7227,0.269028,7.0
16211,1,0.30949,0.00109,0.30939,5e-05,0.31099,5e-05,41.0177,0.300429,21.7647,0.299213,11.5
21042,1,0.30962,0.0012,0.30955,0.0005,0.3109,0.0005,40.72,0.257177,21.467,0.255756,9.374
1300516,10,0.31052,0.0012,0.31043,0.0005,0.31151,0.0005,40.6197,0.336421,21.3667,0.335336,9.557
15213,1,0.31061,0.0012,0.31053,0.0005,0.3112,0.0005,40.9962,0.221391,21.7432,0.219739,10.721
500100,15,0.31088,0.01006,0.31077,0.01,0.31,0.01,41.046,0.182638,21.793,0.180631,10.898
000420,15,0.31144,0.00148,0.31152,0.001,0.31,0.001,41.0123,0.141744,21.7593,0.139148,9.742
1338128,10,0.31179,0.0012,0.31185,0.0005,0.3128,0.0005,41.0377,0.210925,21.7847,0.209189,9.265
1337838,10,0.31203,0.0012,0.31195,0.0005,0.313,0.0005,40.9503,0.160446,21.6973,0.158158,8.424
1263369,10,0.31262,0.0012,0.31252,0.0005,0.31343,0.0005,40.9565,0.149709,21.7035,0.147254,10.845
1294743,10,0.31267,0.0012,0.31258,0.0005,0.31363,0.0005,41.0352,0.279475,21.7822,0.278167,10.263
20142,1,0.3127,0.0012,0.31259,0.0005,0.3139,0.0005,40.6239,0.2062,21.3709,0.204424,9.365
1283878,10,0.31296,0.0012,0.31287,0.0005,0.3139,0.0005,41.0195,0.203499,21.7665,0.2017,11.409
1341894,10,0.31303,0.0012,0.31294,0.0005,0.31401,0.0005,41.0061,0.176794,21.7531,0.174721,10.003
19632,1,0.31387,0.0011,0.31377,8e-05,0.31475,8e-05,41.0228,0.214434,21.7698,0.212727,11.113
530112,15,0.31453,0.00148,0.31444,0.001,0.316,0.001,41.1251,0.155711,21.8721,0.153352,10.678
15383,1,0.31506,0.0011,0.31495,6e-05,0.31606,6e-05,41.0194,0.227804,21.7664,0.226199,10.786
6649,1,0.3152,0.00512,0.31509,0.005,0.3162,0.005,40.8837,0.219964,21.6307,0.218301,7.0
110716,15,0.31588,0.00148,0.31577,0.001,0.315,0.001,41.2033,0.233304,21.9503,0.231736,7.0
15776,1,0.31593,0.0011,0.31582,6e-05,0.31696,6e-05,40.933,0.227638,21.68,0.226031,11.211
6100,1,0.31623,0.00121,0.31613,0.0005,0.3177,0.0005,41.1979,0.274091,21.9449,0.272758,10.194
100163,15,0.31782,0.00149,0.31773,0.001,0.3188,0.001,41.0738,0.195921,21.8208,0.194052,10.434
1345553,10,0.31804,0.00121,0.31795,0.0005,0.31902,0.0005,41.0772,0.167213,21.8242,0.165019,10.034
080646,15,0.31822,0.00149,0.31813,0.001,0.3197,0.001,41.0199,0.153489,21.7669,0.151096,10.768
550059,15,0.3185,0.00149,0.31839,0.001,0.32,0.001,41.3345,0.327925,22.0815,0.326812,10.2438
310188,15,0.31901,0.01006,0.31893,0.01,0.32,0.01,41.141,0.177674,21.888,0.17561,11.264
440509,15,0.31901,0.01006,0.31892,0.01,0.32,0.01,40.8941,0.203876,21.6411,0.20208,11.5
170078,15,0.32096,0.00149,0.32089,0.001,0.32,0.001,41.2315,0.207296,21.9785,0.20553,10.419
330128,15,0.32104,0.00149,0.32095,0.001,0.322,0.001,40.9546,0.156373,21.7016,0.154025,10.812
1266657,10,0.32118,0.00512,0.32108,0.005,0.322,0.005,41.1921,0.293444,21.9391,0.292199,2.0
120085,15,0.32206,0.00149,0.32214,0.001,0.3206,0.001,40.7271,0.199265,21.4741,0.197428,10.9
580104,15,0.32223,0.00121,0.32214,0.0005,0.3232,0.0005,40.8628,0.158186,21.6098,0.155864,11.5
1261579,10,0.32223,0.00121,0.32214,0.0005,0.3232,0.0005,40.8774,0.138773,21.6244,0.136121,11.163
7475,1,0.32276,0.00512,0.32265,0.005,0.3242,0.005,40.9316,0.211904,21.6786,0.210177,7.0
05D2ab,4,0.32446,0.00149,0.32454,0.001,0.323,0.001,41.0699,0.126468,21.8169,0.123552,10.098
050291,15,0.32548,0.00149,0.32535,0.001,0.3253,0.001,41.2273,0.193265,21.9743,0.19137,11.169
500301,15,0.3256,0.00149,0.3255,0.001,0.325,0.001,41.2625,0.255286,22.0095,0.253854,10.1963
18617,1,0.3258,0.00111,0.3257,6e-05,0.32732,6e-05,41.1639,0.271274,21.9109,0.269927,10.076
1305626,10,0.32581,0.00121,0.32573,0.0005,0.3268,0.0005,41.0478,0.141716,21.7948,0.13912,9.283
1308326,10,0.32632,0.00121,0.32622,0.0005,0.32717,0.0005,41.0504,0.157201,21.7974,0.154865,9.665
14456,1,0.32804,0.00111,0.32794,4e-05,0.32956,4e-05,41.0002,0.171833,21.7472,0.169699,11.095
050303,15,0.32842,0.00149,0.32829,0.001,0.3282,0.001,41.3079,0.308428,22.0549,0.307244,11.248
530219,15,0.32848,0.01006,0.32838,0.01,0.33,0.01,41.351,0.278699,22.098,0.277388,11.1019
430003,15,0.32851,0.00149,0.32843,0.001,0.33,0.001,40.934,0.295651,21.681,0.294415,7.0
1337687,10,0.32868,0.00122,0.3287,0.0005,0.32917,0.0005,41.0716,0.150485,21.8186,0.148043,8.4
1306073,10,0.32868,0.00122,0.32859,0.0005,0.32964,0.0005,41.1,0.144172,21.847,0.141621,10.4
6924,1,0.32871,0.00512,0.3286,0.005,0.3302,0.005,40.9276,0.222195,21.6746,0.220549,7.0
1316465,10,0.32907,0.00122,0.3291,0.0005,0.32961,0.0005,41.0566,0.165152,21.8036,0.16293,9.316
13934,1,0.32941,0.00111,0.32931,4e-05,0.33093,4e-05,41.4109,0.310571,22.1579,0.309396,10.791
540163,15,0.32952,0.00149,0.32943,0.001,0.3305,0.001,41.2391,0.162498,21.9861,0.16024,10.359
1301933,10,0.32968,0.00122,0.3296,0.0005,0.33065,0.0005,41.1031,0.114803,21.8501,0.111583,10.006
13830,1,0.32995,0.00111,0.32985,4e-05,0.33147,4e-05,40.8444,0.209813,21.5914,0.208068,11.174
120369,15,0.33047,0.00149,0.33055,0.001,0.329,0.001,41.2306,0.131607,21.9776,0.128807,10.563
1338675,10,0.33056,0.00122,0.33048,0.0005,0.33153,0.0005,41.1674,0.214426,21.9144,0.21272,9.507
4241,1,0.33063,0.00122,0.33052,0.0005,0.332,0.0005,41.1689,0.23109,21.9159,0.229507,9.261
480184,15,0.33089,0.00149,0.3308,0.001,0.33,0.001,41.1586,0.239453,21.9056,0.237926,11.073
370394,15,0.3309,0.01006,0.3308,0.01,0.33,0.01,40.996,0.212048,21.743,0.210322,10.291
03D1fc,4,0.33103,0.00149,0.33094,0.001,0.332,0.001,41.0098,0.137116,21.7568,0.134432,10.391
580235,15,0.33147,0.01006,0.33154,0.01,0.33,0.01,41.0301,0.218692,21.7771,0.217018,9.2832
20106,1,0.33147,0.00122,0.33137,0.0005,0.333,0.0005,41.2335,0.285481,21.9805,0.284201,10.277
370344,15,0.33147,0.00149,0.33155,0.001,0.33,0.001,41.1012,0.166036,21.8482,0.163826,9.538
470041,15,0.33189,0.00149,0.33179,0.001,0.331,0.001,41.0149,0.143999,21.7619,0.141445,11.162
1306141,10,0.33237,0.00122,0.3324,0.0005,0.33286,0.0005,40.977,0.159233,21.724,0.156927,9.678
130862,15,0.33298,0.0015,0.3329,0.001,0.332,0.001,41.3299,0.201675,22.0769,0.199859,9.5892
1309492,10,0.3335,0.00122,0.33353,0.0005,0.33403,0.0005,41.0025,0.141896,21.7495,0.139304,9.562
1346956,10,0.3335,0.00122,0.33353,0.0005,0.334,0.0005,41.0366,0.176123,21.7836,0.174041,7.0
16093,1,0.3345,0.00111,0.33439,3e-05,0.33603,3e-05,41.1204,0.23572,21.8674,0.234169,10.215
500511,15,0.33498,0.0015,0.3349,0.001,0.334,0.001,41.0251,0.171864,21.7721,0.16973,9.633
1346966,10,0.3351,0.00122,0.33513,0.0005,0.33558,0.0005,41.0242,0.177927,21.7712,0.175867,9.557
1314897,10,0.33671,0.00122,0.33663,0.0005,0.33769,0.0005,41.0367,0.18424,21.7837,0.182251,11.148
470015,15,0.33749,0.0015,0.33752,0.001,0.338,0.001,41.1678,0.278653,21.9148,0.277342,11.5
040782,15,0.33751,0.0015,0.33739,0.001,0.3373,0.001,41.0098,0.23724,21.7568,0.235699,10.152
04D3kr,4,0.33762,0.0015,0.33753,0.001,0.337,0.001,41.1477,0.176101,21.8947,0.174019,9.287
1300912,10,0.33778,0.00122,0.3378,0.0005,0.33834,0.0005,41.1537,0.233862,21.9007,0.232298,9.744
380318,15,0.33818,0.0015,0.33825,0.001,0.3367,0.001,41.145,0.211242,21.892,0.20951,11.443
580276,15,0.33848,0.0015,0.33851,0.001,0.339,0.001,41.1131,0.200412,21.8601,0.198585,10.421
1343337,10,0.33897,0.00122,0.339,0.0005,0.33947,0.0005,41.0555,0.356511,21.8025,0.355487,9.832
04D3nh,4,0.34061,0.0015,0.34051,0.001,0.34,0.001,41.1737,0.192422,21.9207,0.190519,9.356
320258,15,0.34098,0.0015,0.3409,0.001,0.342,0.001,41.0587,0.1943,21.8057,0.192415,10.956
2533,1,0.34111,0.00512,0.34101,0.005,0.3422,0.005,41.0641,0.255103,21.8111,0.25367,9.755
1336009,10,0.34169,0.00123,0.34176,0.0005,0.3427,0.0005,41.2122,0.321008,21.9592,0.319871,9.634
1346387,10,0.34446,0.00512,0.34448,0.005,0.345,0.005,41.3081,0.152468,22.0551,0.150058,10.812
350606,15,0.34448,0.0015,0.3445,0.001,0.345,0.001,41.2914,0.299203,22.0384,0.297982,10.6991
1329312,10,0.34487,0.00123,0.34479,0.0005,0.34586,0.0005,41.2333,0.171671,21.9803,0.169534,11.115
470110,15,0.34545,0.0015,0.34547,0.001,0.346,0.001,41.2033,0.23021,21.9503,0.228622,10.57
03D1bp,4,0.34602,0.0015,0.34594,0.001,0.347,0.001,41.3318,0.136683,22.0788,0.13399,10.821
310090,15,0.34696,0.0015,0.34686,0.001,0.3485,0.001,41.4163,0.370346,22.1633,0.36936,11.5
050301,15,0.34717,0.0015,0.34704,0.001,0.347,0.001,41.1174,0.244272,21.8644,0.242775,10.5212
330089,15,0.34881,0.0015,0.34872,0.001,0.3498,0.001,41.3721,0.218415,22.1191,0.21674,9.651
160198,15,0.3491,0.00151,0.34899,0.001,0.3489,0.001,41.2499,0.158604,21.9969,0.156289,9.881
1258906,10,0.34912,0.00123,0.34918,0.0005,0.35013,0.0005,41.282,0.206036,22.029,0.204259,9.195
070955,15,0.34932,0.00151,0.3492,0.001,0.3491,0.001,41.1406,0.157954,21.8876,0.155629,9.513
380279,15,0.34939,0.00151,0.34946,0.001,0.3479,0.001,41.2033,0.168604,21.9503,0.166428,10.971
04D2mc,4,0.34949,0.00151,0.34957,0.001,0.348,0.001,41.005,0.226318,21.752,0.224702,10.96
05D2ie,4,0.34949,0.00151,0.34956,0.001,0.348,0.001,41.3756,0.171432,22.1226,0.169292,9.287
440185,15,0.34949,0.01006,0.34952,0.01,0.35,0.01,41.1526,0.205831,21.8996,0.204053,7.0
20186,1,0.34968,0.00123,0.34957,0.0005,0.3512,0.0005,41.4873,0.287684,22.2343,0.286414,7.0
1248677,10,0.35015,0.00123,0.35017,0.0005,0.35067,0.0005,41.1867,0.147015,21.9337,0.144515,9.845
000196,15,0.35059,0.00151,0.35066,0.001,0.3491,0.001,41.2342,0.163121,21.9812,0.160871,9.66
050296,15,0.35099,0.00151,0.35087,0.001,0.3508,0.001,41.2532,0.161378,22.0002,0.159103,10.905
05D2hc,4,0.35149,0.01006,0.35157,0.01,0.35,0.01,41.4798,0.209505,22.2268,0.207758,10.977
120400,15,0.35149,0.00151,0.35156,0.001,0.35,0.001,41.3343,0.138963,22.0813,0.136315,9.83
160197,15,0.35372,0.00151,0.35361,0.001,0.3535,0.001,41.3657,0.191944,22.1127,0.190035,10.158
05D2mp,4,0.35519,0.0012,0.35527,0.0004,0.3537,0.0004,41.4647,0.223042,22.2117,0.221402,8.657
1688,1,0.35774,0.00113,0.35767,1e-05,0.35916,1e-05,41.3574,0.291964,22.1044,0.290713,10.379
1334423,10,0.358,0.00124,0.35791,0.0005,0.35888,0.0005,41.3539,0.215252,22.1009,0.213552,9.499
04D3fk,4,0.35842,0.00133,0.35833,0.0007,0.3578,0.0007,41.2423,0.215992,21.9893,0.214298,10.189
04D2fs,4,0.3585,0.00151,0.35858,0.001,0.357,0.001,41.1484,0.288995,21.8954,0.287731,8.386
1280217,10,0.35909,0.00513,0.35901,0.005,0.36,0.005,41.1532,0.305677,21.9002,0.304482,8.92
160070,15,0.35909,0.00151,0.35897,0.001,0.3589,0.001,41.4429,0.171109,22.1899,0.168965,11.119
1307830,10,0.35946,0.00513,0.35949,0.005,0.36,0.005,41.4213,0.15447,22.1683,0.152092,10.399
050293,15,0.36017,0.00151,0.36005,0.001,0.36,0.001,41.187,0.191161,21.934,0.189244,8.555
160126,15,0.36034,0.00151,0.36023,0.001,0.3595,0.001,41.0791,0.230289,21.8261,0.2287,10.914
470244,15,0.36091,0.01006,0.36081,0.01,0.36,0.01,41.4328,0.197529,22.1798,0.195675,9.115
420417,15,0.36147,0.00151,0.36138,0.001,0.363,0.001,41.1159,0.288022,21.8629,0.286753,10.934
1294014,10,0.3628,0.00124,0.36272,0.0005,0.36367,0.0005,41.2452,0.209997,21.9922,0.208254,9.451
1346137,10,0.36325,0.00124,0.36326,0.0005,0.36379,0.0005,41.364,0.215101,22.111,0.2134,10.093
560121,15,0.36499,0.00152,0.36491,0.001,0.366,0.001,41.4626,0.291566,22.2096,0.290313,8.461
100358,15,0.36623,0.00152,0.36613,0.001,0.3678,0.001,41.136,0.226225,21.883,0.224608,9.553
190209,15,0.36656,0.00152,0.36648,0.001,0.3681,0.001,41.2327,0.155657,21.9797,0.153297,11.5
1308582,10,0.36713,0.00124,0.36705,0.0005,0.36812,0.0005,41.2088,0.151911,21.9558,0.149493,10.698
350083,15,0.3679,0.00152,0.3678,0.001,0.367,0.001,41.2627,0.165575,22.0097,0.163359,9.755
04D1hd,4,0.36799,0.00152,0.36791,0.001,0.369,0.001,41.4699,0.158375,22.2169,0.156057,8.199
1343533,10,0.36839,0.00125,0.36844,0.0005,0.36947,0.0005,41.5479,0.336428,22.2949,0.335343,10.759
1283936,10,0.36857,0.00125,0.36862,0.0005,0.3696,0.0005,41.463,0.345551,22.21,0.344494,9.65
15704,1,0.36962,0.00114,0.36952,4e-05,0.37055,4e-05,41.4498,0.244353,22.1968,0.242857,10.933
18091,1,0.36987,0.00114,0.36977,3e-05,0.37114,3e-05,41.2185,0.255045,21.9655,0.253612,10.972
510578,15,0.37023,0.01007,0.37012,0.01,0.37,0.01,41.3794,0.188778,22.1264,0.186837,9.8142
04D2cf,4,0.37052,0.00152,0.37059,0.001,0.369,0.001,41.3759,0.163241,22.1229,0.160993,10.809
05D4bm,4,0.37053,0.00152,0.37051,0.001,0.372,0.001,41.3833,0.160025,22.1303,0.157731,9.047
13136,1,0.37057,0.00114,0.37046,4e-05,0.37206,4e-05,41.6395,0.256631,22.3865,0.255207,11.433
05D3jr,4,0.37062,0.01007,0.37053,0.01,0.37,0.01,41.273,0.282407,22.02,0.281113,8.008
390471,15,0.37062,0.00152,0.37053,0.001,0.37,0.001,41.0698,0.135854,21.8168,0.133144,10.504
320469,15,0.37095,0.00152,0.37087,0.001,0.372,0.001,41.4098,0.39052,22.1568,0.389586,11.5
1291957,10,0.37138,0.00125,0.37143,0.0005,0.37244,0.0005,41.334,0.168104,22.081,0.165922,7.0
000199,15,0.37153,0.00152,0.3716,0.001,0.37,0.001,41.3842,0.116639,22.1312,0.11347,10.475
05D4fo,4,0.37153,0.00152,0.3715,0.001,0.373,0.001,41.4289,0.165418,22.1759,0.1632,8.381
05D4cw,4,0.37353,0.00152,0.37351,0.001,0.375,0.001,41.3114,0.133039,22.0584,0.13027,10.503
16232,1,0.37436,0.00115,0.37426,5e-05,0.37573,5e-05,41.4722,0.234786,22.2192,0.233228,10.651
1299643,10,0.37676,0.00125,0.37678,0.0005,0.37727,0.0005,41.4155,0.15471,22.1625,0.152336,9.253
1282736,10,0.37805,0.00125,0.37798,0.0005,0.37908,0.0005,41.3598,0.223183,22.1068,0.221544,10.603
590031,15,0.37852,0.00152,0.37859,0.001,0.377,0.001,41.4271,0.182401,22.1741,0.180392,10.283
7779,1,0.37991,0.00125,0.37986,0.0005,0.3812,0.0005,41.2959,0.219919,22.0429,0.218255,11.174
320099,15,0.37997,0.00152,0.37989,0.001,0.381,0.001,41.4154,0.163795,22.1624,0.161555,10.7107
500057,15,0.38061,0.01007,0.38052,0.01,0.38,0.01,41.4614,0.188044,22.2084,0.186096,9.102
110425,15,0.38092,0.00153,0.38083,0.001,0.38,0.001,41.4511,0.201434,22.1981,0.199616,9.563
1299785,10,0.38129,0.00126,0.38131,0.0005,0.38182,0.0005,41.4549,0.20413,22.2019,0.202337,10.185
000011,15,0.38153,0.00153,0.3816,0.001,0.38,0.001,41.6775,0.218983,22.4245,0.217312,11.5
040150,15,0.38185,0.00153,0.38174,0.001,0.381,0.001,41.5615,0.198898,22.3085,0.197057,8.413
580275,15,0.38248,0.00153,0.3825,0.001,0.383,0.001,41.3726,0.265174,22.1196,0.263796,11.33
1343401,10,0.38291,0.00126,0.38284,0.0005,0.38397,0.0005,41.3678,0.206585,22.1148,0.204813,10.74
1281886,10,0.38402,0.00126,0.38394,0.0005,0.38493,0.0005,41.5182,0.20184,22.2652,0.200026,9.727
360139,15,0.386,0.00153,0.38594,0.001,0.385,0.001,41.5217,0.152114,22.2687,0.149698,11.022
1338170,10,0.38672,0.00126,0.38677,0.0005,0.3878,0.0005,41.3791,0.270807,22.1261,0.269458,9.889
550218,15,0.38744,0.00153,0.38735,0.001,0.389,0.001,41.5567,0.273474,22.3037,0.272138,9.1626
050251,15,0.38781,0.00153,0.38772,0.001,0.3872,0.001,41.6302,0.283892,22.3772,0.282606,11.401
420352,15,0.38895,0.01007,0.38886,0.01,0.39,0.01,41.383,0.199578,22.13,0.197743,9.185
1290779,10,0.38949,0.00513,0.38951,0.005,0.39,0.005,41.544,0.192176,22.291,0.190269,7.0
120086,15,0.39255,0.00153,0.39262,0.001,0.391,0.001,41.4742,0.237288,22.2212,0.235747,11.029
1291794,10,0.3951,0.00127,0.39512,0.0005,0.3956,0.0005,41.4677,0.203648,22.2147,0.20185,10.935
1296273,10,0.39706,0.00513,0.39698,0.005,0.398,0.005,41.259,0.168535,22.006,0.166358,8.564
1333438,10,0.39944,0.00127,0.39946,0.0005,0.4,0.0005,41.7119,0.28782,22.4589,0.286551,10.682
05D4ff,4,0.4005,0.00154,0.40048,0.001,0.402,0.001,41.4918,0.158339,22.2388,0.15602,10.543
110734,15,0.40221,0.00154,0.40212,0.001,0.4013,0.001,41.4795,0.199524,22.2265,0.197688,11.404
580312,15,0.40293,0.00154,0.40286,0.001,0.404,0.001,41.5478,0.290402,22.2948,0.289144,10.527
1329615,10,0.40368,0.00127,0.40361,0.0005,0.40474,0.0005,41.616,0.213828,22.363,0.212116,10.908
06D3ed,4,0.40463,0.00154,0.40454,0.001,0.404,0.001,41.6747,0.166047,22.4217,0.163837,9.512
350050,15,0.40483,0.00154,0.40472,0.001,0.404,0.001,41.3373,0.202033,22.0843,0.200221,10.504
05D4dt,4,0.4055,0.00154,0.40547,0.001,0.407,0.001,41.7807,0.135518,22.5277,0.132801,10.429
1308314,10,0.40646,0.00514,0.40648,0.005,0.407,0.005,41.6914,0.168815,22.4384,0.166642,7.522
1341370,10,0.40895,0.00514,0.409,0.005,0.41,0.005,41.7002,0.240024,22.4472,0.2385,8.648
1306390,10,0.4092,0.00128,0.40911,0.0005,0.41009,0.0005,41.7405,0.363654,22.4875,0.36265,10.29
450339,15,0.40935,0.00154,0.40927,0.001,0.4104,0.001,41.7061,0.274957,22.4531,0.273629,10.546
06D4cq,4,0.40949,0.00154,0.40947,0.001,0.411,0.001,41.6784,0.172193,22.4254,0.170063,9.107
020090,15,0.41004,0.00154,0.40995,0.001,0.4094,0.001,41.6836,0.279968,22.4306,0.278663,11.32
1307277,10,0.41123,0.00128,0.41114,0.0005,0.41216,0.0005,41.662,0.318089,22.409,0.316941,10.612
530251,15,0.4114,0.00154,0.41131,0.001,0.413,0.001,41.8335,0.242677,22.5805,0.241171,9.3809
520071,15,0.41161,0.00154,0.41152,0.001,0.411,0.001,41.8131,0.149106,22.5601,0.146641,10.641
1315296,10,0.41266,0.00128,0.41258,0.0005,0.41363,0.0005,41.7893,0.330128,22.5363,0.329022,9.821
04D2fp,4,0.41657,0.00155,0.41664,0.001,0.415,0.001,41.7295,0.149208,22.4765,0.146745,10.235
05D2dw,4,0.41857,0.00155,0.41864,0.001,0.417,0.001,41.6174,0.202099,22.3644,0.200288,8.815
440162,15,0.41936,0.00155,0.41927,0.001,0.421,0.001,41.6863,0.192599,22.4333,0.190697,11.5
550137,15,0.41939,0.00155,0.41931,0.001,0.421,0.001,41.4604,0.22264,22.2074,0.220996,10.086
1289600,10,0.4196,0.00129,0.41962,0.0005,0.42019,0.0005,41.8662,0.224621,22.6132,0.222992,9.712
05D3cf,4,0.41965,0.00155,0.41956,0.001,0.419,0.001,41.7981,0.235757,22.5451,0.234205,9.609
1340454,10,0.41995,0.00129,0.41997,0.0005,0.42047,0.0005,41.4394,0.294415,22.1864,0.293175,9.909
550202,15,0.42036,0.00155,0.42027,0.001,0.422,0.001,41.8343,0.344188,22.5813,0.343127,9.751
1306626,10,0.42088,0.00129,0.4209,0.0005,0.4214,0.0005,41.6178,0.17643,22.3648,0.174351,9.031
110430,15,0.42094,0.00155,0.42085,0.001,0.42,0.001,41.728,0.250117,22.475,0.248656,9.14
1306991,10,0.42195,0.00129,0.42199,0.0005,0.42306,0.0005,41.5336,0.270821,22.2806,0.269472,10.919
04D4gg,4,0.42247,0.00155,0.42245,0.001,0.424,0.001,41.6483,0.231707,22.3953,0.230128,10.057
1345594,10,0.42249,0.00129,0.42242,0.0005,0.4236,0.0005,41.6796,0.275449,22.4266,0.274122,11.19
490037,15,0.42348,0.00155,0.42355,0.001,0.4219,0.001,41.5955,0.186465,22.3425,0.1845,11.417
160200,15,0.4236,0.00155,0.42349,0.001,0.4234,0.001,41.8403,0.400817,22.5873,0.399906,10.867
1302523,10,0.42399,0.00129,0.42392,0.0005,0.42505,0.0005,41.7264,0.13417,22.4734,0.131426,10.498
1312274,10,0.42459,0.00129,0.42451,0.0005,0.42551,0.0005,41.7483,0.195831,22.4953,0.193961,10.494
1295027,10,0.42568,0.00129,0.42562,0.0005,0.42676,0.0005,41.7039,0.195468,22.4509,0.193594,10.091
1258940,10,0.42602,0.00129,0.42594,0.0005,0.42694,0.0005,41.7517,0.175449,22.4987,0.173359,11.223
050003,15,0.427,0.00155,0.42689,0.001,0.4268,0.001,41.813,0.229539,22.56,0.227945,8.371
110542,15,0.42703,0.00155,0.42694,0.001,0.4261,0.001,41.8348,0.198324,22.5818,0.196477,10.595
110719,15,0.42793,0.00155,0.42784,0.001,0.427,0.001,42.2757,0.23861,23.0227,0.237078,11.348
05D2cb,4,0.42859,0.00156,0.42865,0.001,0.427,0.001,41.8825,0.403543,22.6295,0.402639,9.534
440236,15,0.42895,0.01007,0.42888,0.01,0.43,0.01,41.6443,0.193398,22.3913,0.191504,11.413
1306029,10,0.42903,0.00514,0.42895,0.005,0.43,0.005,41.8266,0.250757,22.5736,0.249299,7.0
100101,15,0.42976,0.00156,0.42967,0.001,0.4288,0.001,41.9219,0.19807,22.6689,0.196222,11.5
080723,15,0.4302,0.00156,0.43013,0.001,0.4313,0.001,41.8354,0.165783,22.5824,0.163569,9.753
04D1rh,4,0.43494,0.00156,0.43487,0.001,0.436,0.001,41.7828,0.183674,22.5298,0.181679,9.888
06D4co,4,0.43546,0.00156,0.43544,0.001,0.437,0.001,41.5839,0.13365,22.3309,0.130894,10.627
000142,15,0.43683,0.00156,0.43673,0.001,0.436,0.001,42.0051,0.1818,22.7521,0.179784,11.5
1336008,10,0.4376,0.0013,0.43765,0.0005,0.43867,0.0005,41.6253,0.16614,22.3723,0.163932,9.833
1333246,10,0.43783,0.0013,0.43774,0.0005,0.43879,0.0005,41.882,0.356877,22.629,0.355854,10.905
1310338,10,0.4389,0.00514,0.43883,0.005,0.44,0.005,41.4679,0.211194,22.2149,0.209461,7.0
560027,15,0.43891,0.00156,0.43883,0.001,0.44,0.001,41.6682,0.279961,22.4152,0.278656,11.5
050607,15,0.43935,0.00156,0.43926,0.001,0.4387,0.001,41.8262,0.202784,22.5732,0.200978,9.458
040166,15,0.44013,0.00156,0.44004,0.001,0.4395,0.001,42.1401,0.441915,22.8871,0.44109,8.798
510266,15,0.44067,0.01007,0.44059,0.01,0.44,0.01,41.6364,0.160177,22.3834,0.157885,11.5
1328105,10,0.44149,0.0013,0.44154,0.0005,0.44259,0.0005,41.6823,0.183572,22.4293,0.181576,11.204
1295256,10,0.44245,0.00514,0.44246,0.005,0.443,0.005,41.8523,0.172891,22.5993,0.17077,8.803
06D3df,4,0.44263,0.00156,0.44254,0.001,0.442,0.001,41.9039,0.139699,22.6509,0.137065,10.46
06D2gb,4,0.44361,0.00157,0.44368,0.001,0.442,0.001,41.793,0.182219,22.54,0.180208,10.905
1291080,10,0.44391,0.00514,0.44384,0.005,0.445,0.005,41.8069,0.290347,22.5539,0.289089,8.582
040137,15,0.44764,0.00157,0.44756,0.001,0.447,0.001,41.8552,0.223954,22.6022,0.222321,8.743
1328066,10,0.44886,0.00514,0.4489,0.005,0.45,0.005,41.8853,0.221814,22.6323,0.220164,9.902
1320166,10,0.44891,0.00514,0.44896,0.005,0.45,0.005,41.9875,0.215648,22.7345,0.213951,7.0
050580,15,0.45068,0.00157,0.4506,0.001,0.45,0.001,41.6446,0.157686,22.3916,0.155357,10.422
520016,15,0.45106,0.01007,0.451,0.01,0.45,0.01,41.9281,0.213431,22.6751,0.211716,10.011
04D2gb,4,0.45162,0.01007,0.45169,0.01,0.45,0.01,41.5892,0.225346,22.3362,0.223723,10.246
120094,15,0.45162,0.00157,0.45169,0.001,0.45,0.001,41.9923,0.154715,22.7393,0.152341,11.5
04D3gt,4,0.45163,0.00157,0.45155,0.001,0.451,0.001,41.7162,0.305385,22.4632,0.304189,11.34
1290127,10,0.45218,0.00131,0.45223,0.0005,0.4533,0.0005,41.9959,0.320076,22.7429,0.318935,2.0
1253101,10,0.45328,0.00131,0.45333,0.0005,0.4544,0.0005,41.7953,0.207786,22.5423,0.206024,8.526
1253039,10,0.45346,0.00514,0.45347,0.005,0.454,0.005,41.8863,0.14411,22.6333,0.141558,10.795
1334302,10,0.45458,0.00131,0.45463,0.0005,0.4557,0.0005,41.7873,0.209236,22.5343,0.207487,10.519
1306360,10,0.45477,0.00131,0.45478,0.0005,0.45534,0.0005,41.8839,0.284149,22.631,0.282863,10.646
1345582,10,0.45885,0.00515,0.45878,0.005,0.46,0.005,41.9679,0.252185,22.7149,0.250735,9.914
380199,15,0.46064,0.01007,0.46055,0.01,0.46,0.01,42.0021,0.190943,22.7491,0.189025,10.683
510597,15,0.46104,0.01007,0.46098,0.01,0.46,0.01,42.0162,0.230251,22.7632,0.228663,9.9066
05D3lc,4,0.46164,0.00158,0.46156,0.001,0.461,0.001,41.9839,0.138441,22.7309,0.135783,10.777
03D4au,4,0.46643,0.00158,0.46641,0.001,0.468,0.001,42.3424,0.396492,23.0894,0.395571,9.464
000215,15,0.46654,0.00158,0.4666,0.001,0.4649,0.001,42.048,0.135922,22.795,0.133213,8.707
04D4jr,4,0.46842,0.01007,0.4684,0.01,0.47,0.01,41.9733,0.206146,22.7203,0.20437,8.024
1339149,10,0.46887,0.00132,0.4688,0.0005,0.46998,0.0005,41.7631,0.234035,22.5101,0.232472,9.94
04D4ju,4,0.47042,0.00158,0.47039,0.001,0.472,0.001,42.2151,0.404516,22.9621,0.403614,9.239
05D3mx,4,0.47065,0.01007,0.47057,0.01,0.47,0.01,42.0135,0.180637,22.7605,0.178608,10.788
370367,15,0.47163,0.00158,0.4717,0.001,0.47,0.001,41.9798,0.210913,22.7268,0.209178,9.631
1316437,10,0.47204,0.00515,0.47196,0.005,0.473,0.005,42.0374,0.25691,22.7844,0.255487,9.413
05D2bv,4,0.47565,0.00159,0.47572,0.001,0.474,0.001,41.938,0.177112,22.685,0.175042,8.838
370329,15,0.47786,0.00159,0.47793,0.001,0.4762,0.001,42.2269,0.228278,22.9739,0.226675,9.642
310146,15,0.47941,0.01008,0.47943,0.01,0.48,0.01,41.8695,0.203883,22.6165,0.202088,9.3245
1306537,10,0.47946,0.00515,0.47948,0.005,0.48,0.005,42.0107,0.198987,22.7577,0.197147,9.666
560054,15,0.47988,0.00159,0.4798,0.001,0.4816,0.001,41.8956,0.237796,22.6426,0.236258,10.84
05D3dd,4,0.48064,0.01008,0.48056,0.01,0.48,0.01,42.0041,0.160362,22.7511,0.158073,11.222
05D2ac,4,0.48065,0.00159,0.48071,0.001,0.479,0.001,41.9748,0.139221,22.7218,0.136578,11.153
120044,15,0.48164,0.00159,0.48171,0.001,0.48,0.001,42.3055,0.210887,23.0525,0.209151,8.7828
05D1ix,4,0.48888,0.01008,0.48881,0.01,0.49,0.01,42.0842,0.199732,22.8312,0.197899,7.466
1292145,10,0.49244,0.00134,0.49246,0.0005,0.493,0.0005,42.2783,0.335403,23.0253,0.334315,9.218
1343208,10,0.49499,0.00134,0.49501,0.0005,0.49558,0.0005,42.0821,0.165011,22.8291,0.162788,10.385
1305504,10,0.49566,0.00134,0.4956,0.0005,0.49679,0.0005,42.1453,0.120919,22.8923,0.117866,10.953
03D1ax,4,0.49579,0.00126,0.49572,0.00015,0.49692,0.00015,42.0817,0.153945,22.8287,0.151559,11.5
05D4af,4,0.49739,0.0016,0.49737,0.001,0.499,0.001,42.1268,0.225856,22.8738,0.224236,8.986
06D2bk,4,0.50067,0.0016,0.50073,0.001,0.499,0.001,42.257,0.253816,23.004,0.252376,8.617
350374,15,0.50098,0.0016,0.5009,0.001,0.5,0.001,42.1165,0.283133,22.8635,0.281843,10.9632
1337272,10,0.50282,0.00135,0.50276,0.0005,0.504,0.0005,42.161,0.218549,22.908,0.216875,8.602
030006,15,0.50285,0.0016,0.50276,0.001,0.502,0.001,42.0703,0.312874,22.8173,0.311707,9.524
510457,15,0.50306,0.0016,0.503,0.001,0.502,0.001,42.1484,0.311282,22.8954,0.310109,8.9025
03D1au,4,0.50316,0.00135,0.50309,0.0005,0.5043,0.0005,42.1444,0.228687,22.8914,0.227088,9.517
1335472,10,0.50593,0.00135,0.50598,0.0005,0.50705,0.0005,42.079,0.166703,22.826,0.164502,10.125
1343759,10,0.50615,0.00135,0.50617,0.0005,0.50677,0.0005,42.1043,0.151709,22.8513,0.149287,9.74
310091,15,0.50725,0.00161,0.50716,0.001,0.509,0.001,42.2358,0.180974,22.9828,0.178949,9.066
05D4av,4,0.50739,0.00161,0.50737,0.001,0.509,0.001,42.2419,0.288822,22.9889,0.287557,10.285
090201,15,0.50825,0.00161,0.50817,0.001,0.51,0.001,42.0193,0.184312,22.7663,0.182324,8.684
180313,15,0.51016,0.00161,0.51006,0.001,0.51,0.001,42.0945,0.144405,22.8415,0.141859,8.8262
110484,15,0.51095,0.00161,0.51087,0.001,0.51,0.001,42.0583,0.239085,22.8053,0.237556,8.86
05D2dy,4,0.51169,0.01008,0.51175,0.01,0.51,0.01,42.3885,0.227281,23.1355,0.225672,7.738
04D1pg,4,0.51387,0.00161,0.5138,0.001,0.515,0.001,42.2567,0.35966,23.0037,0.358645,9.808
04D4in,4,0.51437,0.00136,0.51435,0.0005,0.516,0.0005,42.2259,0.196162,22.9729,0.194295,9.101
04D2mj,4,0.51469,0.00161,0.51475,0.001,0.513,0.001,42.3259,0.402924,23.0729,0.402018,9.548
1338430,10,0.51726,0.00136,0.51718,0.0005,0.5183,0.0005,42.0932,0.190441,22.8402,0.188517,10.781
1334470,10,0.51883,0.00516,0.51876,0.005,0.52,0.005,42.1949,0.250421,22.9419,0.248961,7.0
310260,15,0.51885,0.01008,0.51879,0.01,0.52,0.01,42.1824,0.209558,22.9294,0.207812,8.7967
450175,15,0.51941,0.00161,0.51943,0.001,0.52,0.001,42.2438,0.315111,22.9908,0.313952,7.0
06D3el,4,0.51968,0.00161,0.5196,0.001,0.519,0.001,42.2905,0.196455,23.0375,0.194591,9.554
04D2gc,4,0.52271,0.00162,0.52277,0.001,0.521,0.001,42.3496,0.273927,23.0966,0.272593,9.326
1295921,10,0.524,0.00516,0.52393,0.005,0.525,0.005,42.1774,0.369236,22.9244,0.368248,9.097
1322229,10,0.5262,0.00137,0.52613,0.0005,0.52736,0.0005,42.1702,0.223271,22.9172,0.221632,9.746
050005,15,0.52859,0.00162,0.52851,0.001,0.5279,0.001,42.0855,0.188829,22.8325,0.186889,9.633
1322979,10,0.52937,0.00516,0.52939,0.005,0.53,0.005,42.2913,0.141023,23.0383,0.138414,7.861
330106,15,0.53099,0.00162,0.53091,0.001,0.53,0.001,41.8802,0.23431,22.6272,0.232749,7.0
160066,15,0.53111,0.00162,0.53105,0.001,0.53,0.001,42.5109,0.289268,23.2579,0.288005,8.864
1338471,10,0.53124,0.00137,0.53117,0.0005,0.53228,0.0005,42.5253,0.38093,23.2723,0.379971,10.123
1337703,10,0.53225,0.00137,0.53226,0.0005,0.53281,0.0005,41.9821,0.221979,22.7291,0.220331,10.583
06D2ca,4,0.53271,0.00162,0.53277,0.001,0.531,0.001,42.2472,0.294354,22.9942,0.293113,9.808
06D2cc,4,0.53372,0.00162,0.53377,0.001,0.532,0.001,42.1649,0.273819,22.9119,0.272484,10.87
05D4ek,4,0.53435,0.00162,0.53433,0.001,0.536,0.001,42.1433,0.225295,22.8903,0.223672,10.855
05D4be,4,0.53534,0.00162,0.53532,0.001,0.537,0.001,42.3205,0.204703,23.0675,0.202915,9.44
05D2eb,4,0.53572,0.00162,0.53578,0.001,0.534,0.001,42.2134,0.209507,22.9604,0.20776,8.676
1289656,10,0.53942,0.00516,0.53944,0.005,0.54,0.005,42.3338,0.244476,23.0808,0.24298,8.727
110426,15,0.54097,0.00163,0.54089,0.001,0.54,0.001,42.2791,0.233447,23.0261,0.23188,11.017
1324542,10,0.54152,0.00138,0.54154,0.0005,0.5421,0.0005,42.53,0.24247,23.277,0.240962,9.182
520041,15,0.54545,0.00163,0.5454,0.001,0.5443,0.001,42.5633,0.191404,23.3103,0.18949,10.672
04D4bq,4,0.54834,0.01008,0.54832,0.01,0.55,0.01,42.0235,0.363222,22.7705,0.362217,8.706
1306980,10,0.54881,0.00516,0.54886,0.005,0.55,0.005,42.1695,0.378555,22.9165,0.377591,10.095
050201,15,0.55021,0.00163,0.55011,0.001,0.55,0.001,42.3253,0.19588,23.0723,0.19401,10.3896
06D4bo,4,0.55033,0.00163,0.55031,0.001,0.552,0.001,42.3728,0.208456,23.1198,0.2067,9.96
1339450,10,0.55046,0.00139,0.55048,0.0005,0.55105,0.0005,42.4104,0.376261,23.1574,0.375291,11.044
04D3hn,4,0.55267,0.00164,0.5526,0.001,0.552,0.001,42.1938,0.244151,22.9408,0.242653,10.79
06D2ck,4,0.55375,0.00164,0.5538,0.001,0.552,0.001,42.49,0.207133,23.237,0.205365,11.193
1337117,10,0.55384,0.00139,0.55389,0.0005,0.555,0.0005,42.0827,0.177409,22.8297,0.175342,8.813
05D1ee,4,0.55782,0.00164,0.55775,0.001,0.559,0.001,42.4389,0.195189,23.1859,0.193312,10.973
05D1kl,4,0.55882,0.00164,0.55875,0.001,0.56,0.001,42.7331,0.3833,23.4801,0.382347,8.425
04D1hx,4,0.55882,0.00164,0.55875,0.001,0.56,0.001,42.2975,0.356215,23.0445,0.35519,9.645
1289555,10,0.56181,0.0014,0.56174,0.0005,0.56289,0.0005,42.2937,0.227829,23.0407,0.226224,9.278
1303952,10,0.56269,0.0014,0.56263,0.0005,0.56387,0.0005,42.6016,0.265242,23.3486,0.263864,11.137
05D1cc,4,0.56283,0.00164,0.56276,0.001,0.564,0.001,42.4296,0.234712,23.1766,0.233154,9.316
1285317,10,0.56437,0.0014,0.56441,0.0005,0.56555,0.0005,42.3928,0.221111,23.1398,0.219457,8.739
1330903,10,0.56437,0.0014,0.5643,0.0005,0.56544,0.0005,42.4881,0.207587,23.2351,0.205824,10.328
1338278,10,0.56437,0.0014,0.56431,0.0005,0.5656,0.0005,42.3969,0.296515,23.1439,0.295284,9.919
05D1dn,4,0.56481,0.00164,0.56475,0.001,0.566,0.001,42.4873,0.19275,23.2343,0.190849,10.234
1317454,10,0.56879,0.00517,0.56883,0.005,0.57,0.005,42.2407,0.262337,22.9877,0.260944,7.0
1306785,10,0.57542,0.00141,0.57535,0.0005,0.57667,0.0005,42.1912,0.452867,22.9382,0.452062,10.989
05D2dt,4,0.57577,0.00165,0.57583,0.001,0.574,0.001,42.5915,0.213158,23.3385,0.211441,10.244
050203,15,0.57619,0.00165,0.57609,0.001,0.576,0.001,42.4887,0.202103,23.2357,0.200291,8.835
06D3et,4,0.57668,0.00165,0.57661,0.001,0.576,0.001,42.4263,0.166843,23.1733,0.164644,10.766
1337228,10,0.57737,0.00141,0.57741,0.0005,0.57858,0.0005,42.645,0.290949,23.392,0.289693,10.341
03D4gf,4,0.5783,0.01009,0.57829,0.01,0.58,0.01,42.4174,0.24485,23.1644,0.243357,7.638
110721,15,0.57831,0.00165,0.57823,0.001,0.5773,0.001,42.4512,0.241176,23.1982,0.23966,11.5
05D1dx,4,0.57882,0.01009,0.57875,0.01,0.58,0.01,42.4272,0.214391,23.1742,0.212684,9.416
1332059,10,0.57891,0.00517,0.57884,0.005,0.58,0.005,42.5317,0.231686,23.2787,0.230108,7.0
05D3jq,4,0.57967,0.00165,0.57959,0.001,0.579,0.001,42.3923,0.23116,23.1393,0.229578,8.832
05D3gp,4,0.58067,0.01009,0.5806,0.01,0.58,0.01,42.573,0.262496,23.32,0.261104,9.015
03D1aw,4,0.5808,0.00517,0.58073,0.005,0.582,0.005,42.7061,0.239821,23.4531,0.238297,9.169
04D1jg,4,0.58301,0.00141,0.58294,0.0005,0.5842,0.0005,42.5408,0.168029,23.2878,0.165845,11.338
05D4ej,4,0.5833,0.00166,0.58328,0.001,0.585,0.001,42.7974,0.186201,23.5444,0.184233,10.133
04D1kj,4,0.58382,0.00166,0.58375,0.001,0.585,0.001,42.4765,0.198486,23.2235,0.196641,9.929
04D1sa,4,0.58382,0.00166,0.58375,0.001,0.585,0.001,42.6489,0.184752,23.3959,0.182769,10.623
1338387,10,0.5839,0.00517,0.58382,0.005,0.585,0.005,42.4199,0.199369,23.1669,0.197532,7.0
05D1hm,4,0.58582,0.00166,0.58575,0.001,0.587,0.001,42.707,0.37297,23.454,0.371991,9.854
05D4bf,4,0.5873,0.00166,0.58728,0.001,0.589,0.001,42.6241,0.203038,23.3711,0.201234,10.23
04D1oh,4,0.58879,0.01009,0.58873,0.01,0.59,0.01,42.5021,0.220032,23.2491,0.218369,9.17
03D4gg,4,0.59029,0.00166,0.59028,0.001,0.592,0.001,42.5156,0.248253,23.2626,0.246781,10.162
04D2mh,4,0.59179,0.01009,0.59184,0.01,0.59,0.01,42.4508,0.255828,23.1978,0.254399,9.097
05D3lr,4,0.60067,0.01009,0.6006,0.01,0.6,0.01,42.6116,0.278838,23.3586,0.277528,10.873
1338233,10,0.60155,0.00143,0.60149,0.0005,0.60279,0.0005,42.7562,0.394779,23.5032,0.393855,10.984
05D4ef,4,0.60328,0.00167,0.60327,0.001,0.605,0.001,42.7503,0.2001,23.4973,0.19827,10.437
1335564,10,0.60626,0.00143,0.6062,0.0005,0.6075,0.0005,42.6158,0.275076,23.3628,0.273748,9.303
03D4dy,4,0.60827,0.01009,0.60826,0.01,0.61,0.01,42.5904,0.228388,23.3374,0.226786,7.0
1302141,10,0.60876,0.00518,0.6088,0.005,0.61,0.005,42.4282,0.350327,23.1752,0.349285,9.429
1332413,10,0.60878,0.00518,0.60873,0.005,0.61,0.005,42.6179,0.230751,23.3649,0.229166,9.206
05D2he,4,0.60981,0.00167,0.60987,0.001,0.608,0.001,42.6876,0.321483,23.4346,0.320347,9.418
04D3do,4,0.61071,0.01009,0.61064,0.01,0.61,0.01,42.6686,0.184238,23.4156,0.182249,10.485
04D4an,4,0.61127,0.00167,0.61125,0.001,0.613,0.001,42.9049,0.247686,23.6519,0.24621,10.541
1295305,10,0.61177,0.00518,0.61171,0.005,0.613,0.005,42.701,0.16444,23.448,0.162208,8.711
05D1ck,4,0.61577,0.00168,0.61571,0.001,0.617,0.001,42.7085,0.347272,23.4555,0.346221,9.724
1308957,10,0.61875,0.00518,0.61869,0.005,0.62,0.005,42.7164,0.388756,23.4634,0.387817,10.078
1335868,10,0.61941,0.00518,0.61942,0.005,0.62,0.005,42.6948,0.2753,23.4418,0.273973,7.0
000202,15,0.61983,0.00168,0.61988,0.001,0.618,0.001,42.7557,0.154862,23.5027,0.15249,9.943
04D3co,4,0.6207,0.01009,0.62063,0.01,0.62,0.01,42.6988,0.268136,23.4458,0.266773,9.517
04D2an,4,0.62183,0.01009,0.62188,0.01,0.62,0.01,42.5894,0.275623,23.3364,0.274297,7.542
03D4dh,4,0.62525,0.00141,0.62523,0.0004,0.627,0.0004,42.6577,0.215148,23.4047,0.213447,9.414
04D4fx,4,0.62725,0.00169,0.62723,0.001,0.629,0.001,42.585,0.244041,23.332,0.242543,8.305
05D1cb,4,0.63077,0.00169,0.63071,0.001,0.632,0.001,42.6632,0.202856,23.4102,0.201051,10.111
05D2ci,4,0.63183,0.00169,0.63189,0.001,0.63,0.001,42.3111,0.32695,23.0581,0.325833,10.977
03D4at,4,0.63225,0.00169,0.63223,0.001,0.634,0.001,42.8493,0.323662,23.5963,0.322534,8.751
1330642,10,0.63399,0.00145,0.63392,0.0005,0.63521,0.0005,42.5972,0.147609,23.3442,0.145119,9.27
04D1pu,4,0.63777,0.00169,0.63771,0.001,0.639,0.001,42.5298,0.442879,23.2768,0.442055,9.314
1343871,10,0.63794,0.00145,0.63787,0.0005,0.639,0.0005,42.8637,0.31082,23.6107,0.309645,8.743
05D4ag,4,0.63824,0.01009,0.63823,0.01,0.64,0.01,42.6594,0.367516,23.4064,0.366523,8.381
1337325,10,0.63873,0.00518,0.63866,0.005,0.64,0.005,42.7804,0.261646,23.5274,0.26025,7.0
1334879,10,0.63934,0.00518,0.63936,0.005,0.64,0.005,42.79,0.171844,23.537,0.16971,9.666
05D2ec,4,0.64185,0.0017,0.6419,0.001,0.64,0.001,42.8476,0.256941,23.5946,0.255519,9.997
1308568,10,0.64311,0.00146,0.64305,0.0005,0.64442,0.0005,42.3609,0.407842,23.1079,0.406947,8.873
04D3cy,4,0.64371,0.0017,0.64364,0.001,0.643,0.001,42.7992,0.309841,23.5462,0.308662,9.98
05D3ax,4,0.64371,0.0017,0.64363,0.001,0.643,0.001,42.8034,0.316528,23.5504,0.315374,8.442
05D3lb,4,0.6477,0.0017,0.64763,0.001,0.647,0.001,42.819,0.288435,23.566,0.287168,8.931
1338266,10,0.64852,0.00146,0.64846,0.0005,0.6498,0.0005,43.0397,0.272369,23.7867,0.271027,8.965
05D3kt,4,0.6487,0.0017,0.64863,0.001,0.648,0.001,42.7335,0.310678,23.4805,0.309502,9.138
1334707,10,0.64962,0.00146,0.64964,0.0005,0.6503,0.0005,42.7805,0.149571,23.5275,0.147114,9.267
04D1sk,4,0.66213,0.00147,0.66207,0.0005,0.6634,0.0005,42.9793,0.279772,23.7263,0.278466,10.416
05D3hs,4,0.6647,0.00171,0.66463,0.001,0.664,0.001,42.8698,0.233989,23.6168,0.232426,9.004
05D3mh,4,0.67072,0.0101,0.67065,0.01,0.67,0.01,43.0677,0.274795,23.8147,0.273465,10.078
03D1co,4,0.67773,0.00172,0.67767,0.001,0.679,0.001,43.2251,0.311797,23.9721,0.310626,8.647
05D2bt,4,0.6819,0.0101,0.68195,0.01,0.68,0.01,42.8376,0.239367,23.5846,0.23784,7.0
06D3cc,4,0.68372,0.00172,0.68365,0.001,0.683,0.001,43.1716,0.407734,23.9186,0.406839,10.083
04D4ic,4,0.68519,0.00172,0.68517,0.001,0.687,0.001,43.0166,0.366173,23.7636,0.365177,9.325
05D1ke,4,0.68872,0.0101,0.68867,0.01,0.69,0.01,42.8137,0.226508,23.5607,0.224893,8.851
1262715,10,0.68935,0.00519,0.68937,0.005,0.69,0.005,42.8535,0.15677,23.6005,0.154427,11.052
1262214,10,0.68936,0.00519,0.68937,0.005,0.69,0.005,43.0444,0.271991,23.7914,0.270648,8.864
06D3em,4,0.69072,0.0101,0.69065,0.01,0.69,0.01,42.9143,0.425857,23.6613,0.425,9.459
03D4cz,4,0.69318,0.00173,0.69316,0.001,0.695,0.001,42.9162,0.318024,23.6632,0.316876,10.389
04D4ib,4,0.69718,0.00173,0.69716,0.001,0.699,0.001,42.9692,0.212738,23.7162,0.211018,10.994
06D4ba,4,0.69818,0.0101,0.69816,0.01,0.7,0.01,42.9671,0.342807,23.7141,0.341743,8.544
05D4bj,4,0.69918,0.00173,0.69916,0.001,0.701,0.001,42.9402,0.338462,23.6872,0.337384,9.265
05D4cq,4,0.69918,0.00173,0.69916,0.001,0.701,0.001,43.0691,0.215345,23.8161,0.213646,10.554
1335718,10,0.69932,0.0052,0.69933,0.005,0.7,0.005,43.1107,0.155898,23.8577,0.153542,8.642
05D2ck,4,0.69992,0.00173,0.69997,0.001,0.698,0.001,43.1147,0.29538,23.8617,0.294144,10.941
04D1si,4,0.7007,0.00174,0.70064,0.001,0.702,0.001,42.917,0.223194,23.664,0.221555,10.638
04D4hu,4,0.70117,0.00174,0.70115,0.001,0.703,0.001,43.0968,0.261582,23.8438,0.260185,9.475
04D2iu,4,0.70192,0.0101,0.70197,0.01,0.7,0.01,42.8962,0.462713,23.6432,0.461925,7.0
05D2le,4,0.70192,0.00174,0.70198,0.001,0.7,0.001,43.0433,0.252753,23.7903,0.251306,8.033
05D3gv,4,0.71571,0.00175,0.71565,0.001,0.715,0.001,42.9944,0.245932,23.7414,0.244445,10.726
05D3jh,4,0.71874,0.00175,0.71867,0.001,0.718,0.001,42.8739,0.18843,23.6209,0.186486,10.815
1331993,10,0.71968,0.00152,0.71962,0.0005,0.721,0.0005,43.1638,0.204549,23.9108,0.202759,8.931
04D1aj,4,0.71969,0.0101,0.71964,0.01,0.721,0.01,42.97,0.342226,23.717,0.34116,7.0
05D4ev,4,0.72015,0.00175,0.72013,0.001,0.722,0.001,43.1612,0.243162,23.9082,0.241658,10.883
06D3gh,4,0.72074,0.00175,0.72067,0.001,0.72,0.001,43.0459,0.305174,23.7929,0.303977,9.3
06D3do,4,0.72674,0.00175,0.72667,0.001,0.726,0.001,43.0811,0.248363,23.8281,0.246891,8.709
06D3bz,4,0.72774,0.00175,0.72767,0.001,0.727,0.001,43.008,0.257091,23.755,0.25567,10.293
1304127,10,0.72866,0.0052,0.72861,0.005,0.73,0.005,43.005,0.283498,23.752,0.282209,9.315
06D4bw,4,0.73014,0.00176,0.73012,0.001,0.732,0.001,42.9186,0.321961,23.6656,0.320827,9.276
1329166,10,0.73161,0.00153,0.73163,0.0005,0.7323,0.0005,43.1799,0.196424,23.9269,0.194559,9.996
04D1pp,4,0.73368,0.00176,0.73362,0.001,0.735,0.001,42.9845,0.195902,23.7315,0.194032,11.382
04D2gp,4,0.73395,0.00176,0.734,0.001,0.732,0.001,43.22,0.388289,23.967,0.387349,8.834
05D2fq,4,0.73495,0.00176,0.73501,0.001,0.733,0.001,43.2537,0.224615,24.0007,0.222986,10.875
05D1eo,4,0.73568,0.00176,0.73562,0.001,0.737,0.001,43.1807,0.25711,23.9277,0.255688,11.125
05D2ct,4,0.73596,0.00176,0.73602,0.001,0.734,0.001,43.1675,0.425639,23.9145,0.424782,9.761
05D3jk,4,0.73675,0.00176,0.73668,0.001,0.736,0.001,42.992,0.21489,23.739,0.213187,9.457
04D2ja,4,0.74196,0.00176,0.74202,0.001,0.74,0.001,43.4813,0.32514,24.2283,0.324017,10.991
04D3fq,4,0.74276,0.00176,0.74269,0.001,0.742,0.001,43.0825,0.327179,23.8295,0.326063,9.299
05D3jb,4,0.74573,0.00177,0.74566,0.001,0.745,0.001,43.1675,0.195179,23.9145,0.193302,10.471
04D2kr,4,0.74607,0.00154,0.74613,0.0005,0.7441,0.0005,42.9817,0.25474,23.7287,0.253305,7.0
04D4im,4,0.74911,0.00177,0.7491,0.001,0.751,0.001,42.9396,0.262488,23.6866,0.261096,11.199
1285160,10,0.7493,0.00521,0.74932,0.005,0.75,0.005,43.1772,0.163225,23.9242,0.160977,7.978
04D3ks,4,0.75074,0.01011,0.75068,0.01,0.75,0.01,42.9012,0.318716,23.6482,0.317571,8.459
05D2nt,4,0.75899,0.00178,0.75904,0.001,0.757,0.001,43.2469,0.233153,23.9939,0.231584,9.054
05D3mn,4,0.76076,0.00178,0.76069,0.001,0.76,0.001,43.0667,0.201161,23.8137,0.199341,10.432
05D4cn,4,0.7611,0.00178,0.76108,0.001,0.763,0.001,43.1767,0.236628,23.9237,0.235082,10.461
05D1if,4,0.76165,0.00178,0.76159,0.001,0.763,0.001,43.131,0.239872,23.878,0.238347,7.0
04D1qd,4,0.76566,0.00178,0.7656,0.001,0.767,0.001,43.2369,0.225434,23.9839,0.223812,10.496
04D1de,4,0.76666,0.00178,0.7666,0.001,0.768,0.001,43.4224,0.250162,24.1694,0.2487,9.64
05D3hh,4,0.76674,0.00178,0.76668,0.001,0.766,0.001,43.3623,0.27025,24.1093,0.268898,10.4
04D4id,4,0.76709,0.00178,0.76707,0.001,0.769,0.001,43.5587,0.25715,24.3057,0.255729,10.324
04D1pc,4,0.76865,0.00178,0.7686,0.001,0.77,0.001,43.2929,0.311675,24.0399,0.310504,10.418
1329196,10,0.76932,0.00521,0.76933,0.005,0.77001,0.005,43.2168,0.162741,23.9638,0.160486,9.424
05D4bi,4,0.77309,0.00178,0.77308,0.001,0.775,0.001,43.3568,0.295081,24.1038,0.293843,9.109
1325358,10,0.77929,0.00522,0.77931,0.005,0.78,0.005,43.0395,0.311092,23.7865,0.309918,8.223
05D4cs,4,0.78807,0.01011,0.78806,0.01,0.79,0.01,43.3042,0.232049,24.0512,0.230473,8.98
03D4fd,4,0.78907,0.0018,0.78905,0.001,0.791,0.001,43.3837,0.271177,24.1307,0.269829,10.005
1309749,10,0.78928,0.00522,0.78929,0.005,0.79,0.005,43.1995,0.165559,23.9465,0.163342,9.115
04D1ks,4,0.79662,0.01011,0.79656,0.01,0.798,0.01,42.9026,0.372096,23.6496,0.371115,7.966
03D1fq,4,0.79863,0.01011,0.79858,0.01,0.8,0.01,43.4338,0.288144,24.1808,0.286876,10.651
Elvis,100,0.83981,0.00523,0.83973,0.005,0.839,0.005,43.36,0.211845,24.107,0.210118,7.0
Spock,100,0.83981,0.00161,0.83973,0.0005,0.839,0.0005,43.2012,0.390423,23.9482,0.389488,8.78
Manipogo,100,0.85482,0.00163,0.85474,0.0005,0.854,0.0005,43.6168,0.299913,24.3638,0.298695,10.3
Vilas,100,0.93585,0.00525,0.93577,0.005,0.935,0.005,43.5331,0.239939,24.2801,0.238415,11.1
Ombo,100,0.97423,0.00172,0.97424,0.0005,0.975,0.0005,44.1111,0.201519,24.8581,0.199702,9.25
SCP05D0,101,1.01242,0.00175,1.01236,0.0005,1.014,0.0005,44.1177,0.367085,24.8647,0.36609,10.0
Eagle,100,1.01988,0.00176,1.0198,0.0005,1.019,0.0005,44.2757,0.225903,25.0227,0.224284,9.77
Ferguson,100,1.02088,0.00528,1.02081,0.005,1.02,0.005,43.9706,0.47547,24.7176,0.474703,9.02
Strolger,100,1.02789,0.00176,1.02781,0.0005,1.027,0.0005,44.5364,0.353385,25.2834,0.352352,9.61
SCP06U4,101,1.04817,0.00178,1.04819,0.0005,1.05,0.0005,44.4229,0.488758,25.1699,0.488011,10.0
Gabi,100,1.12092,0.0053,1.12085,0.005,1.12,0.005,44.4405,0.22363,25.1875,0.221994,8.54
SCP06H5,101,1.23225,0.00193,1.23223,0.0005,1.23099,0.0005,44.3207,0.610496,25.0677,0.609899,10.0
Lancaster,100,1.23597,0.00193,1.23589,0.0005,1.235,0.0005,44.905,0.273735,25.652,0.2724,10.7
Aphrodite,100,1.29911,0.00535,1.29912,0.005,1.30001,0.005,44.8641,0.275291,25.6111,0.273963,8.76
Thoth,100,1.3041,0.00199,1.30412,0.0005,1.30501,0.0005,44.7206,0.316517,25.4676,0.315363,10.9
Inanna,100,1.30611,0.00199,1.30612,0.0005,1.30701,0.0005,45.0197,0.445162,25.7667,0.444343,10.0
SCP05D6,101,1.31317,0.00199,1.31311,0.0005,1.315,0.0005,44.7867,0.316349,25.5337,0.315195,10.0
washington,106,1.3291,0.02009,1.32911,0.02,1.33001,0.02,44.8745,0.238344,25.6215,0.23681,10.0
Borg,100,1.34101,0.00537,1.34093,0.005,1.34,0.005,44.7541,0.306395,25.5011,0.305203,9.69
SCP06G4,101,1.35136,0.00202,1.35134,0.0005,1.34999,0.0005,44.5492,0.31846,25.2962,0.317314,7.0
Mcguire,100,1.35608,0.00203,1.3561,0.0005,1.35701,0.0005,44.8094,0.238282,25.5564,0.236747,10.0
Sasquatch,100,1.39103,0.00538,1.39096,0.005,1.39,0.005,44.7944,0.374345,25.5414,0.37337,10.9
SCP06K0,101,1.41633,0.00208,1.41631,0.0005,1.41499,0.0005,44.4579,0.735776,25.2049,0.735281,10.0
carter,106,1.5429,0.04006,1.54295,0.04,1.54,0.04,45.0902,0.371014,25.8372,0.370031,10.0
Primo,106,1.54901,0.00213,1.54903,0.0001,1.55001,0.0001,45.293,0.233771,26.04,0.232206,9.46
rutledge,106,1.61505,0.00545,1.61499,0.005,1.61399,0.005,45.1595,0.333024,25.9065,0.331927,10.0
geta,106,1.69706,0.04006,1.69702,0.04,1.7,0.04,45.2863,0.38048,26.0333,0.379521,10.0
stone,106,1.80119,0.02014,1.80111,0.02,1.8,0.02,45.4865,0.281981,26.2335,0.280685,10.0
wilson,106,1.91165,0.00263,1.9116,0.001,1.91401,0.001,45.4233,0.358642,26.1703,0.357624,10.0
colfax,106,2.26137,0.02018,2.2613,0.02,2.26,0.02,46.1828,0.281309,26.9298,0.280011,10.0
