 2026-05-28 02:34:02,553 [output] Output to be read-from/written-into folder 'results/outputs', with prefix 'tep_cobaya_sne'
 2026-05-28 02:34:02,553 [output] Found existing info files with the requested output prefix: 'results/outputs/tep_cobaya_sne'
 2026-05-28 02:34:02,553 [output] There was old updated info, but no resume or force requested. Behavior will be handled by sampler.
 2026-05-28 02:34:04,768 [input] 'core.pantheon_cobaya_likelihood.PantheonCobaya' could not be found as internal, trying external.
 2026-05-28 02:34:04,840 [input] 'core.pantheon_cobaya_likelihood.PantheonCobaya' could not be found as internal, trying external.
 2026-05-28 02:34:04,875 [prior] Loading external prior 'SZ' from: 'lambda ksz_norm, A_sz: stats.norm.logpdf(ksz_norm+1.6*A_sz, loc=9.5, scale=3.0)'
 2026-05-28 02:34:04,876 [prior] *WARNING* External prior 'SZ' loaded. Mind that it might not be normalized!
 2026-05-28 02:34:04,876 [classy] Attempting import from /Users/matthewsmawfield/www/Temporal Equivalence Principle/TEP-C0/external/class.
 2026-05-28 02:34:04,876 [classy] 'classy' to be imported from (sub)directory /Users/matthewsmawfield/www/Temporal Equivalence Principle/TEP-C0/external/class/build/lib.macosx-11.1-arm64-cpython-313
 2026-05-28 02:34:04,883 [classy] `classy` module loaded successfully from /Users/matthewsmawfield/www/Temporal Equivalence Principle/TEP-C0/external/class/build/lib.macosx-11.1-arm64-cpython-313/classy
 2026-05-28 02:34:04,883 [planck_2018_highl_plik.ttteee] Attempting import of Cobaya-installed version, but defaulting to global import if not found.
 2026-05-28 02:34:04,883 [planck_2018_highl_plik.ttteee] 'clipy' to be imported from (sub)directory /Users/matthewsmawfield/www/Temporal Equivalence Principle/TEP-HC/data/external/cobaya_packages/code/planck/clipy
 2026-05-28 02:34:04,930 [planck_2018_highl_plik.ttteee] `clipy` module loaded successfully from /Users/matthewsmawfield/www/Temporal Equivalence Principle/TEP-HC/data/external/cobaya_packages/code/planck/clipy/clipy
----
clipy_0.15
/Users/matthewsmawfield/www/Temporal Equivalence Principle/TEP-HC/data/external/cobaya_packages/code/planck/clipy/clipy/smica.py:311: RuntimeWarning: divide by zero encountered in matmul
  lkl = -.5 * delta.T @ (self.siginv @ delta)
/Users/matthewsmawfield/www/Temporal Equivalence Principle/TEP-HC/data/external/cobaya_packages/code/planck/clipy/clipy/smica.py:311: RuntimeWarning: overflow encountered in matmul
  lkl = -.5 * delta.T @ (self.siginv @ delta)
/Users/matthewsmawfield/www/Temporal Equivalence Principle/TEP-HC/data/external/cobaya_packages/code/planck/clipy/clipy/smica.py:311: RuntimeWarning: invalid value encountered in matmul
  lkl = -.5 * delta.T @ (self.siginv @ delta)
Checking likelihood '/Users/matthewsmawfield/www/Temporal Equivalence Principle/TEP-HC/data/external/cobaya_packages/data/planck_2018/baseline/plc_3.0/hi_l/plik/plik_rd12_HM_v22b_TTTEEE.clik' on test data. got -1172.47 expected -1172.47 (diff 4.00569e-06)
----
 2026-05-28 02:34:05,305 [likelihoodcollection] 'core.pantheon_cobaya_likelihood.PantheonCobaya' could not be found as internal, trying external.
 2026-05-28 02:34:05,354 [model] Parameters were assigned as follows:
 2026-05-28 02:34:05,354 [model] - planck_2018_highl_plik.TTTEEE:
 2026-05-28 02:34:05,354 [model]      Input:  ['A_planck', 'calib_100T', 'calib_217T', 'A_pol', 'calib_100P', 'calib_143P', 'calib_217P', 'cib_index', 'A_cib_217', 'xi_sz_cib', 'A_sz', 'ksz_norm', 'gal545_A_100', 'gal545_A_143', 'gal545_A_143_217', 'gal545_A_217', 'A_sbpx_100_100_TT', 'A_sbpx_143_143_TT', 'A_sbpx_143_217_TT', 'A_sbpx_217_217_TT', 'ps_A_100_100', 'ps_A_143_143', 'ps_A_143_217', 'ps_A_217_217', 'galf_TE_index', 'galf_TE_A_100', 'galf_TE_A_100_143', 'galf_TE_A_100_217', 'galf_TE_A_143', 'galf_TE_A_143_217', 'galf_TE_A_217', 'galf_EE_index', 'galf_EE_A_100', 'galf_EE_A_100_143', 'galf_EE_A_100_217', 'galf_EE_A_143', 'galf_EE_A_143_217', 'galf_EE_A_217', 'A_cnoise_e2e_100_100_EE', 'A_cnoise_e2e_143_143_EE', 'A_cnoise_e2e_217_217_EE', 'A_sbpx_100_100_EE', 'A_sbpx_100_143_EE', 'A_sbpx_100_217_EE', 'A_sbpx_143_143_EE', 'A_sbpx_143_217_EE', 'A_sbpx_217_217_EE']
 2026-05-28 02:34:05,354 [model]      Output: []
 2026-05-28 02:34:05,354 [model] - planck_2018_lowl.TT:
 2026-05-28 02:34:05,354 [model]      Input:  ['A_planck']
 2026-05-28 02:34:05,354 [model]      Output: []
 2026-05-28 02:34:05,354 [model] - planck_2018_lowl.EE:
 2026-05-28 02:34:05,354 [model]      Input:  ['A_planck']
 2026-05-28 02:34:05,354 [model]      Output: []
 2026-05-28 02:34:05,354 [model] - core.pantheon_cobaya_likelihood.PantheonCobaya:
 2026-05-28 02:34:05,355 [model]      Input:  []
 2026-05-28 02:34:05,355 [model]      Output: []
 2026-05-28 02:34:05,355 [model] - classy:
 2026-05-28 02:34:05,355 [model]      Input:  ['tep_epsilon_T', 'tep_z_T', 'tep_n_T', 'H0', 'omega_b', 'omega_cdm', 'tau_reio', 'A_s', 'n_s']
 2026-05-28 02:34:05,355 [model]      Output: []
 2026-05-28 02:34:05,356 [model] Components will be computed in the order:
 2026-05-28 02:34:05,356 [model]  - [classy, planck_2018_highl_plik.TTTEEE, planck_2018_lowl.TT, planck_2018_lowl.EE, core.pantheon_cobaya_likelihood.PantheonCobaya]
 2026-05-28 02:34:05,356 [model] Requirements will be calculated by these components:
 2026-05-28 02:34:05,356 [model] - Cl: classy
 2026-05-28 02:34:05,356 [model] - Hubble: classy
 2026-05-28 02:34:05,363 [mcmc] Initializing
 2026-05-28 02:34:05,378 [mcmc] Getting initial point... (this may take a few seconds)
 2026-05-28 02:34:05,378 [prior] Evaluating prior at array([1.00000000e-03, 3.00000000e+00, 6.75000000e+01, 2.24000000e-02,
       1.20000000e-01, 5.40000000e-02, 3.04400000e+00, 9.66000000e-01,
       9.96754385e-01, 1.00074289e+00, 9.99679402e-01, 6.86993448e+01,
       6.30769591e-02, 2.62069186e+00, 1.41924084e+00, 4.16142377e+00,
       4.87398007e+00, 2.20893196e+01, 6.49234719e+01, 2.82194399e+02,
       6.14561114e+01, 5.54222635e+01, 1.02171929e+02, 5.87297637e-02,
       1.72225569e-01, 4.21656498e-01, 1.87332837e-01, 6.77456592e-01,
       1.81436298e+00])
 2026-05-28 02:34:05,379 [prior] Got logpriors (internal) = -23.5150364501375
 2026-05-28 02:34:05,379 [prior] Got logpriors (external) = [-2.857208569718071]
 2026-05-28 02:34:05,379 [model] Posterior to be computed for parameters {'tep_epsilon_T': 0.001, 'tep_z_T': 3.0, 'H0': 67.5, 'omega_b': 0.0224, 'omega_cdm': 0.12, 'tau_reio': 0.054, 'logA': 3.044, 'n_s': 0.966, 'A_planck': 0.9967543854058873, 'calib_100T': 1.0007428929460545, 'calib_217T': 0.9996794017992059, 'A_cib_217': 68.69934482340265, 'xi_sz_cib': 0.0630769591194228, 'A_sz': 2.6206918648588537, 'ksz_norm': 1.4192408376976142, 'gal545_A_100': 4.16142377360911, 'gal545_A_143': 4.8739800676830605, 'gal545_A_143_217': 22.08931961013118, 'gal545_A_217': 64.92347188431742, 'ps_A_100_100': 282.1943989551953, 'ps_A_143_143': 61.45611139904167, 'ps_A_143_217': 55.422263509233815, 'ps_A_217_217': 102.1719286091572, 'galf_TE_A_100': 0.058729763664578064, 'galf_TE_A_100_143': 0.17222556912350445, 'galf_TE_A_100_217': 0.42165649831333096, 'galf_TE_A_143': 0.18733283657479738, 'galf_TE_A_143_217': 0.677456592262318, 'galf_TE_A_217': 1.8143629792352565}
 2026-05-28 02:34:05,379 [prior] Evaluating prior at array([1.00000000e-03, 3.00000000e+00, 6.75000000e+01, 2.24000000e-02,
       1.20000000e-01, 5.40000000e-02, 3.04400000e+00, 9.66000000e-01,
       9.96754385e-01, 1.00074289e+00, 9.99679402e-01, 6.86993448e+01,
       6.30769591e-02, 2.62069186e+00, 1.41924084e+00, 4.16142377e+00,
       4.87398007e+00, 2.20893196e+01, 6.49234719e+01, 2.82194399e+02,
       6.14561114e+01, 5.54222635e+01, 1.02171929e+02, 5.87297637e-02,
       1.72225569e-01, 4.21656498e-01, 1.87332837e-01, 6.77456592e-01,
       1.81436298e+00])
 2026-05-28 02:34:05,379 [prior] Got logpriors (internal) = -23.5150364501375
 2026-05-28 02:34:05,379 [prior] Got logpriors (external) = [-2.857208569718071]
 2026-05-28 02:34:05,379 [model] Got input parameters: {'tep_epsilon_T': 0.001, 'tep_z_T': 3.0, 'tep_n_T': 1.0, 'H0': 67.5, 'omega_b': 0.0224, 'omega_cdm': 0.12, 'tau_reio': 0.054, 'logA': 3.044, 'A_s': 2.0989031673191437e-09, 'n_s': 0.966, 'A_planck': 0.9967543854058873, 'calib_100T': 1.0007428929460545, 'calib_217T': 0.9996794017992059, 'A_pol': 1.0, 'calib_100P': 1.021, 'calib_143P': 0.966, 'calib_217P': 1.04, 'cib_index': -1.3, 'A_cib_217': 68.69934482340265, 'xi_sz_cib': 0.0630769591194228, 'A_sz': 2.6206918648588537, 'ksz_norm': 1.4192408376976142, 'gal545_A_100': 4.16142377360911, 'gal545_A_143': 4.8739800676830605, 'gal545_A_143_217': 22.08931961013118, 'gal545_A_217': 64.92347188431742, 'A_sbpx_100_100_TT': 1.0, 'A_sbpx_143_143_TT': 1.0, 'A_sbpx_143_217_TT': 1.0, 'A_sbpx_217_217_TT': 1.0, 'ps_A_100_100': 282.1943989551953, 'ps_A_143_143': 61.45611139904167, 'ps_A_143_217': 55.422263509233815, 'ps_A_217_217': 102.1719286091572, 'galf_TE_index': -2.4, 'galf_TE_A_100': 0.058729763664578064, 'galf_TE_A_100_143': 0.17222556912350445, 'galf_TE_A_100_217': 0.42165649831333096, 'galf_TE_A_143': 0.18733283657479738, 'galf_TE_A_143_217': 0.677456592262318, 'galf_TE_A_217': 1.8143629792352565, 'galf_EE_index': -2.4, 'galf_EE_A_100': 0.055, 'galf_EE_A_100_143': 0.04, 'galf_EE_A_100_217': 0.094, 'galf_EE_A_143': 0.086, 'galf_EE_A_143_217': 0.21, 'galf_EE_A_217': 0.7, 'A_cnoise_e2e_100_100_EE': 1.0, 'A_cnoise_e2e_143_143_EE': 1.0, 'A_cnoise_e2e_217_217_EE': 1.0, 'A_sbpx_100_100_EE': 1.0, 'A_sbpx_100_143_EE': 1.0, 'A_sbpx_100_217_EE': 1.0, 'A_sbpx_143_143_EE': 1.0, 'A_sbpx_143_217_EE': 1.0, 'A_sbpx_217_217_EE': 1.0}
 2026-05-28 02:34:05,379 [classy] Got parameters {'tep_epsilon_T': 0.001, 'tep_z_T': 3.0, 'tep_n_T': 1.0, 'H0': 67.5, 'omega_b': 0.0224, 'omega_cdm': 0.12, 'tau_reio': 0.054, 'A_s': 2.0989031673191437e-09, 'n_s': 0.966}
 2026-05-28 02:34:05,379 [classy] Computing new state
 2026-05-28 02:34:05,379 [classy] Setting parameters: {'tep_epsilon_T': 0.001, 'tep_z_T': 3.0, 'tep_n_T': 1.0, 'H0': 67.5, 'omega_b': 0.0224, 'omega_cdm': 0.12, 'tau_reio': 0.054, 'A_s': 2.0989031673191437e-09, 'n_s': 0.966, 'N_ur': 2.0328, 'N_ncdm': 1, 'm_ncdm': 0.06, 'output': 'tCl pCl lCl tCl,pCl,lCl,mPk', 'P_k_max_h/Mpc': 10, 'l_max_scalars': 2508.0, 'lensing': 'yes', 'tep_mode': 'yes', 'non_linear': 'halofit'}
 2026-05-28 02:34:06,028 [planck_2018_highl_plik.ttteee] Got parameters {'A_planck': 0.9967543854058873, 'calib_100T': 1.0007428929460545, 'calib_217T': 0.9996794017992059, 'A_pol': 1.0, 'calib_100P': 1.021, 'calib_143P': 0.966, 'calib_217P': 1.04, 'cib_index': -1.3, 'A_cib_217': 68.69934482340265, 'xi_sz_cib': 0.0630769591194228, 'A_sz': 2.6206918648588537, 'ksz_norm': 1.4192408376976142, 'gal545_A_100': 4.16142377360911, 'gal545_A_143': 4.8739800676830605, 'gal545_A_143_217': 22.08931961013118, 'gal545_A_217': 64.92347188431742, 'A_sbpx_100_100_TT': 1.0, 'A_sbpx_143_143_TT': 1.0, 'A_sbpx_143_217_TT': 1.0, 'A_sbpx_217_217_TT': 1.0, 'ps_A_100_100': 282.1943989551953, 'ps_A_143_143': 61.45611139904167, 'ps_A_143_217': 55.422263509233815, 'ps_A_217_217': 102.1719286091572, 'galf_TE_index': -2.4, 'galf_TE_A_100': 0.058729763664578064, 'galf_TE_A_100_143': 0.17222556912350445, 'galf_TE_A_100_217': 0.42165649831333096, 'galf_TE_A_143': 0.18733283657479738, 'galf_TE_A_143_217': 0.677456592262318, 'galf_TE_A_217': 1.8143629792352565, 'galf_EE_index': -2.4, 'galf_EE_A_100': 0.055, 'galf_EE_A_100_143': 0.04, 'galf_EE_A_100_217': 0.094, 'galf_EE_A_143': 0.086, 'galf_EE_A_143_217': 0.21, 'galf_EE_A_217': 0.7, 'A_cnoise_e2e_100_100_EE': 1.0, 'A_cnoise_e2e_143_143_EE': 1.0, 'A_cnoise_e2e_217_217_EE': 1.0, 'A_sbpx_100_100_EE': 1.0, 'A_sbpx_100_143_EE': 1.0, 'A_sbpx_100_217_EE': 1.0, 'A_sbpx_143_143_EE': 1.0, 'A_sbpx_143_217_EE': 1.0, 'A_sbpx_217_217_EE': 1.0}
 2026-05-28 02:34:06,028 [planck_2018_highl_plik.ttteee] Computing new state
Cl length: 2509
/Users/matthewsmawfield/www/Temporal Equivalence Principle/TEP-HC/data/external/cobaya_packages/code/planck/clipy/clipy/smica.py:311: RuntimeWarning: divide by zero encountered in matmul
  lkl = -.5 * delta.T @ (self.siginv @ delta)
/Users/matthewsmawfield/www/Temporal Equivalence Principle/TEP-HC/data/external/cobaya_packages/code/planck/clipy/clipy/smica.py:311: RuntimeWarning: overflow encountered in matmul
  lkl = -.5 * delta.T @ (self.siginv @ delta)
/Users/matthewsmawfield/www/Temporal Equivalence Principle/TEP-HC/data/external/cobaya_packages/code/planck/clipy/clipy/smica.py:311: RuntimeWarning: invalid value encountered in matmul
  lkl = -.5 * delta.T @ (self.siginv @ delta)
 2026-05-28 02:34:06,035 [planck_2018_highl_plik.ttteee] Computed log-likelihood = -16126777120.003284
 2026-05-28 02:34:06,035 [planck_2018_lowl.tt] Got parameters {'A_planck': 0.9967543854058873}
 2026-05-28 02:34:06,035 [planck_2018_lowl.tt] Computing new state
Cl length: 2509
 2026-05-28 02:34:06,036 [planck_2018_lowl.tt] Computed log-likelihood = -inf
 2026-05-28 02:34:06,036 [planck_2018_lowl.ee] Got parameters {'A_planck': 0.9967543854058873}
 2026-05-28 02:34:06,036 [planck_2018_lowl.ee] Computing new state
Cl length: 2509
 2026-05-28 02:34:06,036 [planck_2018_lowl.ee] Computed log-likelihood = -198.02027428040805
 2026-05-28 02:34:06,036 [core.pantheon_cobaya_likelihood.pantheoncobaya] Got parameters {}
 2026-05-28 02:34:06,036 [core.pantheon_cobaya_likelihood.pantheoncobaya] Computing new state
 2026-05-28 02:34:06,037 [core.pantheon_cobaya_likelihood.pantheoncobaya] Computed log-likelihood = -381.3030618088246
 2026-05-28 02:34:06,037 [model] Computed derived parameters: {'A_s': 2.0989031673191437e-09, 'chi2__CMB': inf}
 2026-05-28 02:34:06,037 [prior] Evaluating prior at array([1.00000000e-03, 3.00000000e+00, 6.75000000e+01, 2.24000000e-02,
       1.20000000e-01, 5.40000000e-02, 3.04400000e+00, 9.66000000e-01,
       1.00096914e+00, 1.00079571e+00, 9.98411479e-01, 6.87356767e+01,
       2.05480035e-01, 7.19794886e+00, 2.74941283e+00, 7.36033978e+00,
       8.05784410e+00, 2.67397211e+01, 8.56923392e+01, 2.69039146e+02,
       4.15325182e+01, 1.45846863e+01, 1.18134076e+02, 2.40674881e-01,
       1.72479132e-01, 4.67855665e-01, 2.49305990e-01, 7.35137820e-01,
       2.14337965e+00])
 2026-05-28 02:34:06,037 [prior] Got logpriors (internal) = -15.708743998132434
 2026-05-28 02:34:06,037 [prior] Got logpriors (external) = [-3.2795510872322646]
 2026-05-28 02:34:06,037 [model] Posterior to be computed for parameters {'tep_epsilon_T': 0.001, 'tep_z_T': 3.0, 'H0': 67.5, 'omega_b': 0.0224, 'omega_cdm': 0.12, 'tau_reio': 0.054, 'logA': 3.044, 'n_s': 0.966, 'A_planck': 1.000969139692673, 'calib_100T': 1.0007957077981122, 'calib_217T': 0.9984114790163154, 'A_cib_217': 68.73567671554306, 'xi_sz_cib': 0.20548003534627216, 'A_sz': 7.197948859779055, 'ksz_norm': 2.7494128314147623, 'gal545_A_100': 7.360339782587807, 'gal545_A_143': 8.057844100365172, 'gal545_A_143_217': 26.73972105100247, 'gal545_A_217': 85.69233924556744, 'ps_A_100_100': 269.0391457760837, 'ps_A_143_143': 41.53251819695503, 'ps_A_143_217': 14.584686344693957, 'ps_A_217_217': 118.13407588995692, 'galf_TE_A_100': 0.24067488085384472, 'galf_TE_A_100_143': 0.17247913180903746, 'galf_TE_A_100_217': 0.4678556654067658, 'galf_TE_A_143': 0.24930598967252204, 'galf_TE_A_143_217': 0.7351378198592846, 'galf_TE_A_217': 2.143379653436818}
 2026-05-28 02:34:06,037 [prior] Evaluating prior at array([1.00000000e-03, 3.00000000e+00, 6.75000000e+01, 2.24000000e-02,
       1.20000000e-01, 5.40000000e-02, 3.04400000e+00, 9.66000000e-01,
       1.00096914e+00, 1.00079571e+00, 9.98411479e-01, 6.87356767e+01,
       2.05480035e-01, 7.19794886e+00, 2.74941283e+00, 7.36033978e+00,
       8.05784410e+00, 2.67397211e+01, 8.56923392e+01, 2.69039146e+02,
       4.15325182e+01, 1.45846863e+01, 1.18134076e+02, 2.40674881e-01,
       1.72479132e-01, 4.67855665e-01, 2.49305990e-01, 7.35137820e-01,
       2.14337965e+00])
 2026-05-28 02:34:06,037 [prior] Got logpriors (internal) = -15.708743998132434
 2026-05-28 02:34:06,037 [prior] Got logpriors (external) = [-3.2795510872322646]
 2026-05-28 02:34:06,037 [model] Got input parameters: {'tep_epsilon_T': 0.001, 'tep_z_T': 3.0, 'tep_n_T': 1.0, 'H0': 67.5, 'omega_b': 0.0224, 'omega_cdm': 0.12, 'tau_reio': 0.054, 'logA': 3.044, 'A_s': 2.0989031673191437e-09, 'n_s': 0.966, 'A_planck': 1.000969139692673, 'calib_100T': 1.0007957077981122, 'calib_217T': 0.9984114790163154, 'A_pol': 1.0, 'calib_100P': 1.021, 'calib_143P': 0.966, 'calib_217P': 1.04, 'cib_index': -1.3, 'A_cib_217': 68.73567671554306, 'xi_sz_cib': 0.20548003534627216, 'A_sz': 7.197948859779055, 'ksz_norm': 2.7494128314147623, 'gal545_A_100': 7.360339782587807, 'gal545_A_143': 8.057844100365172, 'gal545_A_143_217': 26.73972105100247, 'gal545_A_217': 85.69233924556744, 'A_sbpx_100_100_TT': 1.0, 'A_sbpx_143_143_TT': 1.0, 'A_sbpx_143_217_TT': 1.0, 'A_sbpx_217_217_TT': 1.0, 'ps_A_100_100': 269.0391457760837, 'ps_A_143_143': 41.53251819695503, 'ps_A_143_217': 14.584686344693957, 'ps_A_217_217': 118.13407588995692, 'galf_TE_index': -2.4, 'galf_TE_A_100': 0.24067488085384472, 'galf_TE_A_100_143': 0.17247913180903746, 'galf_TE_A_100_217': 0.4678556654067658, 'galf_TE_A_143': 0.24930598967252204, 'galf_TE_A_143_217': 0.7351378198592846, 'galf_TE_A_217': 2.143379653436818, 'galf_EE_index': -2.4, 'galf_EE_A_100': 0.055, 'galf_EE_A_100_143': 0.04, 'galf_EE_A_100_217': 0.094, 'galf_EE_A_143': 0.086, 'galf_EE_A_143_217': 0.21, 'galf_EE_A_217': 0.7, 'A_cnoise_e2e_100_100_EE': 1.0, 'A_cnoise_e2e_143_143_EE': 1.0, 'A_cnoise_e2e_217_217_EE': 1.0, 'A_sbpx_100_100_EE': 1.0, 'A_sbpx_100_143_EE': 1.0, 'A_sbpx_100_217_EE': 1.0, 'A_sbpx_143_143_EE': 1.0, 'A_sbpx_143_217_EE': 1.0, 'A_sbpx_217_217_EE': 1.0}
 2026-05-28 02:34:06,037 [classy] Got parameters {'tep_epsilon_T': 0.001, 'tep_z_T': 3.0, 'tep_n_T': 1.0, 'H0': 67.5, 'omega_b': 0.0224, 'omega_cdm': 0.12, 'tau_reio': 0.054, 'A_s': 2.0989031673191437e-09, 'n_s': 0.966}
 2026-05-28 02:34:06,037 [classy] Re-using computed results
 2026-05-28 02:34:06,037 [planck_2018_highl_plik.ttteee] Got parameters {'A_planck': 1.000969139692673, 'calib_100T': 1.0007957077981122, 'calib_217T': 0.9984114790163154, 'A_pol': 1.0, 'calib_100P': 1.021, 'calib_143P': 0.966, 'calib_217P': 1.04, 'cib_index': -1.3, 'A_cib_217': 68.73567671554306, 'xi_sz_cib': 0.20548003534627216, 'A_sz': 7.197948859779055, 'ksz_norm': 2.7494128314147623, 'gal545_A_100': 7.360339782587807, 'gal545_A_143': 8.057844100365172, 'gal545_A_143_217': 26.73972105100247, 'gal545_A_217': 85.69233924556744, 'A_sbpx_100_100_TT': 1.0, 'A_sbpx_143_143_TT': 1.0, 'A_sbpx_143_217_TT': 1.0, 'A_sbpx_217_217_TT': 1.0, 'ps_A_100_100': 269.0391457760837, 'ps_A_143_143': 41.53251819695503, 'ps_A_143_217': 14.584686344693957, 'ps_A_217_217': 118.13407588995692, 'galf_TE_index': -2.4, 'galf_TE_A_100': 0.24067488085384472, 'galf_TE_A_100_143': 0.17247913180903746, 'galf_TE_A_100_217': 0.4678556654067658, 'galf_TE_A_143': 0.24930598967252204, 'galf_TE_A_143_217': 0.7351378198592846, 'galf_TE_A_217': 2.143379653436818, 'galf_EE_index': -2.4, 'galf_EE_A_100': 0.055, 'galf_EE_A_100_143': 0.04, 'galf_EE_A_100_217': 0.094, 'galf_EE_A_143': 0.086, 'galf_EE_A_143_217': 0.21, 'galf_EE_A_217': 0.7, 'A_cnoise_e2e_100_100_EE': 1.0, 'A_cnoise_e2e_143_143_EE': 1.0, 'A_cnoise_e2e_217_217_EE': 1.0, 'A_sbpx_100_100_EE': 1.0, 'A_sbpx_100_143_EE': 1.0, 'A_sbpx_100_217_EE': 1.0, 'A_sbpx_143_143_EE': 1.0, 'A_sbpx_143_217_EE': 1.0, 'A_sbpx_217_217_EE': 1.0}
 2026-05-28 02:34:06,037 [planck_2018_highl_plik.ttteee] Computing new state
Cl length: 2509
 2026-05-28 02:34:06,044 [planck_2018_highl_plik.ttteee] Computed log-likelihood = -15855350181.572554
 2026-05-28 02:34:06,044 [planck_2018_lowl.tt] Got parameters {'A_planck': 1.000969139692673}
 2026-05-28 02:34:06,044 [planck_2018_lowl.tt] Computing new state
Cl length: 2509
 2026-05-28 02:34:06,044 [planck_2018_lowl.tt] Computed log-likelihood = -inf
 2026-05-28 02:34:06,044 [planck_2018_lowl.ee] Got parameters {'A_planck': 1.000969139692673}
 2026-05-28 02:34:06,044 [planck_2018_lowl.ee] Computing new state
Cl length: 2509
 2026-05-28 02:34:06,044 [planck_2018_lowl.ee] Computed log-likelihood = -198.01556322340937
 2026-05-28 02:34:06,044 [core.pantheon_cobaya_likelihood.pantheoncobaya] Got parameters {}
 2026-05-28 02:34:06,044 [core.pantheon_cobaya_likelihood.pantheoncobaya] Re-using computed results
 2026-05-28 02:34:06,044 [model] Computed derived parameters: {'A_s': 2.0989031673191437e-09, 'chi2__CMB': inf}
 2026-05-28 02:34:06,044 [prior] Evaluating prior at array([1.00000000e-03, 3.00000000e+00, 6.75000000e+01, 2.24000000e-02,
       1.20000000e-01, 5.40000000e-02, 3.04400000e+00, 9.66000000e-01,
       9.98442160e-01, 1.00033910e+00, 9.98004060e-01, 6.70462139e+01,
       7.94737728e-02, 9.62939366e+00, 5.54854598e+00, 7.19345629e+00,
       9.36144377e+00, 1.88489700e+01, 5.75378956e+01, 3.00718893e+02,
       4.39728637e+01, 4.89084077e+01, 9.97640216e+01, 2.38756057e-01,
       1.35999737e-01, 6.08921865e-01, 3.83234172e-01, 7.23619305e-01,
       1.91142818e+00])
 2026-05-28 02:34:06,044 [prior] Got logpriors (internal) = -19.53665100624716
 2026-05-28 02:34:06,044 [prior] Got logpriors (external) = [-9.30811846509574]
 2026-05-28 02:34:06,044 [model] Posterior to be computed for parameters {'tep_epsilon_T': 0.001, 'tep_z_T': 3.0, 'H0': 67.5, 'omega_b': 0.0224, 'omega_cdm': 0.12, 'tau_reio': 0.054, 'logA': 3.044, 'n_s': 0.966, 'A_planck': 0.9984421601242803, 'calib_100T': 1.0003390954667568, 'calib_217T': 0.9980040602642911, 'A_cib_217': 67.04621393375146, 'xi_sz_cib': 0.07947377281927281, 'A_sz': 9.629393655902042, 'ksz_norm': 5.548545979733246, 'gal545_A_100': 7.193456286203993, 'gal545_A_143': 9.361443773477763, 'gal545_A_143_217': 18.8489700320723, 'gal545_A_217': 57.53789559976238, 'ps_A_100_100': 300.7188929447506, 'ps_A_143_143': 43.97286368918712, 'ps_A_143_217': 48.90840774744533, 'ps_A_217_217': 99.76402164485306, 'galf_TE_A_100': 0.23875605718925008, 'galf_TE_A_100_143': 0.13599973742153823, 'galf_TE_A_100_217': 0.608921865402414, 'galf_TE_A_143': 0.38323417181474473, 'galf_TE_A_143_217': 0.7236193054982767, 'galf_TE_A_217': 1.9114281816818748}
 2026-05-28 02:34:06,044 [prior] Evaluating prior at array([1.00000000e-03, 3.00000000e+00, 6.75000000e+01, 2.24000000e-02,
       1.20000000e-01, 5.40000000e-02, 3.04400000e+00, 9.66000000e-01,
       9.98442160e-01, 1.00033910e+00, 9.98004060e-01, 6.70462139e+01,
       7.94737728e-02, 9.62939366e+00, 5.54854598e+00, 7.19345629e+00,
       9.36144377e+00, 1.88489700e+01, 5.75378956e+01, 3.00718893e+02,
       4.39728637e+01, 4.89084077e+01, 9.97640216e+01, 2.38756057e-01,
       1.35999737e-01, 6.08921865e-01, 3.83234172e-01, 7.23619305e-01,
       1.91142818e+00])
 2026-05-28 02:34:06,044 [prior] Got logpriors (internal) = -19.53665100624716
 2026-05-28 02:34:06,045 [prior] Got logpriors (external) = [-9.30811846509574]
 2026-05-28 02:34:06,045 [model] Got input parameters: {'tep_epsilon_T': 0.001, 'tep_z_T': 3.0, 'tep_n_T': 1.0, 'H0': 67.5, 'omega_b': 0.0224, 'omega_cdm': 0.12, 'tau_reio': 0.054, 'logA': 3.044, 'A_s': 2.0989031673191437e-09, 'n_s': 0.966, 'A_planck': 0.9984421601242803, 'calib_100T': 1.0003390954667568, 'calib_217T': 0.9980040602642911, 'A_pol': 1.0, 'calib_100P': 1.021, 'calib_143P': 0.966, 'calib_217P': 1.04, 'cib_index': -1.3, 'A_cib_217': 67.04621393375146, 'xi_sz_cib': 0.07947377281927281, 'A_sz': 9.629393655902042, 'ksz_norm': 5.548545979733246, 'gal545_A_100': 7.193456286203993, 'gal545_A_143': 9.361443773477763, 'gal545_A_143_217': 18.8489700320723, 'gal545_A_217': 57.53789559976238, 'A_sbpx_100_100_TT': 1.0, 'A_sbpx_143_143_TT': 1.0, 'A_sbpx_143_217_TT': 1.0, 'A_sbpx_217_217_TT': 1.0, 'ps_A_100_100': 300.7188929447506, 'ps_A_143_143': 43.97286368918712, 'ps_A_143_217': 48.90840774744533, 'ps_A_217_217': 99.76402164485306, 'galf_TE_index': -2.4, 'galf_TE_A_100': 0.23875605718925008, 'galf_TE_A_100_143': 0.13599973742153823, 'galf_TE_A_100_217': 0.608921865402414, 'galf_TE_A_143': 0.38323417181474473, 'galf_TE_A_143_217': 0.7236193054982767, 'galf_TE_A_217': 1.9114281816818748, 'galf_EE_index': -2.4, 'galf_EE_A_100': 0.055, 'galf_EE_A_100_143': 0.04, 'galf_EE_A_100_217': 0.094, 'galf_EE_A_143': 0.086, 'galf_EE_A_143_217': 0.21, 'galf_EE_A_217': 0.7, 'A_cnoise_e2e_100_100_EE': 1.0, 'A_cnoise_e2e_143_143_EE': 1.0, 'A_cnoise_e2e_217_217_EE': 1.0, 'A_sbpx_100_100_EE': 1.0, 'A_sbpx_100_143_EE': 1.0, 'A_sbpx_100_217_EE': 1.0, 'A_sbpx_143_143_EE': 1.0, 'A_sbpx_143_217_EE': 1.0, 'A_sbpx_217_217_EE': 1.0}
 2026-05-28 02:34:06,045 [classy] Got parameters {'tep_epsilon_T': 0.001, 'tep_z_T': 3.0, 'tep_n_T': 1.0, 'H0': 67.5, 'omega_b': 0.0224, 'omega_cdm': 0.12, 'tau_reio': 0.054, 'A_s': 2.0989031673191437e-09, 'n_s': 0.966}
 2026-05-28 02:34:06,045 [classy] Re-using computed results
 2026-05-28 02:34:06,045 [planck_2018_highl_plik.ttteee] Got parameters {'A_planck': 0.9984421601242803, 'calib_100T': 1.0003390954667568, 'calib_217T': 0.9980040602642911, 'A_pol': 1.0, 'calib_100P': 1.021, 'calib_143P': 0.966, 'calib_217P': 1.04, 'cib_index': -1.3, 'A_cib_217': 67.04621393375146, 'xi_sz_cib': 0.07947377281927281, 'A_sz': 9.629393655902042, 'ksz_norm': 5.548545979733246, 'gal545_A_100': 7.193456286203993, 'gal545_A_143': 9.361443773477763, 'gal545_A_143_217': 18.8489700320723, 'gal545_A_217': 57.53789559976238, 'A_sbpx_100_100_TT': 1.0, 'A_sbpx_143_143_TT': 1.0, 'A_sbpx_143_217_TT': 1.0, 'A_sbpx_217_217_TT': 1.0, 'ps_A_100_100': 300.7188929447506, 'ps_A_143_143': 43.97286368918712, 'ps_A_143_217': 48.90840774744533, 'ps_A_217_217': 99.76402164485306, 'galf_TE_index': -2.4, 'galf_TE_A_100': 0.23875605718925008, 'galf_TE_A_100_143': 0.13599973742153823, 'galf_TE_A_100_217': 0.608921865402414, 'galf_TE_A_143': 0.38323417181474473, 'galf_TE_A_143_217': 0.7236193054982767, 'galf_TE_A_217': 1.9114281816818748, 'galf_EE_index': -2.4, 'galf_EE_A_100': 0.055, 'galf_EE_A_100_143': 0.04, 'galf_EE_A_100_217': 0.094, 'galf_EE_A_143': 0.086, 'galf_EE_A_143_217': 0.21, 'galf_EE_A_217': 0.7, 'A_cnoise_e2e_100_100_EE': 1.0, 'A_cnoise_e2e_143_143_EE': 1.0, 'A_cnoise_e2e_217_217_EE': 1.0, 'A_sbpx_100_100_EE': 1.0, 'A_sbpx_100_143_EE': 1.0, 'A_sbpx_100_217_EE': 1.0, 'A_sbpx_143_143_EE': 1.0, 'A_sbpx_143_217_EE': 1.0, 'A_sbpx_217_217_EE': 1.0}
 2026-05-28 02:34:06,045 [planck_2018_highl_plik.ttteee] Computing new state
Cl length: 2509
 2026-05-28 02:34:06,052 [planck_2018_highl_plik.ttteee] Computed log-likelihood = -16027884724.478477
 2026-05-28 02:34:06,052 [planck_2018_lowl.tt] Got parameters {'A_planck': 0.9984421601242803}
 2026-05-28 02:34:06,052 [planck_2018_lowl.tt] Computing new state
Cl length: 2509
 2026-05-28 02:34:06,053 [planck_2018_lowl.tt] Computed log-likelihood = -inf
 2026-05-28 02:34:06,053 [planck_2018_lowl.ee] Got parameters {'A_planck': 0.9984421601242803}
 2026-05-28 02:34:06,053 [planck_2018_lowl.ee] Computing new state
Cl length: 2509
 2026-05-28 02:34:06,053 [planck_2018_lowl.ee] Computed log-likelihood = -198.01567975185867
 2026-05-28 02:34:06,053 [core.pantheon_cobaya_likelihood.pantheoncobaya] Got parameters {}
 2026-05-28 02:34:06,053 [core.pantheon_cobaya_likelihood.pantheoncobaya] Re-using computed results
 2026-05-28 02:34:06,053 [model] Computed derived parameters: {'A_s': 2.0989031673191437e-09, 'chi2__CMB': inf}
 2026-05-28 02:34:06,053 [prior] Evaluating prior at array([ 1.00000000e-03,  3.00000000e+00,  6.75000000e+01,  2.24000000e-02,
        1.20000000e-01,  5.40000000e-02,  3.04400000e+00,  9.66000000e-01,
        1.00061501e+00,  1.00269390e+00,  9.97458598e-01,  6.27848863e+01,
        9.63232434e-02,  5.81724980e+00,  3.74111135e+00,  9.18402338e+00,
        9.14762443e+00,  2.77280462e+01,  9.87933546e+01,  3.01514576e+02,
        4.61985689e+01,  4.96332040e+01,  1.20468196e+02,  1.54202714e-01,
       -9.38979552e-02,  5.97490570e-01,  9.77520241e-02,  7.92337586e-01,
        2.17850813e+00])
 2026-05-28 02:34:06,053 [prior] Got logpriors (internal) = -39.30369673304225
 2026-05-28 02:34:06,053 [prior] Got logpriors (external) = [-2.717181380936227]
 2026-05-28 02:34:06,053 [model] Posterior to be computed for parameters {'tep_epsilon_T': 0.001, 'tep_z_T': 3.0, 'H0': 67.5, 'omega_b': 0.0224, 'omega_cdm': 0.12, 'tau_reio': 0.054, 'logA': 3.044, 'n_s': 0.966, 'A_planck': 1.000615008655471, 'calib_100T': 1.0026938969550498, 'calib_217T': 0.9974585980500498, 'A_cib_217': 62.78488628494172, 'xi_sz_cib': 0.09632324343297136, 'A_sz': 5.817249804861783, 'ksz_norm': 3.741111354718412, 'gal545_A_100': 9.18402338333504, 'gal545_A_143': 9.147624428536533, 'gal545_A_143_217': 27.728046246031806, 'gal545_A_217': 98.79335457678467, 'ps_A_100_100': 301.5145760722943, 'ps_A_143_143': 46.198568859621666, 'ps_A_143_217': 49.63320400478361, 'ps_A_217_217': 120.46819637784208, 'galf_TE_A_100': 0.15420271377145478, 'galf_TE_A_100_143': -0.09389795521148514, 'galf_TE_A_100_217': 0.5974905703496993, 'galf_TE_A_143': 0.09775202405709082, 'galf_TE_A_143_217': 0.7923375857082811, 'galf_TE_A_217': 2.1785081255873773}
 2026-05-28 02:34:06,053 [prior] Evaluating prior at array([ 1.00000000e-03,  3.00000000e+00,  6.75000000e+01,  2.24000000e-02,
        1.20000000e-01,  5.40000000e-02,  3.04400000e+00,  9.66000000e-01,
        1.00061501e+00,  1.00269390e+00,  9.97458598e-01,  6.27848863e+01,
        9.63232434e-02,  5.81724980e+00,  3.74111135e+00,  9.18402338e+00,
        9.14762443e+00,  2.77280462e+01,  9.87933546e+01,  3.01514576e+02,
        4.61985689e+01,  4.96332040e+01,  1.20468196e+02,  1.54202714e-01,
       -9.38979552e-02,  5.97490570e-01,  9.77520241e-02,  7.92337586e-01,
        2.17850813e+00])
 2026-05-28 02:34:06,053 [prior] Got logpriors (internal) = -39.30369673304225
 2026-05-28 02:34:06,054 [prior] Got logpriors (external) = [-2.717181380936227]
 2026-05-28 02:34:06,054 [model] Got input parameters: {'tep_epsilon_T': 0.001, 'tep_z_T': 3.0, 'tep_n_T': 1.0, 'H0': 67.5, 'omega_b': 0.0224, 'omega_cdm': 0.12, 'tau_reio': 0.054, 'logA': 3.044, 'A_s': 2.0989031673191437e-09, 'n_s': 0.966, 'A_planck': 1.000615008655471, 'calib_100T': 1.0026938969550498, 'calib_217T': 0.9974585980500498, 'A_pol': 1.0, 'calib_100P': 1.021, 'calib_143P': 0.966, 'calib_217P': 1.04, 'cib_index': -1.3, 'A_cib_217': 62.78488628494172, 'xi_sz_cib': 0.09632324343297136, 'A_sz': 5.817249804861783, 'ksz_norm': 3.741111354718412, 'gal545_A_100': 9.18402338333504, 'gal545_A_143': 9.147624428536533, 'gal545_A_143_217': 27.728046246031806, 'gal545_A_217': 98.79335457678467, 'A_sbpx_100_100_TT': 1.0, 'A_sbpx_143_143_TT': 1.0, 'A_sbpx_143_217_TT': 1.0, 'A_sbpx_217_217_TT': 1.0, 'ps_A_100_100': 301.5145760722943, 'ps_A_143_143': 46.198568859621666, 'ps_A_143_217': 49.63320400478361, 'ps_A_217_217': 120.46819637784208, 'galf_TE_index': -2.4, 'galf_TE_A_100': 0.15420271377145478, 'galf_TE_A_100_143': -0.09389795521148514, 'galf_TE_A_100_217': 0.5974905703496993, 'galf_TE_A_143': 0.09775202405709082, 'galf_TE_A_143_217': 0.7923375857082811, 'galf_TE_A_217': 2.1785081255873773, 'galf_EE_index': -2.4, 'galf_EE_A_100': 0.055, 'galf_EE_A_100_143': 0.04, 'galf_EE_A_100_217': 0.094, 'galf_EE_A_143': 0.086, 'galf_EE_A_143_217': 0.21, 'galf_EE_A_217': 0.7, 'A_cnoise_e2e_100_100_EE': 1.0, 'A_cnoise_e2e_143_143_EE': 1.0, 'A_cnoise_e2e_217_217_EE': 1.0, 'A_sbpx_100_100_EE': 1.0, 'A_sbpx_100_143_EE': 1.0, 'A_sbpx_100_217_EE': 1.0, 'A_sbpx_143_143_EE': 1.0, 'A_sbpx_143_217_EE': 1.0, 'A_sbpx_217_217_EE': 1.0}
 2026-05-28 02:34:06,054 [classy] Got parameters {'tep_epsilon_T': 0.001, 'tep_z_T': 3.0, 'tep_n_T': 1.0, 'H0': 67.5, 'omega_b': 0.0224, 'omega_cdm': 0.12, 'tau_reio': 0.054, 'A_s': 2.0989031673191437e-09, 'n_s': 0.966}
 2026-05-28 02:34:06,054 [classy] Re-using computed results
 2026-05-28 02:34:06,054 [planck_2018_highl_plik.ttteee] Got parameters {'A_planck': 1.000615008655471, 'calib_100T': 1.0026938969550498, 'calib_217T': 0.9974585980500498, 'A_pol': 1.0, 'calib_100P': 1.021, 'calib_143P': 0.966, 'calib_217P': 1.04, 'cib_index': -1.3, 'A_cib_217': 62.78488628494172, 'xi_sz_cib': 0.09632324343297136, 'A_sz': 5.817249804861783, 'ksz_norm': 3.741111354718412, 'gal545_A_100': 9.18402338333504, 'gal545_A_143': 9.147624428536533, 'gal545_A_143_217': 27.728046246031806, 'gal545_A_217': 98.79335457678467, 'A_sbpx_100_100_TT': 1.0, 'A_sbpx_143_143_TT': 1.0, 'A_sbpx_143_217_TT': 1.0, 'A_sbpx_217_217_TT': 1.0, 'ps_A_100_100': 301.5145760722943, 'ps_A_143_143': 46.198568859621666, 'ps_A_143_217': 49.63320400478361, 'ps_A_217_217': 120.46819637784208, 'galf_TE_index': -2.4, 'galf_TE_A_100': 0.15420271377145478, 'galf_TE_A_100_143': -0.09389795521148514, 'galf_TE_A_100_217': 0.5974905703496993, 'galf_TE_A_143': 0.09775202405709082, 'galf_TE_A_143_217': 0.7923375857082811, 'galf_TE_A_217': 2.1785081255873773, 'galf_EE_index': -2.4, 'galf_EE_A_100': 0.055, 'galf_EE_A_100_143': 0.04, 'galf_EE_A_100_217': 0.094, 'galf_EE_A_143': 0.086, 'galf_EE_A_143_217': 0.21, 'galf_EE_A_217': 0.7, 'A_cnoise_e2e_100_100_EE': 1.0, 'A_cnoise_e2e_143_143_EE': 1.0, 'A_cnoise_e2e_217_217_EE': 1.0, 'A_sbpx_100_100_EE': 1.0, 'A_sbpx_100_143_EE': 1.0, 'A_sbpx_100_217_EE': 1.0, 'A_sbpx_143_143_EE': 1.0, 'A_sbpx_143_217_EE': 1.0, 'A_sbpx_217_217_EE': 1.0}
 2026-05-28 02:34:06,054 [planck_2018_highl_plik.ttteee] Computing new state
Cl length: 2509
 2026-05-28 02:34:06,060 [planck_2018_highl_plik.ttteee] Computed log-likelihood = -15831885161.1627
 2026-05-28 02:34:06,060 [planck_2018_lowl.tt] Got parameters {'A_planck': 1.000615008655471}
 2026-05-28 02:34:06,060 [planck_2018_lowl.tt] Computing new state
Cl length: 2509
 2026-05-28 02:34:06,060 [planck_2018_lowl.tt] Computed log-likelihood = -inf
 2026-05-28 02:34:06,060 [planck_2018_lowl.ee] Got parameters {'A_planck': 1.000615008655471}
 2026-05-28 02:34:06,060 [planck_2018_lowl.ee] Computing new state
Cl length: 2509
 2026-05-28 02:34:06,060 [planck_2018_lowl.ee] Computed log-likelihood = -198.00994377254736
 2026-05-28 02:34:06,060 [core.pantheon_cobaya_likelihood.pantheoncobaya] Got parameters {}
 2026-05-28 02:34:06,060 [core.pantheon_cobaya_likelihood.pantheoncobaya] Re-using computed results
 2026-05-28 02:34:06,060 [model] Computed derived parameters: {'A_s': 2.0989031673191437e-09, 'chi2__CMB': inf}
 2026-05-28 02:34:06,060 [prior] Evaluating prior at array([1.00000000e-03, 3.00000000e+00, 6.75000000e+01, 2.24000000e-02,
       1.20000000e-01, 5.40000000e-02, 3.04400000e+00, 9.66000000e-01,
       9.99351072e-01, 9.98998886e-01, 9.95356139e-01, 6.01640180e+01,
       7.95114737e-02, 7.40180196e+00, 1.42867873e+00, 6.64700876e+00,
       1.02714042e+01, 2.10298182e+01, 1.00565365e+02, 2.80776948e+02,
       3.85816948e+01, 4.42673384e+01, 1.07230327e+02, 1.07327309e-01,
       7.21748506e-02, 4.08640245e-01, 3.39355830e-01, 7.42969462e-01,
       1.80911142e+00])
 2026-05-28 02:34:06,060 [prior] Got logpriors (internal) = -23.66358368288612
 2026-05-28 02:34:06,060 [prior] Got logpriors (external) = [-2.8078107651828574]
 2026-05-28 02:34:06,060 [model] Posterior to be computed for parameters {'tep_epsilon_T': 0.001, 'tep_z_T': 3.0, 'H0': 67.5, 'omega_b': 0.0224, 'omega_cdm': 0.12, 'tau_reio': 0.054, 'logA': 3.044, 'n_s': 0.966, 'A_planck': 0.9993510718089708, 'calib_100T': 0.9989988859654372, 'calib_217T': 0.9953561392271902, 'A_cib_217': 60.164018023057, 'xi_sz_cib': 0.07951147365634624, 'A_sz': 7.401801963699838, 'ksz_norm': 1.4286787334286353, 'gal545_A_100': 6.647008762749417, 'gal545_A_143': 10.271404158204136, 'gal545_A_143_217': 21.029818239682058, 'gal545_A_217': 100.56536462609162, 'ps_A_100_100': 280.7769479978375, 'ps_A_143_143': 38.581694788985025, 'ps_A_143_217': 44.26733838224581, 'ps_A_217_217': 107.23032747956701, 'galf_TE_A_100': 0.10732730878325461, 'galf_TE_A_100_143': 0.07217485056606963, 'galf_TE_A_100_217': 0.40864024492348405, 'galf_TE_A_143': 0.3393558298965781, 'galf_TE_A_143_217': 0.7429694615467342, 'galf_TE_A_217': 1.8091114172421803}
 2026-05-28 02:34:06,060 [prior] Evaluating prior at array([1.00000000e-03, 3.00000000e+00, 6.75000000e+01, 2.24000000e-02,
       1.20000000e-01, 5.40000000e-02, 3.04400000e+00, 9.66000000e-01,
       9.99351072e-01, 9.98998886e-01, 9.95356139e-01, 6.01640180e+01,
       7.95114737e-02, 7.40180196e+00, 1.42867873e+00, 6.64700876e+00,
       1.02714042e+01, 2.10298182e+01, 1.00565365e+02, 2.80776948e+02,
       3.85816948e+01, 4.42673384e+01, 1.07230327e+02, 1.07327309e-01,
       7.21748506e-02, 4.08640245e-01, 3.39355830e-01, 7.42969462e-01,
       1.80911142e+00])
 2026-05-28 02:34:06,061 [prior] Got logpriors (internal) = -23.66358368288612
 2026-05-28 02:34:06,061 [prior] Got logpriors (external) = [-2.8078107651828574]
 2026-05-28 02:34:06,061 [model] Got input parameters: {'tep_epsilon_T': 0.001, 'tep_z_T': 3.0, 'tep_n_T': 1.0, 'H0': 67.5, 'omega_b': 0.0224, 'omega_cdm': 0.12, 'tau_reio': 0.054, 'logA': 3.044, 'A_s': 2.0989031673191437e-09, 'n_s': 0.966, 'A_planck': 0.9993510718089708, 'calib_100T': 0.9989988859654372, 'calib_217T': 0.9953561392271902, 'A_pol': 1.0, 'calib_100P': 1.021, 'calib_143P': 0.966, 'calib_217P': 1.04, 'cib_index': -1.3, 'A_cib_217': 60.164018023057, 'xi_sz_cib': 0.07951147365634624, 'A_sz': 7.401801963699838, 'ksz_norm': 1.4286787334286353, 'gal545_A_100': 6.647008762749417, 'gal545_A_143': 10.271404158204136, 'gal545_A_143_217': 21.029818239682058, 'gal545_A_217': 100.56536462609162, 'A_sbpx_100_100_TT': 1.0, 'A_sbpx_143_143_TT': 1.0, 'A_sbpx_143_217_TT': 1.0, 'A_sbpx_217_217_TT': 1.0, 'ps_A_100_100': 280.7769479978375, 'ps_A_143_143': 38.581694788985025, 'ps_A_143_217': 44.26733838224581, 'ps_A_217_217': 107.23032747956701, 'galf_TE_index': -2.4, 'galf_TE_A_100': 0.10732730878325461, 'galf_TE_A_100_143': 0.07217485056606963, 'galf_TE_A_100_217': 0.40864024492348405, 'galf_TE_A_143': 0.3393558298965781, 'galf_TE_A_143_217': 0.7429694615467342, 'galf_TE_A_217': 1.8091114172421803, 'galf_EE_index': -2.4, 'galf_EE_A_100': 0.055, 'galf_EE_A_100_143': 0.04, 'galf_EE_A_100_217': 0.094, 'galf_EE_A_143': 0.086, 'galf_EE_A_143_217': 0.21, 'galf_EE_A_217': 0.7, 'A_cnoise_e2e_100_100_EE': 1.0, 'A_cnoise_e2e_143_143_EE': 1.0, 'A_cnoise_e2e_217_217_EE': 1.0, 'A_sbpx_100_100_EE': 1.0, 'A_sbpx_100_143_EE': 1.0, 'A_sbpx_100_217_EE': 1.0, 'A_sbpx_143_143_EE': 1.0, 'A_sbpx_143_217_EE': 1.0, 'A_sbpx_217_217_EE': 1.0}
 2026-05-28 02:34:06,061 [classy] Got parameters {'tep_epsilon_T': 0.001, 'tep_z_T': 3.0, 'tep_n_T': 1.0, 'H0': 67.5, 'omega_b': 0.0224, 'omega_cdm': 0.12, 'tau_reio': 0.054, 'A_s': 2.0989031673191437e-09, 'n_s': 0.966}
 2026-05-28 02:34:06,061 [classy] Re-using computed results
 2026-05-28 02:34:06,061 [planck_2018_highl_plik.ttteee] Got parameters {'A_planck': 0.9993510718089708, 'calib_100T': 0.9989988859654372, 'calib_217T': 0.9953561392271902, 'A_pol': 1.0, 'calib_100P': 1.021, 'calib_143P': 0.966, 'calib_217P': 1.04, 'cib_index': -1.3, 'A_cib_217': 60.164018023057, 'xi_sz_cib': 0.07951147365634624, 'A_sz': 7.401801963699838, 'ksz_norm': 1.4286787334286353, 'gal545_A_100': 6.647008762749417, 'gal545_A_143': 10.271404158204136, 'gal545_A_143_217': 21.029818239682058, 'gal545_A_217': 100.56536462609162, 'A_sbpx_100_100_TT': 1.0, 'A_sbpx_143_143_TT': 1.0, 'A_sbpx_143_217_TT': 1.0, 'A_sbpx_217_217_TT': 1.0, 'ps_A_100_100': 280.7769479978375, 'ps_A_143_143': 38.581694788985025, 'ps_A_143_217': 44.26733838224581, 'ps_A_217_217': 107.23032747956701, 'galf_TE_index': -2.4, 'galf_TE_A_100': 0.10732730878325461, 'galf_TE_A_100_143': 0.07217485056606963, 'galf_TE_A_100_217': 0.40864024492348405, 'galf_TE_A_143': 0.3393558298965781, 'galf_TE_A_143_217': 0.7429694615467342, 'galf_TE_A_217': 1.8091114172421803, 'galf_EE_index': -2.4, 'galf_EE_A_100': 0.055, 'galf_EE_A_100_143': 0.04, 'galf_EE_A_100_217': 0.094, 'galf_EE_A_143': 0.086, 'galf_EE_A_143_217': 0.21, 'galf_EE_A_217': 0.7, 'A_cnoise_e2e_100_100_EE': 1.0, 'A_cnoise_e2e_143_143_EE': 1.0, 'A_cnoise_e2e_217_217_EE': 1.0, 'A_sbpx_100_100_EE': 1.0, 'A_sbpx_100_143_EE': 1.0, 'A_sbpx_100_217_EE': 1.0, 'A_sbpx_143_143_EE': 1.0, 'A_sbpx_143_217_EE': 1.0, 'A_sbpx_217_217_EE': 1.0}
 2026-05-28 02:34:06,061 [planck_2018_highl_plik.ttteee] Computing new state
Cl length: 2509
 2026-05-28 02:34:06,067 [planck_2018_highl_plik.ttteee] Computed log-likelihood = -16003080131.551231
 2026-05-28 02:34:06,067 [planck_2018_lowl.tt] Got parameters {'A_planck': 0.9993510718089708}
 2026-05-28 02:34:06,067 [planck_2018_lowl.tt] Computing new state
Cl length: 2509
 2026-05-28 02:34:06,067 [planck_2018_lowl.tt] Computed log-likelihood = -inf
 2026-05-28 02:34:06,067 [planck_2018_lowl.ee] Got parameters {'A_planck': 0.9993510718089708}
 2026-05-28 02:34:06,067 [planck_2018_lowl.ee] Computing new state
Cl length: 2509
 2026-05-28 02:34:06,067 [planck_2018_lowl.ee] Computed log-likelihood = -198.011458551541
 2026-05-28 02:34:06,067 [core.pantheon_cobaya_likelihood.pantheoncobaya] Got parameters {}
 2026-05-28 02:34:06,067 [core.pantheon_cobaya_likelihood.pantheoncobaya] Re-using computed results
 2026-05-28 02:34:06,067 [model] Computed derived parameters: {'A_s': 2.0989031673191437e-09, 'chi2__CMB': inf}
 2026-05-28 02:34:06,067 [prior] Evaluating prior at array([1.00000000e-03, 3.00000000e+00, 6.75000000e+01, 2.24000000e-02,
       1.20000000e-01, 5.40000000e-02, 3.04400000e+00, 9.66000000e-01,
       1.00073890e+00, 1.00096438e+00, 9.98068727e-01, 6.23045334e+01,
       1.36603907e-02, 1.09716380e+01, 3.21235569e-01, 1.05183622e+01,
       1.09638059e+01, 1.75453841e+01, 9.17019135e+01, 2.55266119e+02,
       5.34839008e+01, 2.76440528e+01, 1.10818921e+02, 1.95905229e-01,
       1.61190978e-01, 4.83821119e-01, 1.93341052e-01, 7.17695684e-01,
       1.82165693e+00])
 2026-05-28 02:34:06,067 [prior] Got logpriors (internal) = -inf
 2026-05-28 02:34:06,068 [prior] Evaluating prior at array([ 1.00000000e-03,  3.00000000e+00,  6.75000000e+01,  2.24000000e-02,
        1.20000000e-01,  5.40000000e-02,  3.04400000e+00,  9.66000000e-01,
        9.98288395e-01,  1.00066453e+00,  1.00062717e+00,  6.61377842e+01,
        6.75812517e-02,  7.34622109e+00,  2.48933500e-03,  5.58957313e+00,
        6.98274239e+00,  2.42005297e+01,  6.90783302e+01,  2.45841735e+02,
        3.13886673e+01,  5.79825549e+01,  9.14532265e+01,  8.96553887e-02,
       -5.62558256e-03,  4.32374627e-01,  8.45451314e-02,  6.75686315e-01,
        1.64571334e+00])
 2026-05-28 02:34:06,068 [prior] Got logpriors (internal) = -30.401496368141093
 2026-05-28 02:34:06,068 [prior] Got logpriors (external) = [-2.3004138964188825]
 2026-05-28 02:34:06,068 [model] Posterior to be computed for parameters {'tep_epsilon_T': 0.001, 'tep_z_T': 3.0, 'H0': 67.5, 'omega_b': 0.0224, 'omega_cdm': 0.12, 'tau_reio': 0.054, 'logA': 3.044, 'n_s': 0.966, 'A_planck': 0.9982883950830196, 'calib_100T': 1.0006645344457104, 'calib_217T': 1.0006271674538076, 'A_cib_217': 66.13778418376523, 'xi_sz_cib': 0.06758125167110088, 'A_sz': 7.346221086269612, 'ksz_norm': 0.002489334999671349, 'gal545_A_100': 5.589573127258046, 'gal545_A_143': 6.9827423869168195, 'gal545_A_143_217': 24.200529668920833, 'gal545_A_217': 69.07833020129026, 'ps_A_100_100': 245.8417354852364, 'ps_A_143_143': 31.38866728813688, 'ps_A_143_217': 57.982554870268075, 'ps_A_217_217': 91.45322652736301, 'galf_TE_A_100': 0.08965538866764493, 'galf_TE_A_100_143': -0.005625582557910319, 'galf_TE_A_100_217': 0.4323746265074264, 'galf_TE_A_143': 0.08454513135788955, 'galf_TE_A_143_217': 0.675686314736803, 'galf_TE_A_217': 1.645713342953717}
 2026-05-28 02:34:06,068 [prior] Evaluating prior at array([ 1.00000000e-03,  3.00000000e+00,  6.75000000e+01,  2.24000000e-02,
        1.20000000e-01,  5.40000000e-02,  3.04400000e+00,  9.66000000e-01,
        9.98288395e-01,  1.00066453e+00,  1.00062717e+00,  6.61377842e+01,
        6.75812517e-02,  7.34622109e+00,  2.48933500e-03,  5.58957313e+00,
        6.98274239e+00,  2.42005297e+01,  6.90783302e+01,  2.45841735e+02,
        3.13886673e+01,  5.79825549e+01,  9.14532265e+01,  8.96553887e-02,
       -5.62558256e-03,  4.32374627e-01,  8.45451314e-02,  6.75686315e-01,
        1.64571334e+00])
 2026-05-28 02:34:06,068 [prior] Got logpriors (internal) = -30.401496368141093
 2026-05-28 02:34:06,068 [prior] Got logpriors (external) = [-2.3004138964188825]
 2026-05-28 02:34:06,068 [model] Got input parameters: {'tep_epsilon_T': 0.001, 'tep_z_T': 3.0, 'tep_n_T': 1.0, 'H0': 67.5, 'omega_b': 0.0224, 'omega_cdm': 0.12, 'tau_reio': 0.054, 'logA': 3.044, 'A_s': 2.0989031673191437e-09, 'n_s': 0.966, 'A_planck': 0.9982883950830196, 'calib_100T': 1.0006645344457104, 'calib_217T': 1.0006271674538076, 'A_pol': 1.0, 'calib_100P': 1.021, 'calib_143P': 0.966, 'calib_217P': 1.04, 'cib_index': -1.3, 'A_cib_217': 66.13778418376523, 'xi_sz_cib': 0.06758125167110088, 'A_sz': 7.346221086269612, 'ksz_norm': 0.002489334999671349, 'gal545_A_100': 5.589573127258046, 'gal545_A_143': 6.9827423869168195, 'gal545_A_143_217': 24.200529668920833, 'gal545_A_217': 69.07833020129026, 'A_sbpx_100_100_TT': 1.0, 'A_sbpx_143_143_TT': 1.0, 'A_sbpx_143_217_TT': 1.0, 'A_sbpx_217_217_TT': 1.0, 'ps_A_100_100': 245.8417354852364, 'ps_A_143_143': 31.38866728813688, 'ps_A_143_217': 57.982554870268075, 'ps_A_217_217': 91.45322652736301, 'galf_TE_index': -2.4, 'galf_TE_A_100': 0.08965538866764493, 'galf_TE_A_100_143': -0.005625582557910319, 'galf_TE_A_100_217': 0.4323746265074264, 'galf_TE_A_143': 0.08454513135788955, 'galf_TE_A_143_217': 0.675686314736803, 'galf_TE_A_217': 1.645713342953717, 'galf_EE_index': -2.4, 'galf_EE_A_100': 0.055, 'galf_EE_A_100_143': 0.04, 'galf_EE_A_100_217': 0.094, 'galf_EE_A_143': 0.086, 'galf_EE_A_143_217': 0.21, 'galf_EE_A_217': 0.7, 'A_cnoise_e2e_100_100_EE': 1.0, 'A_cnoise_e2e_143_143_EE': 1.0, 'A_cnoise_e2e_217_217_EE': 1.0, 'A_sbpx_100_100_EE': 1.0, 'A_sbpx_100_143_EE': 1.0, 'A_sbpx_100_217_EE': 1.0, 'A_sbpx_143_143_EE': 1.0, 'A_sbpx_143_217_EE': 1.0, 'A_sbpx_217_217_EE': 1.0}
 2026-05-28 02:34:06,068 [classy] Got parameters {'tep_epsilon_T': 0.001, 'tep_z_T': 3.0, 'tep_n_T': 1.0, 'H0': 67.5, 'omega_b': 0.0224, 'omega_cdm': 0.12, 'tau_reio': 0.054, 'A_s': 2.0989031673191437e-09, 'n_s': 0.966}
 2026-05-28 02:34:06,068 [classy] Re-using computed results
 2026-05-28 02:34:06,068 [planck_2018_highl_plik.ttteee] Got parameters {'A_planck': 0.9982883950830196, 'calib_100T': 1.0006645344457104, 'calib_217T': 1.0006271674538076, 'A_pol': 1.0, 'calib_100P': 1.021, 'calib_143P': 0.966, 'calib_217P': 1.04, 'cib_index': -1.3, 'A_cib_217': 66.13778418376523, 'xi_sz_cib': 0.06758125167110088, 'A_sz': 7.346221086269612, 'ksz_norm': 0.002489334999671349, 'gal545_A_100': 5.589573127258046, 'gal545_A_143': 6.9827423869168195, 'gal545_A_143_217': 24.200529668920833, 'gal545_A_217': 69.07833020129026, 'A_sbpx_100_100_TT': 1.0, 'A_sbpx_143_143_TT': 1.0, 'A_sbpx_143_217_TT': 1.0, 'A_sbpx_217_217_TT': 1.0, 'ps_A_100_100': 245.8417354852364, 'ps_A_143_143': 31.38866728813688, 'ps_A_143_217': 57.982554870268075, 'ps_A_217_217': 91.45322652736301, 'galf_TE_index': -2.4, 'galf_TE_A_100': 0.08965538866764493, 'galf_TE_A_100_143': -0.005625582557910319, 'galf_TE_A_100_217': 0.4323746265074264, 'galf_TE_A_143': 0.08454513135788955, 'galf_TE_A_143_217': 0.675686314736803, 'galf_TE_A_217': 1.645713342953717, 'galf_EE_index': -2.4, 'galf_EE_A_100': 0.055, 'galf_EE_A_100_143': 0.04, 'galf_EE_A_100_217': 0.094, 'galf_EE_A_143': 0.086, 'galf_EE_A_143_217': 0.21, 'galf_EE_A_217': 0.7, 'A_cnoise_e2e_100_100_EE': 1.0, 'A_cnoise_e2e_143_143_EE': 1.0, 'A_cnoise_e2e_217_217_EE': 1.0, 'A_sbpx_100_100_EE': 1.0, 'A_sbpx_100_143_EE': 1.0, 'A_sbpx_100_217_EE': 1.0, 'A_sbpx_143_143_EE': 1.0, 'A_sbpx_143_217_EE': 1.0, 'A_sbpx_217_217_EE': 1.0}
 2026-05-28 02:34:06,068 [planck_2018_highl_plik.ttteee] Computing new state
Cl length: 2509
 2026-05-28 02:34:06,074 [planck_2018_highl_plik.ttteee] Computed log-likelihood = -16029898555.309841
 2026-05-28 02:34:06,074 [planck_2018_lowl.tt] Got parameters {'A_planck': 0.9982883950830196}
 2026-05-28 02:34:06,074 [planck_2018_lowl.tt] Computing new state
Cl length: 2509
 2026-05-28 02:34:06,074 [planck_2018_lowl.tt] Computed log-likelihood = -inf
 2026-05-28 02:34:06,074 [planck_2018_lowl.ee] Got parameters {'A_planck': 0.9982883950830196}
 2026-05-28 02:34:06,074 [planck_2018_lowl.ee] Computing new state
Cl length: 2509
 2026-05-28 02:34:06,074 [planck_2018_lowl.ee] Computed log-likelihood = -198.01879779891368
 2026-05-28 02:34:06,074 [core.pantheon_cobaya_likelihood.pantheoncobaya] Got parameters {}
 2026-05-28 02:34:06,074 [core.pantheon_cobaya_likelihood.pantheoncobaya] Re-using computed results
 2026-05-28 02:34:06,074 [model] Computed derived parameters: {'A_s': 2.0989031673191437e-09, 'chi2__CMB': inf}
 2026-05-28 02:34:06,074 [prior] Evaluating prior at array([ 1.00000000e-03,  3.00000000e+00,  6.75000000e+01,  2.24000000e-02,
        1.20000000e-01,  5.40000000e-02,  3.04400000e+00,  9.66000000e-01,
        1.00265777e+00,  9.99049411e-01,  9.97617463e-01,  7.21740227e+01,
        1.57574706e-01,  8.60732622e+00,  1.93479125e+00,  7.30506762e+00,
        8.73209814e+00,  2.31732304e+01,  9.16559129e+01,  2.58309647e+02,
        4.35905815e+01,  3.38110305e+01,  9.98665306e+01, -2.68657268e-02,
       -7.49007655e-02,  6.41718086e-01,  1.97289861e-01,  7.86415825e-01,
        1.71818709e+00])
 2026-05-28 02:34:06,074 [prior] Got logpriors (internal) = -38.11397266294877
 2026-05-28 02:34:06,074 [prior] Got logpriors (external) = [-4.157595608517805]
 2026-05-28 02:34:06,074 [model] Posterior to be computed for parameters {'tep_epsilon_T': 0.001, 'tep_z_T': 3.0, 'H0': 67.5, 'omega_b': 0.0224, 'omega_cdm': 0.12, 'tau_reio': 0.054, 'logA': 3.044, 'n_s': 0.966, 'A_planck': 1.0026577702671629, 'calib_100T': 0.9990494111876744, 'calib_217T': 0.9976174628343073, 'A_cib_217': 72.17402268873113, 'xi_sz_cib': 0.15757470567478116, 'A_sz': 8.607326222214075, 'ksz_norm': 1.9347912491167927, 'gal545_A_100': 7.30506761936658, 'gal545_A_143': 8.732098144434772, 'gal545_A_143_217': 23.1732304012403, 'gal545_A_217': 91.65591287336973, 'ps_A_100_100': 258.30964710714835, 'ps_A_143_143': 43.5905815248589, 'ps_A_143_217': 33.81103051096258, 'ps_A_217_217': 99.86653057139524, 'galf_TE_A_100': -0.02686572678498858, 'galf_TE_A_100_143': -0.07490076553031844, 'galf_TE_A_100_217': 0.6417180861364438, 'galf_TE_A_143': 0.19728986091841408, 'galf_TE_A_143_217': 0.7864158251081594, 'galf_TE_A_217': 1.7181870908496053}
 2026-05-28 02:34:06,074 [prior] Evaluating prior at array([ 1.00000000e-03,  3.00000000e+00,  6.75000000e+01,  2.24000000e-02,
        1.20000000e-01,  5.40000000e-02,  3.04400000e+00,  9.66000000e-01,
        1.00265777e+00,  9.99049411e-01,  9.97617463e-01,  7.21740227e+01,
        1.57574706e-01,  8.60732622e+00,  1.93479125e+00,  7.30506762e+00,
        8.73209814e+00,  2.31732304e+01,  9.16559129e+01,  2.58309647e+02,
        4.35905815e+01,  3.38110305e+01,  9.98665306e+01, -2.68657268e-02,
       -7.49007655e-02,  6.41718086e-01,  1.97289861e-01,  7.86415825e-01,
        1.71818709e+00])
 2026-05-28 02:34:06,074 [prior] Got logpriors (internal) = -38.11397266294877
 2026-05-28 02:34:06,074 [prior] Got logpriors (external) = [-4.157595608517805]
 2026-05-28 02:34:06,075 [model] Got input parameters: {'tep_epsilon_T': 0.001, 'tep_z_T': 3.0, 'tep_n_T': 1.0, 'H0': 67.5, 'omega_b': 0.0224, 'omega_cdm': 0.12, 'tau_reio': 0.054, 'logA': 3.044, 'A_s': 2.0989031673191437e-09, 'n_s': 0.966, 'A_planck': 1.0026577702671629, 'calib_100T': 0.9990494111876744, 'calib_217T': 0.9976174628343073, 'A_pol': 1.0, 'calib_100P': 1.021, 'calib_143P': 0.966, 'calib_217P': 1.04, 'cib_index': -1.3, 'A_cib_217': 72.17402268873113, 'xi_sz_cib': 0.15757470567478116, 'A_sz': 8.607326222214075, 'ksz_norm': 1.9347912491167927, 'gal545_A_100': 7.30506761936658, 'gal545_A_143': 8.732098144434772, 'gal545_A_143_217': 23.1732304012403, 'gal545_A_217': 91.65591287336973, 'A_sbpx_100_100_TT': 1.0, 'A_sbpx_143_143_TT': 1.0, 'A_sbpx_143_217_TT': 1.0, 'A_sbpx_217_217_TT': 1.0, 'ps_A_100_100': 258.30964710714835, 'ps_A_143_143': 43.5905815248589, 'ps_A_143_217': 33.81103051096258, 'ps_A_217_217': 99.86653057139524, 'galf_TE_index': -2.4, 'galf_TE_A_100': -0.02686572678498858, 'galf_TE_A_100_143': -0.07490076553031844, 'galf_TE_A_100_217': 0.6417180861364438, 'galf_TE_A_143': 0.19728986091841408, 'galf_TE_A_143_217': 0.7864158251081594, 'galf_TE_A_217': 1.7181870908496053, 'galf_EE_index': -2.4, 'galf_EE_A_100': 0.055, 'galf_EE_A_100_143': 0.04, 'galf_EE_A_100_217': 0.094, 'galf_EE_A_143': 0.086, 'galf_EE_A_143_217': 0.21, 'galf_EE_A_217': 0.7, 'A_cnoise_e2e_100_100_EE': 1.0, 'A_cnoise_e2e_143_143_EE': 1.0, 'A_cnoise_e2e_217_217_EE': 1.0, 'A_sbpx_100_100_EE': 1.0, 'A_sbpx_100_143_EE': 1.0, 'A_sbpx_100_217_EE': 1.0, 'A_sbpx_143_143_EE': 1.0, 'A_sbpx_143_217_EE': 1.0, 'A_sbpx_217_217_EE': 1.0}
 2026-05-28 02:34:06,075 [classy] Got parameters {'tep_epsilon_T': 0.001, 'tep_z_T': 3.0, 'tep_n_T': 1.0, 'H0': 67.5, 'omega_b': 0.0224, 'omega_cdm': 0.12, 'tau_reio': 0.054, 'A_s': 2.0989031673191437e-09, 'n_s': 0.966}
 2026-05-28 02:34:06,075 [classy] Re-using computed results
 2026-05-28 02:34:06,075 [planck_2018_highl_plik.ttteee] Got parameters {'A_planck': 1.0026577702671629, 'calib_100T': 0.9990494111876744, 'calib_217T': 0.9976174628343073, 'A_pol': 1.0, 'calib_100P': 1.021, 'calib_143P': 0.966, 'calib_217P': 1.04, 'cib_index': -1.3, 'A_cib_217': 72.17402268873113, 'xi_sz_cib': 0.15757470567478116, 'A_sz': 8.607326222214075, 'ksz_norm': 1.9347912491167927, 'gal545_A_100': 7.30506761936658, 'gal545_A_143': 8.732098144434772, 'gal545_A_143_217': 23.1732304012403, 'gal545_A_217': 91.65591287336973, 'A_sbpx_100_100_TT': 1.0, 'A_sbpx_143_143_TT': 1.0, 'A_sbpx_143_217_TT': 1.0, 'A_sbpx_217_217_TT': 1.0, 'ps_A_100_100': 258.30964710714835, 'ps_A_143_143': 43.5905815248589, 'ps_A_143_217': 33.81103051096258, 'ps_A_217_217': 99.86653057139524, 'galf_TE_index': -2.4, 'galf_TE_A_100': -0.02686572678498858, 'galf_TE_A_100_143': -0.07490076553031844, 'galf_TE_A_100_217': 0.6417180861364438, 'galf_TE_A_143': 0.19728986091841408, 'galf_TE_A_143_217': 0.7864158251081594, 'galf_TE_A_217': 1.7181870908496053, 'galf_EE_index': -2.4, 'galf_EE_A_100': 0.055, 'galf_EE_A_100_143': 0.04, 'galf_EE_A_100_217': 0.094, 'galf_EE_A_143': 0.086, 'galf_EE_A_143_217': 0.21, 'galf_EE_A_217': 0.7, 'A_cnoise_e2e_100_100_EE': 1.0, 'A_cnoise_e2e_143_143_EE': 1.0, 'A_cnoise_e2e_217_217_EE': 1.0, 'A_sbpx_100_100_EE': 1.0, 'A_sbpx_100_143_EE': 1.0, 'A_sbpx_100_217_EE': 1.0, 'A_sbpx_143_143_EE': 1.0, 'A_sbpx_143_217_EE': 1.0, 'A_sbpx_217_217_EE': 1.0}
 2026-05-28 02:34:06,075 [planck_2018_highl_plik.ttteee] Computing new state
Cl length: 2509
 2026-05-28 02:34:06,081 [planck_2018_highl_plik.ttteee] Computed log-likelihood = -15791351688.948895
 2026-05-28 02:34:06,081 [planck_2018_lowl.tt] Got parameters {'A_planck': 1.0026577702671629}
 2026-05-28 02:34:06,081 [planck_2018_lowl.tt] Computing new state
Cl length: 2509
 2026-05-28 02:34:06,081 [planck_2018_lowl.tt] Computed log-likelihood = -inf
 2026-05-28 02:34:06,081 [planck_2018_lowl.ee] Got parameters {'A_planck': 1.0026577702671629}
 2026-05-28 02:34:06,081 [planck_2018_lowl.ee] Computing new state
Cl length: 2509
 2026-05-28 02:34:06,081 [planck_2018_lowl.ee] Computed log-likelihood = -198.0157902382465
 2026-05-28 02:34:06,081 [core.pantheon_cobaya_likelihood.pantheoncobaya] Got parameters {}
 2026-05-28 02:34:06,081 [core.pantheon_cobaya_likelihood.pantheoncobaya] Re-using computed results
 2026-05-28 02:34:06,081 [model] Computed derived parameters: {'A_s': 2.0989031673191437e-09, 'chi2__CMB': inf}
 2026-05-28 02:34:06,081 [prior] Evaluating prior at array([ 1.00000000e-03,  3.00000000e+00,  6.75000000e+01,  2.24000000e-02,
        1.20000000e-01,  5.40000000e-02,  3.04400000e+00,  9.66000000e-01,
        1.00086801e+00,  1.00031009e+00,  9.97924182e-01,  7.33921156e+01,
        1.98679909e-01,  4.60006188e+00,  2.04131088e+00,  7.50298055e+00,
        1.10313567e+01,  2.32621218e+01,  7.81965939e+01,  2.48422279e+02,
        5.10618765e+01,  3.01726464e+01,  1.25031838e+02,  1.00709989e-01,
       -1.03266151e-01,  5.19535913e-01,  1.70431267e-01,  6.55022959e-01,
        1.60489803e+00])
 2026-05-28 02:34:06,082 [prior] Got logpriors (internal) = -31.80313875968273
 2026-05-28 02:34:06,082 [prior] Got logpriors (external) = [-2.018090822405157]
 2026-05-28 02:34:06,082 [model] Posterior to be computed for parameters {'tep_epsilon_T': 0.001, 'tep_z_T': 3.0, 'H0': 67.5, 'omega_b': 0.0224, 'omega_cdm': 0.12, 'tau_reio': 0.054, 'logA': 3.044, 'n_s': 0.966, 'A_planck': 1.0008680074644316, 'calib_100T': 1.000310093015194, 'calib_217T': 0.9979241815834868, 'A_cib_217': 73.39211558298028, 'xi_sz_cib': 0.19867990862963664, 'A_sz': 4.6000618848628365, 'ksz_norm': 2.041310875269592, 'gal545_A_100': 7.5029805470067625, 'gal545_A_143': 11.031356726890234, 'gal545_A_143_217': 23.262121818086538, 'gal545_A_217': 78.19659387456072, 'ps_A_100_100': 248.4222790045346, 'ps_A_143_143': 51.06187654162267, 'ps_A_143_217': 30.172646428246317, 'ps_A_217_217': 125.03183849941047, 'galf_TE_A_100': 0.10070998910089567, 'galf_TE_A_100_143': -0.10326615055665744, 'galf_TE_A_100_217': 0.5195359130471685, 'galf_TE_A_143': 0.17043126713281279, 'galf_TE_A_143_217': 0.6550229589768516, 'galf_TE_A_217': 1.604898032947316}
 2026-05-28 02:34:06,082 [prior] Evaluating prior at array([ 1.00000000e-03,  3.00000000e+00,  6.75000000e+01,  2.24000000e-02,
        1.20000000e-01,  5.40000000e-02,  3.04400000e+00,  9.66000000e-01,
        1.00086801e+00,  1.00031009e+00,  9.97924182e-01,  7.33921156e+01,
        1.98679909e-01,  4.60006188e+00,  2.04131088e+00,  7.50298055e+00,
        1.10313567e+01,  2.32621218e+01,  7.81965939e+01,  2.48422279e+02,
        5.10618765e+01,  3.01726464e+01,  1.25031838e+02,  1.00709989e-01,
       -1.03266151e-01,  5.19535913e-01,  1.70431267e-01,  6.55022959e-01,
        1.60489803e+00])
 2026-05-28 02:34:06,082 [prior] Got logpriors (internal) = -31.80313875968273
 2026-05-28 02:34:06,082 [prior] Got logpriors (external) = [-2.018090822405157]
 2026-05-28 02:34:06,082 [model] Got input parameters: {'tep_epsilon_T': 0.001, 'tep_z_T': 3.0, 'tep_n_T': 1.0, 'H0': 67.5, 'omega_b': 0.0224, 'omega_cdm': 0.12, 'tau_reio': 0.054, 'logA': 3.044, 'A_s': 2.0989031673191437e-09, 'n_s': 0.966, 'A_planck': 1.0008680074644316, 'calib_100T': 1.000310093015194, 'calib_217T': 0.9979241815834868, 'A_pol': 1.0, 'calib_100P': 1.021, 'calib_143P': 0.966, 'calib_217P': 1.04, 'cib_index': -1.3, 'A_cib_217': 73.39211558298028, 'xi_sz_cib': 0.19867990862963664, 'A_sz': 4.6000618848628365, 'ksz_norm': 2.041310875269592, 'gal545_A_100': 7.5029805470067625, 'gal545_A_143': 11.031356726890234, 'gal545_A_143_217': 23.262121818086538, 'gal545_A_217': 78.19659387456072, 'A_sbpx_100_100_TT': 1.0, 'A_sbpx_143_143_TT': 1.0, 'A_sbpx_143_217_TT': 1.0, 'A_sbpx_217_217_TT': 1.0, 'ps_A_100_100': 248.4222790045346, 'ps_A_143_143': 51.06187654162267, 'ps_A_143_217': 30.172646428246317, 'ps_A_217_217': 125.03183849941047, 'galf_TE_index': -2.4, 'galf_TE_A_100': 0.10070998910089567, 'galf_TE_A_100_143': -0.10326615055665744, 'galf_TE_A_100_217': 0.5195359130471685, 'galf_TE_A_143': 0.17043126713281279, 'galf_TE_A_143_217': 0.6550229589768516, 'galf_TE_A_217': 1.604898032947316, 'galf_EE_index': -2.4, 'galf_EE_A_100': 0.055, 'galf_EE_A_100_143': 0.04, 'galf_EE_A_100_217': 0.094, 'galf_EE_A_143': 0.086, 'galf_EE_A_143_217': 0.21, 'galf_EE_A_217': 0.7, 'A_cnoise_e2e_100_100_EE': 1.0, 'A_cnoise_e2e_143_143_EE': 1.0, 'A_cnoise_e2e_217_217_EE': 1.0, 'A_sbpx_100_100_EE': 1.0, 'A_sbpx_100_143_EE': 1.0, 'A_sbpx_100_217_EE': 1.0, 'A_sbpx_143_143_EE': 1.0, 'A_sbpx_143_217_EE': 1.0, 'A_sbpx_217_217_EE': 1.0}
 2026-05-28 02:34:06,082 [classy] Got parameters {'tep_epsilon_T': 0.001, 'tep_z_T': 3.0, 'tep_n_T': 1.0, 'H0': 67.5, 'omega_b': 0.0224, 'omega_cdm': 0.12, 'tau_reio': 0.054, 'A_s': 2.0989031673191437e-09, 'n_s': 0.966}
 2026-05-28 02:34:06,082 [classy] Re-using computed results
 2026-05-28 02:34:06,082 [planck_2018_highl_plik.ttteee] Got parameters {'A_planck': 1.0008680074644316, 'calib_100T': 1.000310093015194, 'calib_217T': 0.9979241815834868, 'A_pol': 1.0, 'calib_100P': 1.021, 'calib_143P': 0.966, 'calib_217P': 1.04, 'cib_index': -1.3, 'A_cib_217': 73.39211558298028, 'xi_sz_cib': 0.19867990862963664, 'A_sz': 4.6000618848628365, 'ksz_norm': 2.041310875269592, 'gal545_A_100': 7.5029805470067625, 'gal545_A_143': 11.031356726890234, 'gal545_A_143_217': 23.262121818086538, 'gal545_A_217': 78.19659387456072, 'A_sbpx_100_100_TT': 1.0, 'A_sbpx_143_143_TT': 1.0, 'A_sbpx_143_217_TT': 1.0, 'A_sbpx_217_217_TT': 1.0, 'ps_A_100_100': 248.4222790045346, 'ps_A_143_143': 51.06187654162267, 'ps_A_143_217': 30.172646428246317, 'ps_A_217_217': 125.03183849941047, 'galf_TE_index': -2.4, 'galf_TE_A_100': 0.10070998910089567, 'galf_TE_A_100_143': -0.10326615055665744, 'galf_TE_A_100_217': 0.5195359130471685, 'galf_TE_A_143': 0.17043126713281279, 'galf_TE_A_143_217': 0.6550229589768516, 'galf_TE_A_217': 1.604898032947316, 'galf_EE_index': -2.4, 'galf_EE_A_100': 0.055, 'galf_EE_A_100_143': 0.04, 'galf_EE_A_100_217': 0.094, 'galf_EE_A_143': 0.086, 'galf_EE_A_143_217': 0.21, 'galf_EE_A_217': 0.7, 'A_cnoise_e2e_100_100_EE': 1.0, 'A_cnoise_e2e_143_143_EE': 1.0, 'A_cnoise_e2e_217_217_EE': 1.0, 'A_sbpx_100_100_EE': 1.0, 'A_sbpx_100_143_EE': 1.0, 'A_sbpx_100_217_EE': 1.0, 'A_sbpx_143_143_EE': 1.0, 'A_sbpx_143_217_EE': 1.0, 'A_sbpx_217_217_EE': 1.0}
 2026-05-28 02:34:06,082 [planck_2018_highl_plik.ttteee] Computing new state
Cl length: 2509
 2026-05-28 02:34:06,088 [planck_2018_highl_plik.ttteee] Computed log-likelihood = -15873627043.624332
 2026-05-28 02:34:06,088 [planck_2018_lowl.tt] Got parameters {'A_planck': 1.0008680074644316}
 2026-05-28 02:34:06,088 [planck_2018_lowl.tt] Computing new state
Cl length: 2509
 2026-05-28 02:34:06,088 [planck_2018_lowl.tt] Computed log-likelihood = -inf
 2026-05-28 02:34:06,088 [planck_2018_lowl.ee] Got parameters {'A_planck': 1.0008680074644316}
 2026-05-28 02:34:06,088 [planck_2018_lowl.ee] Computing new state
Cl length: 2509
 2026-05-28 02:34:06,088 [planck_2018_lowl.ee] Computed log-likelihood = -198.01556322340937
 2026-05-28 02:34:06,088 [core.pantheon_cobaya_likelihood.pantheoncobaya] Got parameters {}
 2026-05-28 02:34:06,088 [core.pantheon_cobaya_likelihood.pantheoncobaya] Re-using computed results
 2026-05-28 02:34:06,088 [model] Computed derived parameters: {'A_s': 2.0989031673191437e-09, 'chi2__CMB': inf}
 2026-05-28 02:34:06,089 [prior] Evaluating prior at array([1.00000000e-03, 3.00000000e+00, 6.75000000e+01, 2.24000000e-02,
       1.20000000e-01, 5.40000000e-02, 3.04400000e+00, 9.66000000e-01,
       1.00045499e+00, 9.99902753e-01, 9.97912595e-01, 7.10650380e+01,
       1.28799155e-01, 1.00802334e+01, 4.20659779e-01, 1.05302859e+01,
       9.06511125e+00, 2.45069670e+01, 8.06296960e+01, 2.28524989e+02,
       6.74899897e+01, 1.49087642e+01, 8.75191955e+01, 7.27559355e-02,
       2.35834974e-01, 4.00162521e-01, 1.80787813e-01, 7.04087859e-01,
       2.12444113e+00])
 2026-05-28 02:34:06,089 [prior] Got logpriors (internal) = -inf
 2026-05-28 02:34:06,089 [prior] Evaluating prior at array([1.00000000e-03, 3.00000000e+00, 6.75000000e+01, 2.24000000e-02,
       1.20000000e-01, 5.40000000e-02, 3.04400000e+00, 9.66000000e-01,
       1.00143556e+00, 9.99939352e-01, 9.97174644e-01, 5.44015402e+01,
       2.59919001e-01, 1.04214035e+01, 3.56971743e-01, 3.20108170e+00,
       1.17075564e+01, 2.40094526e+01, 8.72984162e+01, 2.25632408e+02,
       5.22502945e+01, 3.14277682e+01, 9.85674665e+01, 1.32393881e-01,
       2.37105347e-01, 6.16088958e-01, 2.86087389e-01, 5.96230561e-01,
       1.79300051e+00])
 2026-05-28 02:34:06,089 [prior] Got logpriors (internal) = -inf
 2026-05-28 02:34:06,089 [prior] Evaluating prior at array([1.00000000e-03, 3.00000000e+00, 6.75000000e+01, 2.24000000e-02,
       1.20000000e-01, 5.40000000e-02, 3.04400000e+00, 9.66000000e-01,
       9.95110460e-01, 1.00004378e+00, 1.00069256e+00, 8.17587912e+01,
       1.09456132e-01, 7.59432343e+00, 2.43415430e+00, 7.66808202e+00,
       1.35683669e+01, 2.49617344e+01, 8.81220826e+01, 2.26704455e+02,
       5.00423772e+01, 4.54149087e+01, 1.11706570e+02, 2.74263167e-02,
       6.68232401e-02, 3.92767973e-01, 5.08697823e-02, 7.82582938e-01,
       2.18158266e+00])
 2026-05-28 02:34:06,089 [prior] Got logpriors (internal) = -28.6808041458001
 2026-05-28 02:34:06,089 [prior] Got logpriors (external) = [-3.4541038813721467]
 2026-05-28 02:34:06,089 [model] Posterior to be computed for parameters {'tep_epsilon_T': 0.001, 'tep_z_T': 3.0, 'H0': 67.5, 'omega_b': 0.0224, 'omega_cdm': 0.12, 'tau_reio': 0.054, 'logA': 3.044, 'n_s': 0.966, 'A_planck': 0.9951104597181463, 'calib_100T': 1.0000437754710854, 'calib_217T': 1.0006925634358452, 'A_cib_217': 81.75879115785398, 'xi_sz_cib': 0.10945613178871075, 'A_sz': 7.5943234318818424, 'ksz_norm': 2.4341542952068784, 'gal545_A_100': 7.668082020327354, 'gal545_A_143': 13.568366862784089, 'gal545_A_143_217': 24.961734350241443, 'gal545_A_217': 88.12208263705134, 'ps_A_100_100': 226.7044548059007, 'ps_A_143_143': 50.04237720973422, 'ps_A_143_217': 45.41490868272367, 'ps_A_217_217': 111.70657019900852, 'galf_TE_A_100': 0.02742631666629275, 'galf_TE_A_100_143': 0.06682324005499161, 'galf_TE_A_100_217': 0.3927679730637986, 'galf_TE_A_143': 0.050869782343110265, 'galf_TE_A_143_217': 0.7825829375729928, 'galf_TE_A_217': 2.1815826642898055}
 2026-05-28 02:34:06,089 [prior] Evaluating prior at array([1.00000000e-03, 3.00000000e+00, 6.75000000e+01, 2.24000000e-02,
       1.20000000e-01, 5.40000000e-02, 3.04400000e+00, 9.66000000e-01,
       9.95110460e-01, 1.00004378e+00, 1.00069256e+00, 8.17587912e+01,
       1.09456132e-01, 7.59432343e+00, 2.43415430e+00, 7.66808202e+00,
       1.35683669e+01, 2.49617344e+01, 8.81220826e+01, 2.26704455e+02,
       5.00423772e+01, 4.54149087e+01, 1.11706570e+02, 2.74263167e-02,
       6.68232401e-02, 3.92767973e-01, 5.08697823e-02, 7.82582938e-01,
       2.18158266e+00])
 2026-05-28 02:34:06,089 [prior] Got logpriors (internal) = -28.6808041458001
 2026-05-28 02:34:06,089 [prior] Got logpriors (external) = [-3.4541038813721467]
 2026-05-28 02:34:06,089 [model] Got input parameters: {'tep_epsilon_T': 0.001, 'tep_z_T': 3.0, 'tep_n_T': 1.0, 'H0': 67.5, 'omega_b': 0.0224, 'omega_cdm': 0.12, 'tau_reio': 0.054, 'logA': 3.044, 'A_s': 2.0989031673191437e-09, 'n_s': 0.966, 'A_planck': 0.9951104597181463, 'calib_100T': 1.0000437754710854, 'calib_217T': 1.0006925634358452, 'A_pol': 1.0, 'calib_100P': 1.021, 'calib_143P': 0.966, 'calib_217P': 1.04, 'cib_index': -1.3, 'A_cib_217': 81.75879115785398, 'xi_sz_cib': 0.10945613178871075, 'A_sz': 7.5943234318818424, 'ksz_norm': 2.4341542952068784, 'gal545_A_100': 7.668082020327354, 'gal545_A_143': 13.568366862784089, 'gal545_A_143_217': 24.961734350241443, 'gal545_A_217': 88.12208263705134, 'A_sbpx_100_100_TT': 1.0, 'A_sbpx_143_143_TT': 1.0, 'A_sbpx_143_217_TT': 1.0, 'A_sbpx_217_217_TT': 1.0, 'ps_A_100_100': 226.7044548059007, 'ps_A_143_143': 50.04237720973422, 'ps_A_143_217': 45.41490868272367, 'ps_A_217_217': 111.70657019900852, 'galf_TE_index': -2.4, 'galf_TE_A_100': 0.02742631666629275, 'galf_TE_A_100_143': 0.06682324005499161, 'galf_TE_A_100_217': 0.3927679730637986, 'galf_TE_A_143': 0.050869782343110265, 'galf_TE_A_143_217': 0.7825829375729928, 'galf_TE_A_217': 2.1815826642898055, 'galf_EE_index': -2.4, 'galf_EE_A_100': 0.055, 'galf_EE_A_100_143': 0.04, 'galf_EE_A_100_217': 0.094, 'galf_EE_A_143': 0.086, 'galf_EE_A_143_217': 0.21, 'galf_EE_A_217': 0.7, 'A_cnoise_e2e_100_100_EE': 1.0, 'A_cnoise_e2e_143_143_EE': 1.0, 'A_cnoise_e2e_217_217_EE': 1.0, 'A_sbpx_100_100_EE': 1.0, 'A_sbpx_100_143_EE': 1.0, 'A_sbpx_100_217_EE': 1.0, 'A_sbpx_143_143_EE': 1.0, 'A_sbpx_143_217_EE': 1.0, 'A_sbpx_217_217_EE': 1.0}
 2026-05-28 02:34:06,089 [classy] Got parameters {'tep_epsilon_T': 0.001, 'tep_z_T': 3.0, 'tep_n_T': 1.0, 'H0': 67.5, 'omega_b': 0.0224, 'omega_cdm': 0.12, 'tau_reio': 0.054, 'A_s': 2.0989031673191437e-09, 'n_s': 0.966}
 2026-05-28 02:34:06,089 [classy] Re-using computed results
 2026-05-28 02:34:06,089 [planck_2018_highl_plik.ttteee] Got parameters {'A_planck': 0.9951104597181463, 'calib_100T': 1.0000437754710854, 'calib_217T': 1.0006925634358452, 'A_pol': 1.0, 'calib_100P': 1.021, 'calib_143P': 0.966, 'calib_217P': 1.04, 'cib_index': -1.3, 'A_cib_217': 81.75879115785398, 'xi_sz_cib': 0.10945613178871075, 'A_sz': 7.5943234318818424, 'ksz_norm': 2.4341542952068784, 'gal545_A_100': 7.668082020327354, 'gal545_A_143': 13.568366862784089, 'gal545_A_143_217': 24.961734350241443, 'gal545_A_217': 88.12208263705134, 'A_sbpx_100_100_TT': 1.0, 'A_sbpx_143_143_TT': 1.0, 'A_sbpx_143_217_TT': 1.0, 'A_sbpx_217_217_TT': 1.0, 'ps_A_100_100': 226.7044548059007, 'ps_A_143_143': 50.04237720973422, 'ps_A_143_217': 45.41490868272367, 'ps_A_217_217': 111.70657019900852, 'galf_TE_index': -2.4, 'galf_TE_A_100': 0.02742631666629275, 'galf_TE_A_100_143': 0.06682324005499161, 'galf_TE_A_100_217': 0.3927679730637986, 'galf_TE_A_143': 0.050869782343110265, 'galf_TE_A_143_217': 0.7825829375729928, 'galf_TE_A_217': 2.1815826642898055, 'galf_EE_index': -2.4, 'galf_EE_A_100': 0.055, 'galf_EE_A_100_143': 0.04, 'galf_EE_A_100_217': 0.094, 'galf_EE_A_143': 0.086, 'galf_EE_A_143_217': 0.21, 'galf_EE_A_217': 0.7, 'A_cnoise_e2e_100_100_EE': 1.0, 'A_cnoise_e2e_143_143_EE': 1.0, 'A_cnoise_e2e_217_217_EE': 1.0, 'A_sbpx_100_100_EE': 1.0, 'A_sbpx_100_143_EE': 1.0, 'A_sbpx_100_217_EE': 1.0, 'A_sbpx_143_143_EE': 1.0, 'A_sbpx_143_217_EE': 1.0, 'A_sbpx_217_217_EE': 1.0}
 2026-05-28 02:34:06,089 [planck_2018_highl_plik.ttteee] Computing new state
Cl length: 2509
 2026-05-28 02:34:06,097 [planck_2018_highl_plik.ttteee] Computed log-likelihood = -16251601104.327515
 2026-05-28 02:34:06,097 [planck_2018_lowl.tt] Got parameters {'A_planck': 0.9951104597181463}
 2026-05-28 02:34:06,097 [planck_2018_lowl.tt] Computing new state
Cl length: 2509
 2026-05-28 02:34:06,097 [planck_2018_lowl.tt] Computed log-likelihood = -inf
 2026-05-28 02:34:06,097 [planck_2018_lowl.ee] Got parameters {'A_planck': 0.9951104597181463}
 2026-05-28 02:34:06,097 [planck_2018_lowl.ee] Computing new state
Cl length: 2509
 2026-05-28 02:34:06,097 [planck_2018_lowl.ee] Computed log-likelihood = -198.01271692364816
 2026-05-28 02:34:06,097 [core.pantheon_cobaya_likelihood.pantheoncobaya] Got parameters {}
 2026-05-28 02:34:06,097 [core.pantheon_cobaya_likelihood.pantheoncobaya] Re-using computed results
 2026-05-28 02:34:06,097 [model] Computed derived parameters: {'A_s': 2.0989031673191437e-09, 'chi2__CMB': inf}
 2026-05-28 02:34:06,097 [prior] Evaluating prior at array([1.00000000e-03, 3.00000000e+00, 6.75000000e+01, 2.24000000e-02,
       1.20000000e-01, 5.40000000e-02, 3.04400000e+00, 9.66000000e-01,
       9.97696218e-01, 9.99711227e-01, 9.97161874e-01, 7.85336297e+01,
       3.37352073e-02, 1.02093989e+01, 1.73471489e+00, 8.11009652e+00,
       1.21124710e+01, 2.12042249e+01, 7.54361870e+01, 2.93330037e+02,
       3.91624651e+01, 8.85014092e+00, 1.31015300e+02, 4.47593824e-02,
       2.46961571e-01, 4.69853840e-01, 2.71179612e-01, 7.08667071e-01,
       1.98760457e+00])
 2026-05-28 02:34:06,098 [prior] Got logpriors (internal) = -inf
 2026-05-28 02:34:06,098 [prior] Evaluating prior at array([1.00000000e-03, 3.00000000e+00, 6.75000000e+01, 2.24000000e-02,
       1.20000000e-01, 5.40000000e-02, 3.04400000e+00, 9.66000000e-01,
       9.99807629e-01, 9.99640422e-01, 9.99929860e-01, 7.38429143e+01,
       6.50436210e-02, 7.95385232e+00, 4.89095485e+00, 6.77698585e+00,
       1.09520582e+01, 1.98077527e+01, 9.08997924e+01, 2.60274034e+02,
       6.55394294e+01, 3.56054189e+01, 8.12586651e+01, 1.62113983e-01,
       4.18679385e-02, 3.42423050e-01, 2.34812076e-01, 6.55722899e-01,
       2.02205655e+00])
 2026-05-28 02:34:06,098 [prior] Got logpriors (internal) = -18.786158829082147
 2026-05-28 02:34:06,098 [prior] Got logpriors (external) = [-5.6779738143812875]
 2026-05-28 02:34:06,098 [model] Posterior to be computed for parameters {'tep_epsilon_T': 0.001, 'tep_z_T': 3.0, 'H0': 67.5, 'omega_b': 0.0224, 'omega_cdm': 0.12, 'tau_reio': 0.054, 'logA': 3.044, 'n_s': 0.966, 'A_planck': 0.9998076289368822, 'calib_100T': 0.9996404221953143, 'calib_217T': 0.9999298600063858, 'A_cib_217': 73.84291434694448, 'xi_sz_cib': 0.06504362104168564, 'A_sz': 7.953852323279615, 'ksz_norm': 4.89095485187264, 'gal545_A_100': 6.77698585356956, 'gal545_A_143': 10.952058191662905, 'gal545_A_143_217': 19.807752742476755, 'gal545_A_217': 90.89979236182518, 'ps_A_100_100': 260.27403436335106, 'ps_A_143_143': 65.5394294389709, 'ps_A_143_217': 35.60541886318628, 'ps_A_217_217': 81.25866510338271, 'galf_TE_A_100': 0.1621139827752172, 'galf_TE_A_100_143': 0.04186793852804645, 'galf_TE_A_100_217': 0.34242304963894094, 'galf_TE_A_143': 0.23481207551067368, 'galf_TE_A_143_217': 0.6557228994273747, 'galf_TE_A_217': 2.0220565519728777}
 2026-05-28 02:34:06,098 [prior] Evaluating prior at array([1.00000000e-03, 3.00000000e+00, 6.75000000e+01, 2.24000000e-02,
       1.20000000e-01, 5.40000000e-02, 3.04400000e+00, 9.66000000e-01,
       9.99807629e-01, 9.99640422e-01, 9.99929860e-01, 7.38429143e+01,
       6.50436210e-02, 7.95385232e+00, 4.89095485e+00, 6.77698585e+00,
       1.09520582e+01, 1.98077527e+01, 9.08997924e+01, 2.60274034e+02,
       6.55394294e+01, 3.56054189e+01, 8.12586651e+01, 1.62113983e-01,
       4.18679385e-02, 3.42423050e-01, 2.34812076e-01, 6.55722899e-01,
       2.02205655e+00])
 2026-05-28 02:34:06,098 [prior] Got logpriors (internal) = -18.786158829082147
 2026-05-28 02:34:06,098 [prior] Got logpriors (external) = [-5.6779738143812875]
 2026-05-28 02:34:06,098 [model] Got input parameters: {'tep_epsilon_T': 0.001, 'tep_z_T': 3.0, 'tep_n_T': 1.0, 'H0': 67.5, 'omega_b': 0.0224, 'omega_cdm': 0.12, 'tau_reio': 0.054, 'logA': 3.044, 'A_s': 2.0989031673191437e-09, 'n_s': 0.966, 'A_planck': 0.9998076289368822, 'calib_100T': 0.9996404221953143, 'calib_217T': 0.9999298600063858, 'A_pol': 1.0, 'calib_100P': 1.021, 'calib_143P': 0.966, 'calib_217P': 1.04, 'cib_index': -1.3, 'A_cib_217': 73.84291434694448, 'xi_sz_cib': 0.06504362104168564, 'A_sz': 7.953852323279615, 'ksz_norm': 4.89095485187264, 'gal545_A_100': 6.77698585356956, 'gal545_A_143': 10.952058191662905, 'gal545_A_143_217': 19.807752742476755, 'gal545_A_217': 90.89979236182518, 'A_sbpx_100_100_TT': 1.0, 'A_sbpx_143_143_TT': 1.0, 'A_sbpx_143_217_TT': 1.0, 'A_sbpx_217_217_TT': 1.0, 'ps_A_100_100': 260.27403436335106, 'ps_A_143_143': 65.5394294389709, 'ps_A_143_217': 35.60541886318628, 'ps_A_217_217': 81.25866510338271, 'galf_TE_index': -2.4, 'galf_TE_A_100': 0.1621139827752172, 'galf_TE_A_100_143': 0.04186793852804645, 'galf_TE_A_100_217': 0.34242304963894094, 'galf_TE_A_143': 0.23481207551067368, 'galf_TE_A_143_217': 0.6557228994273747, 'galf_TE_A_217': 2.0220565519728777, 'galf_EE_index': -2.4, 'galf_EE_A_100': 0.055, 'galf_EE_A_100_143': 0.04, 'galf_EE_A_100_217': 0.094, 'galf_EE_A_143': 0.086, 'galf_EE_A_143_217': 0.21, 'galf_EE_A_217': 0.7, 'A_cnoise_e2e_100_100_EE': 1.0, 'A_cnoise_e2e_143_143_EE': 1.0, 'A_cnoise_e2e_217_217_EE': 1.0, 'A_sbpx_100_100_EE': 1.0, 'A_sbpx_100_143_EE': 1.0, 'A_sbpx_100_217_EE': 1.0, 'A_sbpx_143_143_EE': 1.0, 'A_sbpx_143_217_EE': 1.0, 'A_sbpx_217_217_EE': 1.0}
 2026-05-28 02:34:06,098 [classy] Got parameters {'tep_epsilon_T': 0.001, 'tep_z_T': 3.0, 'tep_n_T': 1.0, 'H0': 67.5, 'omega_b': 0.0224, 'omega_cdm': 0.12, 'tau_reio': 0.054, 'A_s': 2.0989031673191437e-09, 'n_s': 0.966}
 2026-05-28 02:34:06,098 [classy] Re-using computed results
 2026-05-28 02:34:06,098 [planck_2018_highl_plik.ttteee] Got parameters {'A_planck': 0.9998076289368822, 'calib_100T': 0.9996404221953143, 'calib_217T': 0.9999298600063858, 'A_pol': 1.0, 'calib_100P': 1.021, 'calib_143P': 0.966, 'calib_217P': 1.04, 'cib_index': -1.3, 'A_cib_217': 73.84291434694448, 'xi_sz_cib': 0.06504362104168564, 'A_sz': 7.953852323279615, 'ksz_norm': 4.89095485187264, 'gal545_A_100': 6.77698585356956, 'gal545_A_143': 10.952058191662905, 'gal545_A_143_217': 19.807752742476755, 'gal545_A_217': 90.89979236182518, 'A_sbpx_100_100_TT': 1.0, 'A_sbpx_143_143_TT': 1.0, 'A_sbpx_143_217_TT': 1.0, 'A_sbpx_217_217_TT': 1.0, 'ps_A_100_100': 260.27403436335106, 'ps_A_143_143': 65.5394294389709, 'ps_A_143_217': 35.60541886318628, 'ps_A_217_217': 81.25866510338271, 'galf_TE_index': -2.4, 'galf_TE_A_100': 0.1621139827752172, 'galf_TE_A_100_143': 0.04186793852804645, 'galf_TE_A_100_217': 0.34242304963894094, 'galf_TE_A_143': 0.23481207551067368, 'galf_TE_A_143_217': 0.6557228994273747, 'galf_TE_A_217': 2.0220565519728777, 'galf_EE_index': -2.4, 'galf_EE_A_100': 0.055, 'galf_EE_A_100_143': 0.04, 'galf_EE_A_100_217': 0.094, 'galf_EE_A_143': 0.086, 'galf_EE_A_143_217': 0.21, 'galf_EE_A_217': 0.7, 'A_cnoise_e2e_100_100_EE': 1.0, 'A_cnoise_e2e_143_143_EE': 1.0, 'A_cnoise_e2e_217_217_EE': 1.0, 'A_sbpx_100_100_EE': 1.0, 'A_sbpx_100_143_EE': 1.0, 'A_sbpx_100_217_EE': 1.0, 'A_sbpx_143_143_EE': 1.0, 'A_sbpx_143_217_EE': 1.0, 'A_sbpx_217_217_EE': 1.0}
 2026-05-28 02:34:06,098 [planck_2018_highl_plik.ttteee] Computing new state
Cl length: 2509
 2026-05-28 02:34:06,106 [planck_2018_highl_plik.ttteee] Computed log-likelihood = -15957882154.904446
 2026-05-28 02:34:06,106 [planck_2018_lowl.tt] Got parameters {'A_planck': 0.9998076289368822}
 2026-05-28 02:34:06,106 [planck_2018_lowl.tt] Computing new state
Cl length: 2509
 2026-05-28 02:34:06,106 [planck_2018_lowl.tt] Computed log-likelihood = -inf
 2026-05-28 02:34:06,106 [planck_2018_lowl.ee] Got parameters {'A_planck': 0.9998076289368822}
 2026-05-28 02:34:06,106 [planck_2018_lowl.ee] Computing new state
Cl length: 2509
 2026-05-28 02:34:06,106 [planck_2018_lowl.ee] Computed log-likelihood = -198.01306501646312
 2026-05-28 02:34:06,106 [core.pantheon_cobaya_likelihood.pantheoncobaya] Got parameters {}
 2026-05-28 02:34:06,106 [core.pantheon_cobaya_likelihood.pantheoncobaya] Re-using computed results
 2026-05-28 02:34:06,106 [model] Computed derived parameters: {'A_s': 2.0989031673191437e-09, 'chi2__CMB': inf}
 2026-05-28 02:34:06,107 [prior] Evaluating prior at array([1.00000000e-03, 3.00000000e+00, 6.75000000e+01, 2.24000000e-02,
       1.20000000e-01, 5.40000000e-02, 3.04400000e+00, 9.66000000e-01,
       1.00117573e+00, 9.99049884e-01, 9.97222682e-01, 5.48256472e+01,
       1.61851103e-02, 7.01546970e+00, 8.05718505e-01, 9.36597577e+00,
       1.33067640e+01, 2.49585215e+01, 9.32673482e+01, 2.45425379e+02,
       5.07826981e+01, 4.62936268e+01, 1.00603007e+02, 1.02410153e-01,
       2.43609788e-02, 4.31848099e-01, 2.74721106e-01, 7.30828717e-01,
       1.78699386e+00])
 2026-05-28 02:34:06,107 [prior] Got logpriors (internal) = -17.884517737278706
 2026-05-28 02:34:06,107 [prior] Got logpriors (external) = [-2.373288518442982]
 2026-05-28 02:34:06,107 [model] Posterior to be computed for parameters {'tep_epsilon_T': 0.001, 'tep_z_T': 3.0, 'H0': 67.5, 'omega_b': 0.0224, 'omega_cdm': 0.12, 'tau_reio': 0.054, 'logA': 3.044, 'n_s': 0.966, 'A_planck': 1.001175730030635, 'calib_100T': 0.9990498836847939, 'calib_217T': 0.9972226820273086, 'A_cib_217': 54.82564723964198, 'xi_sz_cib': 0.016185110272072405, 'A_sz': 7.015469698612747, 'ksz_norm': 0.8057185054096845, 'gal545_A_100': 9.365975770784846, 'gal545_A_143': 13.306763974007772, 'gal545_A_143_217': 24.958521490569908, 'gal545_A_217': 93.26734817418152, 'ps_A_100_100': 245.42537915536926, 'ps_A_143_143': 50.782698116636354, 'ps_A_143_217': 46.29362678107891, 'ps_A_217_217': 100.60300666244507, 'galf_TE_A_100': 0.10241015268241346, 'galf_TE_A_100_143': 0.02436097878052318, 'galf_TE_A_100_217': 0.43184809857975176, 'galf_TE_A_143': 0.2747211063887035, 'galf_TE_A_143_217': 0.7308287166945955, 'galf_TE_A_217': 1.7869938614626542}
 2026-05-28 02:34:06,107 [prior] Evaluating prior at array([1.00000000e-03, 3.00000000e+00, 6.75000000e+01, 2.24000000e-02,
       1.20000000e-01, 5.40000000e-02, 3.04400000e+00, 9.66000000e-01,
       1.00117573e+00, 9.99049884e-01, 9.97222682e-01, 5.48256472e+01,
       1.61851103e-02, 7.01546970e+00, 8.05718505e-01, 9.36597577e+00,
       1.33067640e+01, 2.49585215e+01, 9.32673482e+01, 2.45425379e+02,
       5.07826981e+01, 4.62936268e+01, 1.00603007e+02, 1.02410153e-01,
       2.43609788e-02, 4.31848099e-01, 2.74721106e-01, 7.30828717e-01,
       1.78699386e+00])
 2026-05-28 02:34:06,107 [prior] Got logpriors (internal) = -17.884517737278706
 2026-05-28 02:34:06,107 [prior] Got logpriors (external) = [-2.373288518442982]
 2026-05-28 02:34:06,107 [model] Got input parameters: {'tep_epsilon_T': 0.001, 'tep_z_T': 3.0, 'tep_n_T': 1.0, 'H0': 67.5, 'omega_b': 0.0224, 'omega_cdm': 0.12, 'tau_reio': 0.054, 'logA': 3.044, 'A_s': 2.0989031673191437e-09, 'n_s': 0.966, 'A_planck': 1.001175730030635, 'calib_100T': 0.9990498836847939, 'calib_217T': 0.9972226820273086, 'A_pol': 1.0, 'calib_100P': 1.021, 'calib_143P': 0.966, 'calib_217P': 1.04, 'cib_index': -1.3, 'A_cib_217': 54.82564723964198, 'xi_sz_cib': 0.016185110272072405, 'A_sz': 7.015469698612747, 'ksz_norm': 0.8057185054096845, 'gal545_A_100': 9.365975770784846, 'gal545_A_143': 13.306763974007772, 'gal545_A_143_217': 24.958521490569908, 'gal545_A_217': 93.26734817418152, 'A_sbpx_100_100_TT': 1.0, 'A_sbpx_143_143_TT': 1.0, 'A_sbpx_143_217_TT': 1.0, 'A_sbpx_217_217_TT': 1.0, 'ps_A_100_100': 245.42537915536926, 'ps_A_143_143': 50.782698116636354, 'ps_A_143_217': 46.29362678107891, 'ps_A_217_217': 100.60300666244507, 'galf_TE_index': -2.4, 'galf_TE_A_100': 0.10241015268241346, 'galf_TE_A_100_143': 0.02436097878052318, 'galf_TE_A_100_217': 0.43184809857975176, 'galf_TE_A_143': 0.2747211063887035, 'galf_TE_A_143_217': 0.7308287166945955, 'galf_TE_A_217': 1.7869938614626542, 'galf_EE_index': -2.4, 'galf_EE_A_100': 0.055, 'galf_EE_A_100_143': 0.04, 'galf_EE_A_100_217': 0.094, 'galf_EE_A_143': 0.086, 'galf_EE_A_143_217': 0.21, 'galf_EE_A_217': 0.7, 'A_cnoise_e2e_100_100_EE': 1.0, 'A_cnoise_e2e_143_143_EE': 1.0, 'A_cnoise_e2e_217_217_EE': 1.0, 'A_sbpx_100_100_EE': 1.0, 'A_sbpx_100_143_EE': 1.0, 'A_sbpx_100_217_EE': 1.0, 'A_sbpx_143_143_EE': 1.0, 'A_sbpx_143_217_EE': 1.0, 'A_sbpx_217_217_EE': 1.0}
 2026-05-28 02:34:06,107 [classy] Got parameters {'tep_epsilon_T': 0.001, 'tep_z_T': 3.0, 'tep_n_T': 1.0, 'H0': 67.5, 'omega_b': 0.0224, 'omega_cdm': 0.12, 'tau_reio': 0.054, 'A_s': 2.0989031673191437e-09, 'n_s': 0.966}
 2026-05-28 02:34:06,107 [classy] Re-using computed results
 2026-05-28 02:34:06,107 [planck_2018_highl_plik.ttteee] Got parameters {'A_planck': 1.001175730030635, 'calib_100T': 0.9990498836847939, 'calib_217T': 0.9972226820273086, 'A_pol': 1.0, 'calib_100P': 1.021, 'calib_143P': 0.966, 'calib_217P': 1.04, 'cib_index': -1.3, 'A_cib_217': 54.82564723964198, 'xi_sz_cib': 0.016185110272072405, 'A_sz': 7.015469698612747, 'ksz_norm': 0.8057185054096845, 'gal545_A_100': 9.365975770784846, 'gal545_A_143': 13.306763974007772, 'gal545_A_143_217': 24.958521490569908, 'gal545_A_217': 93.26734817418152, 'A_sbpx_100_100_TT': 1.0, 'A_sbpx_143_143_TT': 1.0, 'A_sbpx_143_217_TT': 1.0, 'A_sbpx_217_217_TT': 1.0, 'ps_A_100_100': 245.42537915536926, 'ps_A_143_143': 50.782698116636354, 'ps_A_143_217': 46.29362678107891, 'ps_A_217_217': 100.60300666244507, 'galf_TE_index': -2.4, 'galf_TE_A_100': 0.10241015268241346, 'galf_TE_A_100_143': 0.02436097878052318, 'galf_TE_A_100_217': 0.43184809857975176, 'galf_TE_A_143': 0.2747211063887035, 'galf_TE_A_143_217': 0.7308287166945955, 'galf_TE_A_217': 1.7869938614626542, 'galf_EE_index': -2.4, 'galf_EE_A_100': 0.055, 'galf_EE_A_100_143': 0.04, 'galf_EE_A_100_217': 0.094, 'galf_EE_A_143': 0.086, 'galf_EE_A_143_217': 0.21, 'galf_EE_A_217': 0.7, 'A_cnoise_e2e_100_100_EE': 1.0, 'A_cnoise_e2e_143_143_EE': 1.0, 'A_cnoise_e2e_217_217_EE': 1.0, 'A_sbpx_100_100_EE': 1.0, 'A_sbpx_100_143_EE': 1.0, 'A_sbpx_100_217_EE': 1.0, 'A_sbpx_143_143_EE': 1.0, 'A_sbpx_143_217_EE': 1.0, 'A_sbpx_217_217_EE': 1.0}
 2026-05-28 02:34:06,107 [planck_2018_highl_plik.ttteee] Computing new state
Cl length: 2509
 2026-05-28 02:34:06,114 [planck_2018_highl_plik.ttteee] Computed log-likelihood = -15885154463.41617
 2026-05-28 02:34:06,114 [planck_2018_lowl.tt] Got parameters {'A_planck': 1.001175730030635}
 2026-05-28 02:34:06,114 [planck_2018_lowl.tt] Computing new state
Cl length: 2509
 2026-05-28 02:34:06,115 [planck_2018_lowl.tt] Computed log-likelihood = -inf
 2026-05-28 02:34:06,115 [planck_2018_lowl.ee] Got parameters {'A_planck': 1.001175730030635}
 2026-05-28 02:34:06,115 [planck_2018_lowl.ee] Computing new state
Cl length: 2509
 2026-05-28 02:34:06,115 [planck_2018_lowl.ee] Computed log-likelihood = -198.01556322340937
 2026-05-28 02:34:06,115 [core.pantheon_cobaya_likelihood.pantheoncobaya] Got parameters {}
 2026-05-28 02:34:06,115 [core.pantheon_cobaya_likelihood.pantheoncobaya] Re-using computed results
 2026-05-28 02:34:06,115 [model] Computed derived parameters: {'A_s': 2.0989031673191437e-09, 'chi2__CMB': inf}
 2026-05-28 02:34:06,115 [prior] Evaluating prior at array([1.00000000e-03, 3.00000000e+00, 6.75000000e+01, 2.24000000e-02,
       1.20000000e-01, 5.40000000e-02, 3.04400000e+00, 9.66000000e-01,
       9.96736649e-01, 1.00222747e+00, 9.97066890e-01, 6.61717394e+01,
       2.46314074e-02, 5.87174140e+00, 2.14129444e+00, 6.62912169e+00,
       1.20253970e+01, 2.43422082e+01, 5.15357813e+01, 2.79515222e+02,
       6.59353700e+01, 3.66631170e+01, 9.98912567e+01, 2.36719077e-01,
       1.57928288e-01, 4.63380228e-01, 3.36197788e-01, 6.30369588e-01,
       2.06852193e+00])
 2026-05-28 02:34:06,115 [prior] Got logpriors (internal) = -23.813262240182123
 2026-05-28 02:34:06,115 [prior] Got logpriors (external) = [-2.2478632957241502]
 2026-05-28 02:34:06,115 [model] Posterior to be computed for parameters {'tep_epsilon_T': 0.001, 'tep_z_T': 3.0, 'H0': 67.5, 'omega_b': 0.0224, 'omega_cdm': 0.12, 'tau_reio': 0.054, 'logA': 3.044, 'n_s': 0.966, 'A_planck': 0.9967366488791575, 'calib_100T': 1.0022274696888978, 'calib_217T': 0.9970668898526986, 'A_cib_217': 66.17173940635698, 'xi_sz_cib': 0.02463140737668415, 'A_sz': 5.87174140171831, 'ksz_norm': 2.1412944357417683, 'gal545_A_100': 6.629121693014358, 'gal545_A_143': 12.025396993547002, 'gal545_A_143_217': 24.34220815146113, 'gal545_A_217': 51.535781271917486, 'ps_A_100_100': 279.5152218068451, 'ps_A_143_143': 65.93537001373035, 'ps_A_143_217': 36.663117047261615, 'ps_A_217_217': 99.89125672717138, 'galf_TE_A_100': 0.236719076832474, 'galf_TE_A_100_143': 0.15792828836048825, 'galf_TE_A_100_217': 0.4633802280893516, 'galf_TE_A_143': 0.33619778757873586, 'galf_TE_A_143_217': 0.6303695883736536, 'galf_TE_A_217': 2.0685219252153204}
 2026-05-28 02:34:06,115 [prior] Evaluating prior at array([1.00000000e-03, 3.00000000e+00, 6.75000000e+01, 2.24000000e-02,
       1.20000000e-01, 5.40000000e-02, 3.04400000e+00, 9.66000000e-01,
       9.96736649e-01, 1.00222747e+00, 9.97066890e-01, 6.61717394e+01,
       2.46314074e-02, 5.87174140e+00, 2.14129444e+00, 6.62912169e+00,
       1.20253970e+01, 2.43422082e+01, 5.15357813e+01, 2.79515222e+02,
       6.59353700e+01, 3.66631170e+01, 9.98912567e+01, 2.36719077e-01,
       1.57928288e-01, 4.63380228e-01, 3.36197788e-01, 6.30369588e-01,
       2.06852193e+00])
 2026-05-28 02:34:06,116 [prior] Got logpriors (internal) = -23.813262240182123
 2026-05-28 02:34:06,116 [prior] Got logpriors (external) = [-2.2478632957241502]
 2026-05-28 02:34:06,116 [model] Got input parameters: {'tep_epsilon_T': 0.001, 'tep_z_T': 3.0, 'tep_n_T': 1.0, 'H0': 67.5, 'omega_b': 0.0224, 'omega_cdm': 0.12, 'tau_reio': 0.054, 'logA': 3.044, 'A_s': 2.0989031673191437e-09, 'n_s': 0.966, 'A_planck': 0.9967366488791575, 'calib_100T': 1.0022274696888978, 'calib_217T': 0.9970668898526986, 'A_pol': 1.0, 'calib_100P': 1.021, 'calib_143P': 0.966, 'calib_217P': 1.04, 'cib_index': -1.3, 'A_cib_217': 66.17173940635698, 'xi_sz_cib': 0.02463140737668415, 'A_sz': 5.87174140171831, 'ksz_norm': 2.1412944357417683, 'gal545_A_100': 6.629121693014358, 'gal545_A_143': 12.025396993547002, 'gal545_A_143_217': 24.34220815146113, 'gal545_A_217': 51.535781271917486, 'A_sbpx_100_100_TT': 1.0, 'A_sbpx_143_143_TT': 1.0, 'A_sbpx_143_217_TT': 1.0, 'A_sbpx_217_217_TT': 1.0, 'ps_A_100_100': 279.5152218068451, 'ps_A_143_143': 65.93537001373035, 'ps_A_143_217': 36.663117047261615, 'ps_A_217_217': 99.89125672717138, 'galf_TE_index': -2.4, 'galf_TE_A_100': 0.236719076832474, 'galf_TE_A_100_143': 0.15792828836048825, 'galf_TE_A_100_217': 0.4633802280893516, 'galf_TE_A_143': 0.33619778757873586, 'galf_TE_A_143_217': 0.6303695883736536, 'galf_TE_A_217': 2.0685219252153204, 'galf_EE_index': -2.4, 'galf_EE_A_100': 0.055, 'galf_EE_A_100_143': 0.04, 'galf_EE_A_100_217': 0.094, 'galf_EE_A_143': 0.086, 'galf_EE_A_143_217': 0.21, 'galf_EE_A_217': 0.7, 'A_cnoise_e2e_100_100_EE': 1.0, 'A_cnoise_e2e_143_143_EE': 1.0, 'A_cnoise_e2e_217_217_EE': 1.0, 'A_sbpx_100_100_EE': 1.0, 'A_sbpx_100_143_EE': 1.0, 'A_sbpx_100_217_EE': 1.0, 'A_sbpx_143_143_EE': 1.0, 'A_sbpx_143_217_EE': 1.0, 'A_sbpx_217_217_EE': 1.0}
 2026-05-28 02:34:06,116 [classy] Got parameters {'tep_epsilon_T': 0.001, 'tep_z_T': 3.0, 'tep_n_T': 1.0, 'H0': 67.5, 'omega_b': 0.0224, 'omega_cdm': 0.12, 'tau_reio': 0.054, 'A_s': 2.0989031673191437e-09, 'n_s': 0.966}
 2026-05-28 02:34:06,116 [classy] Re-using computed results
 2026-05-28 02:34:06,116 [planck_2018_highl_plik.ttteee] Got parameters {'A_planck': 0.9967366488791575, 'calib_100T': 1.0022274696888978, 'calib_217T': 0.9970668898526986, 'A_pol': 1.0, 'calib_100P': 1.021, 'calib_143P': 0.966, 'calib_217P': 1.04, 'cib_index': -1.3, 'A_cib_217': 66.17173940635698, 'xi_sz_cib': 0.02463140737668415, 'A_sz': 5.87174140171831, 'ksz_norm': 2.1412944357417683, 'gal545_A_100': 6.629121693014358, 'gal545_A_143': 12.025396993547002, 'gal545_A_143_217': 24.34220815146113, 'gal545_A_217': 51.535781271917486, 'A_sbpx_100_100_TT': 1.0, 'A_sbpx_143_143_TT': 1.0, 'A_sbpx_143_217_TT': 1.0, 'A_sbpx_217_217_TT': 1.0, 'ps_A_100_100': 279.5152218068451, 'ps_A_143_143': 65.93537001373035, 'ps_A_143_217': 36.663117047261615, 'ps_A_217_217': 99.89125672717138, 'galf_TE_index': -2.4, 'galf_TE_A_100': 0.236719076832474, 'galf_TE_A_100_143': 0.15792828836048825, 'galf_TE_A_100_217': 0.4633802280893516, 'galf_TE_A_143': 0.33619778757873586, 'galf_TE_A_143_217': 0.6303695883736536, 'galf_TE_A_217': 2.0685219252153204, 'galf_EE_index': -2.4, 'galf_EE_A_100': 0.055, 'galf_EE_A_100_143': 0.04, 'galf_EE_A_100_217': 0.094, 'galf_EE_A_143': 0.086, 'galf_EE_A_143_217': 0.21, 'galf_EE_A_217': 0.7, 'A_cnoise_e2e_100_100_EE': 1.0, 'A_cnoise_e2e_143_143_EE': 1.0, 'A_cnoise_e2e_217_217_EE': 1.0, 'A_sbpx_100_100_EE': 1.0, 'A_sbpx_100_143_EE': 1.0, 'A_sbpx_100_217_EE': 1.0, 'A_sbpx_143_143_EE': 1.0, 'A_sbpx_143_217_EE': 1.0, 'A_sbpx_217_217_EE': 1.0}
 2026-05-28 02:34:06,116 [planck_2018_highl_plik.ttteee] Computing new state
Cl length: 2509
 2026-05-28 02:34:06,123 [planck_2018_highl_plik.ttteee] Computed log-likelihood = -16091271267.97097
 2026-05-28 02:34:06,123 [planck_2018_lowl.tt] Got parameters {'A_planck': 0.9967366488791575}
 2026-05-28 02:34:06,123 [planck_2018_lowl.tt] Computing new state
Cl length: 2509
 2026-05-28 02:34:06,124 [planck_2018_lowl.tt] Computed log-likelihood = -inf
 2026-05-28 02:34:06,124 [planck_2018_lowl.ee] Got parameters {'A_planck': 0.9967366488791575}
 2026-05-28 02:34:06,124 [planck_2018_lowl.ee] Computing new state
Cl length: 2509
 2026-05-28 02:34:06,124 [planck_2018_lowl.ee] Computed log-likelihood = -198.02027428040805
 2026-05-28 02:34:06,124 [core.pantheon_cobaya_likelihood.pantheoncobaya] Got parameters {}
 2026-05-28 02:34:06,124 [core.pantheon_cobaya_likelihood.pantheoncobaya] Re-using computed results
 2026-05-28 02:34:06,124 [model] Computed derived parameters: {'A_s': 2.0989031673191437e-09, 'chi2__CMB': inf}
 2026-05-28 02:34:06,124 [prior] Evaluating prior at array([1.00000000e-03, 3.00000000e+00, 6.75000000e+01, 2.24000000e-02,
       1.20000000e-01, 5.40000000e-02, 3.04400000e+00, 9.66000000e-01,
       9.96742125e-01, 9.99648912e-01, 9.98432658e-01, 8.61725974e+01,
       2.07360819e-01, 6.39077502e+00, 4.01746043e+00, 6.55920107e+00,
       1.04573153e+01, 2.95605714e+01, 8.33383349e+01, 2.43514928e+02,
       5.52672644e+01, 2.91999925e+01, 9.28622263e+01, 9.09454999e-02,
       6.13425133e-02, 3.22720398e-01, 5.55579316e-02, 6.85274313e-01,
       2.11977947e+00])
 2026-05-28 02:34:06,124 [prior] Got logpriors (internal) = -17.33913653890467
 2026-05-28 02:34:06,124 [prior] Got logpriors (external) = [-3.2671734750908072]
 2026-05-28 02:34:06,124 [model] Posterior to be computed for parameters {'tep_epsilon_T': 0.001, 'tep_z_T': 3.0, 'H0': 67.5, 'omega_b': 0.0224, 'omega_cdm': 0.12, 'tau_reio': 0.054, 'logA': 3.044, 'n_s': 0.966, 'A_planck': 0.996742124790049, 'calib_100T': 0.9996489115206803, 'calib_217T': 0.998432657829476, 'A_cib_217': 86.17259742193313, 'xi_sz_cib': 0.2073608194532257, 'A_sz': 6.390775022531377, 'ksz_norm': 4.017460434981512, 'gal545_A_100': 6.5592010687900215, 'gal545_A_143': 10.457315329248578, 'gal545_A_143_217': 29.560571446502088, 'gal545_A_217': 83.33833485714669, 'ps_A_100_100': 243.5149276583724, 'ps_A_143_143': 55.26726443477944, 'ps_A_143_217': 29.199992534682927, 'ps_A_217_217': 92.86222629693293, 'galf_TE_A_100': 0.09094549987494843, 'galf_TE_A_100_143': 0.06134251328621941, 'galf_TE_A_100_217': 0.32272039778749073, 'galf_TE_A_143': 0.055557931553182394, 'galf_TE_A_143_217': 0.6852743132241174, 'galf_TE_A_217': 2.1197794718258574}
 2026-05-28 02:34:06,124 [prior] Evaluating prior at array([1.00000000e-03, 3.00000000e+00, 6.75000000e+01, 2.24000000e-02,
       1.20000000e-01, 5.40000000e-02, 3.04400000e+00, 9.66000000e-01,
       9.96742125e-01, 9.99648912e-01, 9.98432658e-01, 8.61725974e+01,
       2.07360819e-01, 6.39077502e+00, 4.01746043e+00, 6.55920107e+00,
       1.04573153e+01, 2.95605714e+01, 8.33383349e+01, 2.43514928e+02,
       5.52672644e+01, 2.91999925e+01, 9.28622263e+01, 9.09454999e-02,
       6.13425133e-02, 3.22720398e-01, 5.55579316e-02, 6.85274313e-01,
       2.11977947e+00])
 2026-05-28 02:34:06,125 [prior] Got logpriors (internal) = -17.33913653890467
 2026-05-28 02:34:06,125 [prior] Got logpriors (external) = [-3.2671734750908072]
 2026-05-28 02:34:06,125 [model] Got input parameters: {'tep_epsilon_T': 0.001, 'tep_z_T': 3.0, 'tep_n_T': 1.0, 'H0': 67.5, 'omega_b': 0.0224, 'omega_cdm': 0.12, 'tau_reio': 0.054, 'logA': 3.044, 'A_s': 2.0989031673191437e-09, 'n_s': 0.966, 'A_planck': 0.996742124790049, 'calib_100T': 0.9996489115206803, 'calib_217T': 0.998432657829476, 'A_pol': 1.0, 'calib_100P': 1.021, 'calib_143P': 0.966, 'calib_217P': 1.04, 'cib_index': -1.3, 'A_cib_217': 86.17259742193313, 'xi_sz_cib': 0.2073608194532257, 'A_sz': 6.390775022531377, 'ksz_norm': 4.017460434981512, 'gal545_A_100': 6.5592010687900215, 'gal545_A_143': 10.457315329248578, 'gal545_A_143_217': 29.560571446502088, 'gal545_A_217': 83.33833485714669, 'A_sbpx_100_100_TT': 1.0, 'A_sbpx_143_143_TT': 1.0, 'A_sbpx_143_217_TT': 1.0, 'A_sbpx_217_217_TT': 1.0, 'ps_A_100_100': 243.5149276583724, 'ps_A_143_143': 55.26726443477944, 'ps_A_143_217': 29.199992534682927, 'ps_A_217_217': 92.86222629693293, 'galf_TE_index': -2.4, 'galf_TE_A_100': 0.09094549987494843, 'galf_TE_A_100_143': 0.06134251328621941, 'galf_TE_A_100_217': 0.32272039778749073, 'galf_TE_A_143': 0.055557931553182394, 'galf_TE_A_143_217': 0.6852743132241174, 'galf_TE_A_217': 2.1197794718258574, 'galf_EE_index': -2.4, 'galf_EE_A_100': 0.055, 'galf_EE_A_100_143': 0.04, 'galf_EE_A_100_217': 0.094, 'galf_EE_A_143': 0.086, 'galf_EE_A_143_217': 0.21, 'galf_EE_A_217': 0.7, 'A_cnoise_e2e_100_100_EE': 1.0, 'A_cnoise_e2e_143_143_EE': 1.0, 'A_cnoise_e2e_217_217_EE': 1.0, 'A_sbpx_100_100_EE': 1.0, 'A_sbpx_100_143_EE': 1.0, 'A_sbpx_100_217_EE': 1.0, 'A_sbpx_143_143_EE': 1.0, 'A_sbpx_143_217_EE': 1.0, 'A_sbpx_217_217_EE': 1.0}
 2026-05-28 02:34:06,125 [classy] Got parameters {'tep_epsilon_T': 0.001, 'tep_z_T': 3.0, 'tep_n_T': 1.0, 'H0': 67.5, 'omega_b': 0.0224, 'omega_cdm': 0.12, 'tau_reio': 0.054, 'A_s': 2.0989031673191437e-09, 'n_s': 0.966}
 2026-05-28 02:34:06,125 [classy] Re-using computed results
 2026-05-28 02:34:06,125 [planck_2018_highl_plik.ttteee] Got parameters {'A_planck': 0.996742124790049, 'calib_100T': 0.9996489115206803, 'calib_217T': 0.998432657829476, 'A_pol': 1.0, 'calib_100P': 1.021, 'calib_143P': 0.966, 'calib_217P': 1.04, 'cib_index': -1.3, 'A_cib_217': 86.17259742193313, 'xi_sz_cib': 0.2073608194532257, 'A_sz': 6.390775022531377, 'ksz_norm': 4.017460434981512, 'gal545_A_100': 6.5592010687900215, 'gal545_A_143': 10.457315329248578, 'gal545_A_143_217': 29.560571446502088, 'gal545_A_217': 83.33833485714669, 'A_sbpx_100_100_TT': 1.0, 'A_sbpx_143_143_TT': 1.0, 'A_sbpx_143_217_TT': 1.0, 'A_sbpx_217_217_TT': 1.0, 'ps_A_100_100': 243.5149276583724, 'ps_A_143_143': 55.26726443477944, 'ps_A_143_217': 29.199992534682927, 'ps_A_217_217': 92.86222629693293, 'galf_TE_index': -2.4, 'galf_TE_A_100': 0.09094549987494843, 'galf_TE_A_100_143': 0.06134251328621941, 'galf_TE_A_100_217': 0.32272039778749073, 'galf_TE_A_143': 0.055557931553182394, 'galf_TE_A_143_217': 0.6852743132241174, 'galf_TE_A_217': 2.1197794718258574, 'galf_EE_index': -2.4, 'galf_EE_A_100': 0.055, 'galf_EE_A_100_143': 0.04, 'galf_EE_A_100_217': 0.094, 'galf_EE_A_143': 0.086, 'galf_EE_A_143_217': 0.21, 'galf_EE_A_217': 0.7, 'A_cnoise_e2e_100_100_EE': 1.0, 'A_cnoise_e2e_143_143_EE': 1.0, 'A_cnoise_e2e_217_217_EE': 1.0, 'A_sbpx_100_100_EE': 1.0, 'A_sbpx_100_143_EE': 1.0, 'A_sbpx_100_217_EE': 1.0, 'A_sbpx_143_143_EE': 1.0, 'A_sbpx_143_217_EE': 1.0, 'A_sbpx_217_217_EE': 1.0}
 2026-05-28 02:34:06,125 [planck_2018_highl_plik.ttteee] Computing new state
Cl length: 2509
 2026-05-28 02:34:06,131 [planck_2018_highl_plik.ttteee] Computed log-likelihood = -16154897842.30317
 2026-05-28 02:34:06,131 [planck_2018_lowl.tt] Got parameters {'A_planck': 0.996742124790049}
 2026-05-28 02:34:06,131 [planck_2018_lowl.tt] Computing new state
Cl length: 2509
 2026-05-28 02:34:06,131 [planck_2018_lowl.tt] Computed log-likelihood = -inf
 2026-05-28 02:34:06,131 [planck_2018_lowl.ee] Got parameters {'A_planck': 0.996742124790049}
 2026-05-28 02:34:06,131 [planck_2018_lowl.ee] Computing new state
Cl length: 2509
 2026-05-28 02:34:06,131 [planck_2018_lowl.ee] Computed log-likelihood = -198.02027428040805
 2026-05-28 02:34:06,131 [core.pantheon_cobaya_likelihood.pantheoncobaya] Got parameters {}
 2026-05-28 02:34:06,131 [core.pantheon_cobaya_likelihood.pantheoncobaya] Re-using computed results
 2026-05-28 02:34:06,131 [model] Computed derived parameters: {'A_s': 2.0989031673191437e-09, 'chi2__CMB': inf}
 2026-05-28 02:34:06,131 [prior] Evaluating prior at array([1.00000000e-03, 3.00000000e+00, 6.75000000e+01, 2.24000000e-02,
       1.20000000e-01, 5.40000000e-02, 3.04400000e+00, 9.66000000e-01,
       9.96187473e-01, 9.99812703e-01, 9.97761561e-01, 5.89243155e+01,
       6.47616168e-02, 9.07876260e+00, 3.26858421e+00, 8.55290060e+00,
       1.06181791e+01, 2.26648668e+01, 7.52377888e+01, 2.36284635e+02,
       5.88157020e+01, 3.56962914e+01, 1.18142086e+02, 2.05476344e-01,
       2.86155819e-01, 4.21703826e-01, 3.19873978e-01, 6.49232831e-01,
       1.92153937e+00])
 2026-05-28 02:34:06,132 [prior] Got logpriors (internal) = -23.664827031283046
 2026-05-28 02:34:06,132 [prior] Got logpriors (external) = [-5.839798684357765]
 2026-05-28 02:34:06,132 [model] Posterior to be computed for parameters {'tep_epsilon_T': 0.001, 'tep_z_T': 3.0, 'H0': 67.5, 'omega_b': 0.0224, 'omega_cdm': 0.12, 'tau_reio': 0.054, 'logA': 3.044, 'n_s': 0.966, 'A_planck': 0.9961874733490448, 'calib_100T': 0.9998127031449767, 'calib_217T': 0.997761561465254, 'A_cib_217': 58.92431547573595, 'xi_sz_cib': 0.06476161678584404, 'A_sz': 9.07876259598845, 'ksz_norm': 3.2685842085764283, 'gal545_A_100': 8.552900602046835, 'gal545_A_143': 10.618179131661913, 'gal545_A_143_217': 22.664866791344526, 'gal545_A_217': 75.2377887821205, 'ps_A_100_100': 236.28463479962198, 'ps_A_143_143': 58.81570196566044, 'ps_A_143_217': 35.69629142559258, 'ps_A_217_217': 118.14208585695317, 'galf_TE_A_100': 0.20547634411623772, 'galf_TE_A_100_143': 0.2861558190247693, 'galf_TE_A_100_217': 0.42170382638668663, 'galf_TE_A_143': 0.31987397770444614, 'galf_TE_A_143_217': 0.6492328309466524, 'galf_TE_A_217': 1.9215393680836603}
 2026-05-28 02:34:06,132 [prior] Evaluating prior at array([1.00000000e-03, 3.00000000e+00, 6.75000000e+01, 2.24000000e-02,
       1.20000000e-01, 5.40000000e-02, 3.04400000e+00, 9.66000000e-01,
       9.96187473e-01, 9.99812703e-01, 9.97761561e-01, 5.89243155e+01,
       6.47616168e-02, 9.07876260e+00, 3.26858421e+00, 8.55290060e+00,
       1.06181791e+01, 2.26648668e+01, 7.52377888e+01, 2.36284635e+02,
       5.88157020e+01, 3.56962914e+01, 1.18142086e+02, 2.05476344e-01,
       2.86155819e-01, 4.21703826e-01, 3.19873978e-01, 6.49232831e-01,
       1.92153937e+00])
 2026-05-28 02:34:06,132 [prior] Got logpriors (internal) = -23.664827031283046
 2026-05-28 02:34:06,132 [prior] Got logpriors (external) = [-5.839798684357765]
 2026-05-28 02:34:06,132 [model] Got input parameters: {'tep_epsilon_T': 0.001, 'tep_z_T': 3.0, 'tep_n_T': 1.0, 'H0': 67.5, 'omega_b': 0.0224, 'omega_cdm': 0.12, 'tau_reio': 0.054, 'logA': 3.044, 'A_s': 2.0989031673191437e-09, 'n_s': 0.966, 'A_planck': 0.9961874733490448, 'calib_100T': 0.9998127031449767, 'calib_217T': 0.997761561465254, 'A_pol': 1.0, 'calib_100P': 1.021, 'calib_143P': 0.966, 'calib_217P': 1.04, 'cib_index': -1.3, 'A_cib_217': 58.92431547573595, 'xi_sz_cib': 0.06476161678584404, 'A_sz': 9.07876259598845, 'ksz_norm': 3.2685842085764283, 'gal545_A_100': 8.552900602046835, 'gal545_A_143': 10.618179131661913, 'gal545_A_143_217': 22.664866791344526, 'gal545_A_217': 75.2377887821205, 'A_sbpx_100_100_TT': 1.0, 'A_sbpx_143_143_TT': 1.0, 'A_sbpx_143_217_TT': 1.0, 'A_sbpx_217_217_TT': 1.0, 'ps_A_100_100': 236.28463479962198, 'ps_A_143_143': 58.81570196566044, 'ps_A_143_217': 35.69629142559258, 'ps_A_217_217': 118.14208585695317, 'galf_TE_index': -2.4, 'galf_TE_A_100': 0.20547634411623772, 'galf_TE_A_100_143': 0.2861558190247693, 'galf_TE_A_100_217': 0.42170382638668663, 'galf_TE_A_143': 0.31987397770444614, 'galf_TE_A_143_217': 0.6492328309466524, 'galf_TE_A_217': 1.9215393680836603, 'galf_EE_index': -2.4, 'galf_EE_A_100': 0.055, 'galf_EE_A_100_143': 0.04, 'galf_EE_A_100_217': 0.094, 'galf_EE_A_143': 0.086, 'galf_EE_A_143_217': 0.21, 'galf_EE_A_217': 0.7, 'A_cnoise_e2e_100_100_EE': 1.0, 'A_cnoise_e2e_143_143_EE': 1.0, 'A_cnoise_e2e_217_217_EE': 1.0, 'A_sbpx_100_100_EE': 1.0, 'A_sbpx_100_143_EE': 1.0, 'A_sbpx_100_217_EE': 1.0, 'A_sbpx_143_143_EE': 1.0, 'A_sbpx_143_217_EE': 1.0, 'A_sbpx_217_217_EE': 1.0}
 2026-05-28 02:34:06,132 [classy] Got parameters {'tep_epsilon_T': 0.001, 'tep_z_T': 3.0, 'tep_n_T': 1.0, 'H0': 67.5, 'omega_b': 0.0224, 'omega_cdm': 0.12, 'tau_reio': 0.054, 'A_s': 2.0989031673191437e-09, 'n_s': 0.966}
 2026-05-28 02:34:06,132 [classy] Re-using computed results
 2026-05-28 02:34:06,132 [planck_2018_highl_plik.ttteee] Got parameters {'A_planck': 0.9961874733490448, 'calib_100T': 0.9998127031449767, 'calib_217T': 0.997761561465254, 'A_pol': 1.0, 'calib_100P': 1.021, 'calib_143P': 0.966, 'calib_217P': 1.04, 'cib_index': -1.3, 'A_cib_217': 58.92431547573595, 'xi_sz_cib': 0.06476161678584404, 'A_sz': 9.07876259598845, 'ksz_norm': 3.2685842085764283, 'gal545_A_100': 8.552900602046835, 'gal545_A_143': 10.618179131661913, 'gal545_A_143_217': 22.664866791344526, 'gal545_A_217': 75.2377887821205, 'A_sbpx_100_100_TT': 1.0, 'A_sbpx_143_143_TT': 1.0, 'A_sbpx_143_217_TT': 1.0, 'A_sbpx_217_217_TT': 1.0, 'ps_A_100_100': 236.28463479962198, 'ps_A_143_143': 58.81570196566044, 'ps_A_143_217': 35.69629142559258, 'ps_A_217_217': 118.14208585695317, 'galf_TE_index': -2.4, 'galf_TE_A_100': 0.20547634411623772, 'galf_TE_A_100_143': 0.2861558190247693, 'galf_TE_A_100_217': 0.42170382638668663, 'galf_TE_A_143': 0.31987397770444614, 'galf_TE_A_143_217': 0.6492328309466524, 'galf_TE_A_217': 1.9215393680836603, 'galf_EE_index': -2.4, 'galf_EE_A_100': 0.055, 'galf_EE_A_100_143': 0.04, 'galf_EE_A_100_217': 0.094, 'galf_EE_A_143': 0.086, 'galf_EE_A_143_217': 0.21, 'galf_EE_A_217': 0.7, 'A_cnoise_e2e_100_100_EE': 1.0, 'A_cnoise_e2e_143_143_EE': 1.0, 'A_cnoise_e2e_217_217_EE': 1.0, 'A_sbpx_100_100_EE': 1.0, 'A_sbpx_100_143_EE': 1.0, 'A_sbpx_100_217_EE': 1.0, 'A_sbpx_143_143_EE': 1.0, 'A_sbpx_143_217_EE': 1.0, 'A_sbpx_217_217_EE': 1.0}
 2026-05-28 02:34:06,132 [planck_2018_highl_plik.ttteee] Computing new state
Cl length: 2509
 2026-05-28 02:34:06,138 [planck_2018_highl_plik.ttteee] Computed log-likelihood = -16186815475.68666
 2026-05-28 02:34:06,138 [planck_2018_lowl.tt] Got parameters {'A_planck': 0.9961874733490448}
 2026-05-28 02:34:06,138 [planck_2018_lowl.tt] Computing new state
Cl length: 2509
 2026-05-28 02:34:06,138 [planck_2018_lowl.tt] Computed log-likelihood = -inf
 2026-05-28 02:34:06,138 [planck_2018_lowl.ee] Got parameters {'A_planck': 0.9961874733490448}
 2026-05-28 02:34:06,138 [planck_2018_lowl.ee] Computing new state
Cl length: 2509
 2026-05-28 02:34:06,138 [planck_2018_lowl.ee] Computed log-likelihood = -198.00351247748432
 2026-05-28 02:34:06,138 [core.pantheon_cobaya_likelihood.pantheoncobaya] Got parameters {}
 2026-05-28 02:34:06,138 [core.pantheon_cobaya_likelihood.pantheoncobaya] Re-using computed results
 2026-05-28 02:34:06,138 [model] Computed derived parameters: {'A_s': 2.0989031673191437e-09, 'chi2__CMB': inf}
 2026-05-28 02:34:06,138 [prior] Evaluating prior at array([1.00000000e-03, 3.00000000e+00, 6.75000000e+01, 2.24000000e-02,
       1.20000000e-01, 5.40000000e-02, 3.04400000e+00, 9.66000000e-01,
       1.00177526e+00, 1.00086739e+00, 9.97456596e-01, 7.70440398e+01,
       4.14029204e-02, 8.64156865e+00, 1.25368120e+00, 8.01422441e+00,
       9.19207559e+00, 1.89187239e+01, 9.61632767e+01, 2.35248608e+02,
       4.96997630e+01, 3.91760056e+01, 9.33170652e+01, 2.58427542e-01,
       1.22614200e-01, 4.26974208e-01, 2.54280602e-01, 7.04989661e-01,
       1.80777035e+00])
 2026-05-28 02:34:06,139 [prior] Got logpriors (internal) = -16.05750156817076
 2026-05-28 02:34:06,139 [prior] Got logpriors (external) = [-3.74746927304556]
 2026-05-28 02:34:06,139 [model] Posterior to be computed for parameters {'tep_epsilon_T': 0.001, 'tep_z_T': 3.0, 'H0': 67.5, 'omega_b': 0.0224, 'omega_cdm': 0.12, 'tau_reio': 0.054, 'logA': 3.044, 'n_s': 0.966, 'A_planck': 1.001775263792233, 'calib_100T': 1.000867387942035, 'calib_217T': 0.9974565964217147, 'A_cib_217': 77.04403980059841, 'xi_sz_cib': 0.041402920436101505, 'A_sz': 8.641568653367651, 'ksz_norm': 1.2536812016199157, 'gal545_A_100': 8.014224408159073, 'gal545_A_143': 9.192075594870348, 'gal545_A_143_217': 18.918723912800743, 'gal545_A_217': 96.16327672744538, 'ps_A_100_100': 235.2486077117189, 'ps_A_143_143': 49.69976298899056, 'ps_A_143_217': 39.176005550024286, 'ps_A_217_217': 93.31706520550391, 'galf_TE_A_100': 0.2584275417831649, 'galf_TE_A_100_143': 0.12261419952259689, 'galf_TE_A_100_217': 0.4269742078048856, 'galf_TE_A_143': 0.25428060197089164, 'galf_TE_A_143_217': 0.7049896612193397, 'galf_TE_A_217': 1.807770352743644}
 2026-05-28 02:34:06,139 [prior] Evaluating prior at array([1.00000000e-03, 3.00000000e+00, 6.75000000e+01, 2.24000000e-02,
       1.20000000e-01, 5.40000000e-02, 3.04400000e+00, 9.66000000e-01,
       1.00177526e+00, 1.00086739e+00, 9.97456596e-01, 7.70440398e+01,
       4.14029204e-02, 8.64156865e+00, 1.25368120e+00, 8.01422441e+00,
       9.19207559e+00, 1.89187239e+01, 9.61632767e+01, 2.35248608e+02,
       4.96997630e+01, 3.91760056e+01, 9.33170652e+01, 2.58427542e-01,
       1.22614200e-01, 4.26974208e-01, 2.54280602e-01, 7.04989661e-01,
       1.80777035e+00])
 2026-05-28 02:34:06,139 [prior] Got logpriors (internal) = -16.05750156817076
 2026-05-28 02:34:06,139 [prior] Got logpriors (external) = [-3.74746927304556]
 2026-05-28 02:34:06,139 [model] Got input parameters: {'tep_epsilon_T': 0.001, 'tep_z_T': 3.0, 'tep_n_T': 1.0, 'H0': 67.5, 'omega_b': 0.0224, 'omega_cdm': 0.12, 'tau_reio': 0.054, 'logA': 3.044, 'A_s': 2.0989031673191437e-09, 'n_s': 0.966, 'A_planck': 1.001775263792233, 'calib_100T': 1.000867387942035, 'calib_217T': 0.9974565964217147, 'A_pol': 1.0, 'calib_100P': 1.021, 'calib_143P': 0.966, 'calib_217P': 1.04, 'cib_index': -1.3, 'A_cib_217': 77.04403980059841, 'xi_sz_cib': 0.041402920436101505, 'A_sz': 8.641568653367651, 'ksz_norm': 1.2536812016199157, 'gal545_A_100': 8.014224408159073, 'gal545_A_143': 9.192075594870348, 'gal545_A_143_217': 18.918723912800743, 'gal545_A_217': 96.16327672744538, 'A_sbpx_100_100_TT': 1.0, 'A_sbpx_143_143_TT': 1.0, 'A_sbpx_143_217_TT': 1.0, 'A_sbpx_217_217_TT': 1.0, 'ps_A_100_100': 235.2486077117189, 'ps_A_143_143': 49.69976298899056, 'ps_A_143_217': 39.176005550024286, 'ps_A_217_217': 93.31706520550391, 'galf_TE_index': -2.4, 'galf_TE_A_100': 0.2584275417831649, 'galf_TE_A_100_143': 0.12261419952259689, 'galf_TE_A_100_217': 0.4269742078048856, 'galf_TE_A_143': 0.25428060197089164, 'galf_TE_A_143_217': 0.7049896612193397, 'galf_TE_A_217': 1.807770352743644, 'galf_EE_index': -2.4, 'galf_EE_A_100': 0.055, 'galf_EE_A_100_143': 0.04, 'galf_EE_A_100_217': 0.094, 'galf_EE_A_143': 0.086, 'galf_EE_A_143_217': 0.21, 'galf_EE_A_217': 0.7, 'A_cnoise_e2e_100_100_EE': 1.0, 'A_cnoise_e2e_143_143_EE': 1.0, 'A_cnoise_e2e_217_217_EE': 1.0, 'A_sbpx_100_100_EE': 1.0, 'A_sbpx_100_143_EE': 1.0, 'A_sbpx_100_217_EE': 1.0, 'A_sbpx_143_143_EE': 1.0, 'A_sbpx_143_217_EE': 1.0, 'A_sbpx_217_217_EE': 1.0}
 2026-05-28 02:34:06,139 [classy] Got parameters {'tep_epsilon_T': 0.001, 'tep_z_T': 3.0, 'tep_n_T': 1.0, 'H0': 67.5, 'omega_b': 0.0224, 'omega_cdm': 0.12, 'tau_reio': 0.054, 'A_s': 2.0989031673191437e-09, 'n_s': 0.966}
 2026-05-28 02:34:06,139 [classy] Re-using computed results
 2026-05-28 02:34:06,139 [planck_2018_highl_plik.ttteee] Got parameters {'A_planck': 1.001775263792233, 'calib_100T': 1.000867387942035, 'calib_217T': 0.9974565964217147, 'A_pol': 1.0, 'calib_100P': 1.021, 'calib_143P': 0.966, 'calib_217P': 1.04, 'cib_index': -1.3, 'A_cib_217': 77.04403980059841, 'xi_sz_cib': 0.041402920436101505, 'A_sz': 8.641568653367651, 'ksz_norm': 1.2536812016199157, 'gal545_A_100': 8.014224408159073, 'gal545_A_143': 9.192075594870348, 'gal545_A_143_217': 18.918723912800743, 'gal545_A_217': 96.16327672744538, 'A_sbpx_100_100_TT': 1.0, 'A_sbpx_143_143_TT': 1.0, 'A_sbpx_143_217_TT': 1.0, 'A_sbpx_217_217_TT': 1.0, 'ps_A_100_100': 235.2486077117189, 'ps_A_143_143': 49.69976298899056, 'ps_A_143_217': 39.176005550024286, 'ps_A_217_217': 93.31706520550391, 'galf_TE_index': -2.4, 'galf_TE_A_100': 0.2584275417831649, 'galf_TE_A_100_143': 0.12261419952259689, 'galf_TE_A_100_217': 0.4269742078048856, 'galf_TE_A_143': 0.25428060197089164, 'galf_TE_A_143_217': 0.7049896612193397, 'galf_TE_A_217': 1.807770352743644, 'galf_EE_index': -2.4, 'galf_EE_A_100': 0.055, 'galf_EE_A_100_143': 0.04, 'galf_EE_A_100_217': 0.094, 'galf_EE_A_143': 0.086, 'galf_EE_A_143_217': 0.21, 'galf_EE_A_217': 0.7, 'A_cnoise_e2e_100_100_EE': 1.0, 'A_cnoise_e2e_143_143_EE': 1.0, 'A_cnoise_e2e_217_217_EE': 1.0, 'A_sbpx_100_100_EE': 1.0, 'A_sbpx_100_143_EE': 1.0, 'A_sbpx_100_217_EE': 1.0, 'A_sbpx_143_143_EE': 1.0, 'A_sbpx_143_217_EE': 1.0, 'A_sbpx_217_217_EE': 1.0}
 2026-05-28 02:34:06,139 [planck_2018_highl_plik.ttteee] Computing new state
Cl length: 2509
 2026-05-28 02:34:06,144 [planck_2018_highl_plik.ttteee] Computed log-likelihood = -15802645485.362917
 2026-05-28 02:34:06,144 [planck_2018_lowl.tt] Got parameters {'A_planck': 1.001775263792233}
 2026-05-28 02:34:06,144 [planck_2018_lowl.tt] Computing new state
Cl length: 2509
 2026-05-28 02:34:06,144 [planck_2018_lowl.tt] Computed log-likelihood = -inf
 2026-05-28 02:34:06,144 [planck_2018_lowl.ee] Got parameters {'A_planck': 1.001775263792233}
 2026-05-28 02:34:06,144 [planck_2018_lowl.ee] Computing new state
Cl length: 2509
 2026-05-28 02:34:06,144 [planck_2018_lowl.ee] Computed log-likelihood = -198.00586542988162
 2026-05-28 02:34:06,144 [core.pantheon_cobaya_likelihood.pantheoncobaya] Got parameters {}
 2026-05-28 02:34:06,144 [core.pantheon_cobaya_likelihood.pantheoncobaya] Re-using computed results
 2026-05-28 02:34:06,144 [model] Computed derived parameters: {'A_s': 2.0989031673191437e-09, 'chi2__CMB': inf}
 2026-05-28 02:34:06,145 [prior] Evaluating prior at array([1.00000000e-03, 3.00000000e+00, 6.75000000e+01, 2.24000000e-02,
       1.20000000e-01, 5.40000000e-02, 3.04400000e+00, 9.66000000e-01,
       1.00012762e+00, 1.00077809e+00, 9.97387040e-01, 6.53955013e+01,
       9.31987638e-02, 7.27560418e+00, 1.00611127e+00, 9.07487250e+00,
       9.19401603e+00, 1.78229868e+01, 9.02095559e+01, 2.58100307e+02,
       4.88963662e+01, 5.19382951e+01, 1.53450857e+02, 9.57508636e-02,
       2.58821614e-01, 3.57849562e-01, 1.14686722e-01, 7.19593261e-01,
       1.89586440e+00])
 2026-05-28 02:34:06,145 [prior] Got logpriors (internal) = -19.07589073700129
 2026-05-28 02:34:06,145 [prior] Got logpriors (external) = [-2.5677785826086703]
 2026-05-28 02:34:06,145 [model] Posterior to be computed for parameters {'tep_epsilon_T': 0.001, 'tep_z_T': 3.0, 'H0': 67.5, 'omega_b': 0.0224, 'omega_cdm': 0.12, 'tau_reio': 0.054, 'logA': 3.044, 'n_s': 0.966, 'A_planck': 1.0001276223615976, 'calib_100T': 1.0007780898907466, 'calib_217T': 0.9973870402667055, 'A_cib_217': 65.39550133436688, 'xi_sz_cib': 0.09319876381206621, 'A_sz': 7.275604183220986, 'ksz_norm': 1.00611126794716, 'gal545_A_100': 9.074872500120684, 'gal545_A_143': 9.194016031468177, 'gal545_A_143_217': 17.822986812204388, 'gal545_A_217': 90.20955588184947, 'ps_A_100_100': 258.1003070162054, 'ps_A_143_143': 48.89636621980572, 'ps_A_143_217': 51.938295060319874, 'ps_A_217_217': 153.4508566033849, 'galf_TE_A_100': 0.09575086359820267, 'galf_TE_A_100_143': 0.2588216141069166, 'galf_TE_A_100_217': 0.3578495624585181, 'galf_TE_A_143': 0.1146867223378069, 'galf_TE_A_143_217': 0.719593260837111, 'galf_TE_A_217': 1.8958644021383435}
 2026-05-28 02:34:06,145 [prior] Evaluating prior at array([1.00000000e-03, 3.00000000e+00, 6.75000000e+01, 2.24000000e-02,
       1.20000000e-01, 5.40000000e-02, 3.04400000e+00, 9.66000000e-01,
       1.00012762e+00, 1.00077809e+00, 9.97387040e-01, 6.53955013e+01,
       9.31987638e-02, 7.27560418e+00, 1.00611127e+00, 9.07487250e+00,
       9.19401603e+00, 1.78229868e+01, 9.02095559e+01, 2.58100307e+02,
       4.88963662e+01, 5.19382951e+01, 1.53450857e+02, 9.57508636e-02,
       2.58821614e-01, 3.57849562e-01, 1.14686722e-01, 7.19593261e-01,
       1.89586440e+00])
 2026-05-28 02:34:06,145 [prior] Got logpriors (internal) = -19.07589073700129
 2026-05-28 02:34:06,145 [prior] Got logpriors (external) = [-2.5677785826086703]
 2026-05-28 02:34:06,145 [model] Got input parameters: {'tep_epsilon_T': 0.001, 'tep_z_T': 3.0, 'tep_n_T': 1.0, 'H0': 67.5, 'omega_b': 0.0224, 'omega_cdm': 0.12, 'tau_reio': 0.054, 'logA': 3.044, 'A_s': 2.0989031673191437e-09, 'n_s': 0.966, 'A_planck': 1.0001276223615976, 'calib_100T': 1.0007780898907466, 'calib_217T': 0.9973870402667055, 'A_pol': 1.0, 'calib_100P': 1.021, 'calib_143P': 0.966, 'calib_217P': 1.04, 'cib_index': -1.3, 'A_cib_217': 65.39550133436688, 'xi_sz_cib': 0.09319876381206621, 'A_sz': 7.275604183220986, 'ksz_norm': 1.00611126794716, 'gal545_A_100': 9.074872500120684, 'gal545_A_143': 9.194016031468177, 'gal545_A_143_217': 17.822986812204388, 'gal545_A_217': 90.20955588184947, 'A_sbpx_100_100_TT': 1.0, 'A_sbpx_143_143_TT': 1.0, 'A_sbpx_143_217_TT': 1.0, 'A_sbpx_217_217_TT': 1.0, 'ps_A_100_100': 258.1003070162054, 'ps_A_143_143': 48.89636621980572, 'ps_A_143_217': 51.938295060319874, 'ps_A_217_217': 153.4508566033849, 'galf_TE_index': -2.4, 'galf_TE_A_100': 0.09575086359820267, 'galf_TE_A_100_143': 0.2588216141069166, 'galf_TE_A_100_217': 0.3578495624585181, 'galf_TE_A_143': 0.1146867223378069, 'galf_TE_A_143_217': 0.719593260837111, 'galf_TE_A_217': 1.8958644021383435, 'galf_EE_index': -2.4, 'galf_EE_A_100': 0.055, 'galf_EE_A_100_143': 0.04, 'galf_EE_A_100_217': 0.094, 'galf_EE_A_143': 0.086, 'galf_EE_A_143_217': 0.21, 'galf_EE_A_217': 0.7, 'A_cnoise_e2e_100_100_EE': 1.0, 'A_cnoise_e2e_143_143_EE': 1.0, 'A_cnoise_e2e_217_217_EE': 1.0, 'A_sbpx_100_100_EE': 1.0, 'A_sbpx_100_143_EE': 1.0, 'A_sbpx_100_217_EE': 1.0, 'A_sbpx_143_143_EE': 1.0, 'A_sbpx_143_217_EE': 1.0, 'A_sbpx_217_217_EE': 1.0}
 2026-05-28 02:34:06,145 [classy] Got parameters {'tep_epsilon_T': 0.001, 'tep_z_T': 3.0, 'tep_n_T': 1.0, 'H0': 67.5, 'omega_b': 0.0224, 'omega_cdm': 0.12, 'tau_reio': 0.054, 'A_s': 2.0989031673191437e-09, 'n_s': 0.966}
 2026-05-28 02:34:06,145 [classy] Re-using computed results
 2026-05-28 02:34:06,145 [planck_2018_highl_plik.ttteee] Got parameters {'A_planck': 1.0001276223615976, 'calib_100T': 1.0007780898907466, 'calib_217T': 0.9973870402667055, 'A_pol': 1.0, 'calib_100P': 1.021, 'calib_143P': 0.966, 'calib_217P': 1.04, 'cib_index': -1.3, 'A_cib_217': 65.39550133436688, 'xi_sz_cib': 0.09319876381206621, 'A_sz': 7.275604183220986, 'ksz_norm': 1.00611126794716, 'gal545_A_100': 9.074872500120684, 'gal545_A_143': 9.194016031468177, 'gal545_A_143_217': 17.822986812204388, 'gal545_A_217': 90.20955588184947, 'A_sbpx_100_100_TT': 1.0, 'A_sbpx_143_143_TT': 1.0, 'A_sbpx_143_217_TT': 1.0, 'A_sbpx_217_217_TT': 1.0, 'ps_A_100_100': 258.1003070162054, 'ps_A_143_143': 48.89636621980572, 'ps_A_143_217': 51.938295060319874, 'ps_A_217_217': 153.4508566033849, 'galf_TE_index': -2.4, 'galf_TE_A_100': 0.09575086359820267, 'galf_TE_A_100_143': 0.2588216141069166, 'galf_TE_A_100_217': 0.3578495624585181, 'galf_TE_A_143': 0.1146867223378069, 'galf_TE_A_143_217': 0.719593260837111, 'galf_TE_A_217': 1.8958644021383435, 'galf_EE_index': -2.4, 'galf_EE_A_100': 0.055, 'galf_EE_A_100_143': 0.04, 'galf_EE_A_100_217': 0.094, 'galf_EE_A_143': 0.086, 'galf_EE_A_143_217': 0.21, 'galf_EE_A_217': 0.7, 'A_cnoise_e2e_100_100_EE': 1.0, 'A_cnoise_e2e_143_143_EE': 1.0, 'A_cnoise_e2e_217_217_EE': 1.0, 'A_sbpx_100_100_EE': 1.0, 'A_sbpx_100_143_EE': 1.0, 'A_sbpx_100_217_EE': 1.0, 'A_sbpx_143_143_EE': 1.0, 'A_sbpx_143_217_EE': 1.0, 'A_sbpx_217_217_EE': 1.0}
 2026-05-28 02:34:06,145 [planck_2018_highl_plik.ttteee] Computing new state
Cl length: 2509
 2026-05-28 02:34:06,152 [planck_2018_highl_plik.ttteee] Computed log-likelihood = -15909315248.903038
 2026-05-28 02:34:06,152 [planck_2018_lowl.tt] Got parameters {'A_planck': 1.0001276223615976}
 2026-05-28 02:34:06,152 [planck_2018_lowl.tt] Computing new state
Cl length: 2509
 2026-05-28 02:34:06,152 [planck_2018_lowl.tt] Computed log-likelihood = -inf
 2026-05-28 02:34:06,152 [planck_2018_lowl.ee] Got parameters {'A_planck': 1.0001276223615976}
 2026-05-28 02:34:06,152 [planck_2018_lowl.ee] Computing new state
Cl length: 2509
 2026-05-28 02:34:06,152 [planck_2018_lowl.ee] Computed log-likelihood = -198.00994377254736
 2026-05-28 02:34:06,152 [core.pantheon_cobaya_likelihood.pantheoncobaya] Got parameters {}
 2026-05-28 02:34:06,152 [core.pantheon_cobaya_likelihood.pantheoncobaya] Re-using computed results
 2026-05-28 02:34:06,152 [model] Computed derived parameters: {'A_s': 2.0989031673191437e-09, 'chi2__CMB': inf}
 2026-05-28 02:34:06,153 [prior] Evaluating prior at array([ 1.00000000e-03,  3.00000000e+00,  6.75000000e+01,  2.24000000e-02,
        1.20000000e-01,  5.40000000e-02,  3.04400000e+00,  9.66000000e-01,
        9.99188683e-01,  9.99937747e-01,  9.97165140e-01,  7.65006063e+01,
        1.33227408e-02,  5.82701781e+00,  1.42299782e+00,  9.53902905e+00,
        7.90730525e+00,  2.16930897e+01,  5.99759089e+01,  2.65758922e+02,
        4.60650152e+01,  4.88202851e+01,  1.17896044e+02, -2.10399950e-02,
        1.90650981e-01,  4.47344503e-01,  1.65115736e-01,  6.71021639e-01,
        2.04435445e+00])
 2026-05-28 02:34:06,153 [prior] Got logpriors (internal) = -20.9222380869709
 2026-05-28 02:34:06,153 [prior] Got logpriors (external) = [-2.1038330450268843]
 2026-05-28 02:34:06,153 [model] Posterior to be computed for parameters {'tep_epsilon_T': 0.001, 'tep_z_T': 3.0, 'H0': 67.5, 'omega_b': 0.0224, 'omega_cdm': 0.12, 'tau_reio': 0.054, 'logA': 3.044, 'n_s': 0.966, 'A_planck': 0.999188682983341, 'calib_100T': 0.9999377472397767, 'calib_217T': 0.9971651399117533, 'A_cib_217': 76.50060629206963, 'xi_sz_cib': 0.013322740781632529, 'A_sz': 5.827017809173265, 'ksz_norm': 1.4229978157390861, 'gal545_A_100': 9.539029052297881, 'gal545_A_143': 7.9073052522578715, 'gal545_A_143_217': 21.693089739908356, 'gal545_A_217': 59.9759088528435, 'ps_A_100_100': 265.7589217483546, 'ps_A_143_143': 46.06501521221264, 'ps_A_143_217': 48.82028511272466, 'ps_A_217_217': 117.89604421477303, 'galf_TE_A_100': -0.021039995035718934, 'galf_TE_A_100_143': 0.190650981312438, 'galf_TE_A_100_217': 0.4473445026748018, 'galf_TE_A_143': 0.16511573607890367, 'galf_TE_A_143_217': 0.6710216393921303, 'galf_TE_A_217': 2.0443544476671986}
 2026-05-28 02:34:06,153 [prior] Evaluating prior at array([ 1.00000000e-03,  3.00000000e+00,  6.75000000e+01,  2.24000000e-02,
        1.20000000e-01,  5.40000000e-02,  3.04400000e+00,  9.66000000e-01,
        9.99188683e-01,  9.99937747e-01,  9.97165140e-01,  7.65006063e+01,
        1.33227408e-02,  5.82701781e+00,  1.42299782e+00,  9.53902905e+00,
        7.90730525e+00,  2.16930897e+01,  5.99759089e+01,  2.65758922e+02,
        4.60650152e+01,  4.88202851e+01,  1.17896044e+02, -2.10399950e-02,
        1.90650981e-01,  4.47344503e-01,  1.65115736e-01,  6.71021639e-01,
        2.04435445e+00])
 2026-05-28 02:34:06,153 [prior] Got logpriors (internal) = -20.9222380869709
 2026-05-28 02:34:06,153 [prior] Got logpriors (external) = [-2.1038330450268843]
 2026-05-28 02:34:06,153 [model] Got input parameters: {'tep_epsilon_T': 0.001, 'tep_z_T': 3.0, 'tep_n_T': 1.0, 'H0': 67.5, 'omega_b': 0.0224, 'omega_cdm': 0.12, 'tau_reio': 0.054, 'logA': 3.044, 'A_s': 2.0989031673191437e-09, 'n_s': 0.966, 'A_planck': 0.999188682983341, 'calib_100T': 0.9999377472397767, 'calib_217T': 0.9971651399117533, 'A_pol': 1.0, 'calib_100P': 1.021, 'calib_143P': 0.966, 'calib_217P': 1.04, 'cib_index': -1.3, 'A_cib_217': 76.50060629206963, 'xi_sz_cib': 0.013322740781632529, 'A_sz': 5.827017809173265, 'ksz_norm': 1.4229978157390861, 'gal545_A_100': 9.539029052297881, 'gal545_A_143': 7.9073052522578715, 'gal545_A_143_217': 21.693089739908356, 'gal545_A_217': 59.9759088528435, 'A_sbpx_100_100_TT': 1.0, 'A_sbpx_143_143_TT': 1.0, 'A_sbpx_143_217_TT': 1.0, 'A_sbpx_217_217_TT': 1.0, 'ps_A_100_100': 265.7589217483546, 'ps_A_143_143': 46.06501521221264, 'ps_A_143_217': 48.82028511272466, 'ps_A_217_217': 117.89604421477303, 'galf_TE_index': -2.4, 'galf_TE_A_100': -0.021039995035718934, 'galf_TE_A_100_143': 0.190650981312438, 'galf_TE_A_100_217': 0.4473445026748018, 'galf_TE_A_143': 0.16511573607890367, 'galf_TE_A_143_217': 0.6710216393921303, 'galf_TE_A_217': 2.0443544476671986, 'galf_EE_index': -2.4, 'galf_EE_A_100': 0.055, 'galf_EE_A_100_143': 0.04, 'galf_EE_A_100_217': 0.094, 'galf_EE_A_143': 0.086, 'galf_EE_A_143_217': 0.21, 'galf_EE_A_217': 0.7, 'A_cnoise_e2e_100_100_EE': 1.0, 'A_cnoise_e2e_143_143_EE': 1.0, 'A_cnoise_e2e_217_217_EE': 1.0, 'A_sbpx_100_100_EE': 1.0, 'A_sbpx_100_143_EE': 1.0, 'A_sbpx_100_217_EE': 1.0, 'A_sbpx_143_143_EE': 1.0, 'A_sbpx_143_217_EE': 1.0, 'A_sbpx_217_217_EE': 1.0}
 2026-05-28 02:34:06,153 [classy] Got parameters {'tep_epsilon_T': 0.001, 'tep_z_T': 3.0, 'tep_n_T': 1.0, 'H0': 67.5, 'omega_b': 0.0224, 'omega_cdm': 0.12, 'tau_reio': 0.054, 'A_s': 2.0989031673191437e-09, 'n_s': 0.966}
 2026-05-28 02:34:06,153 [classy] Re-using computed results
 2026-05-28 02:34:06,153 [planck_2018_highl_plik.ttteee] Got parameters {'A_planck': 0.999188682983341, 'calib_100T': 0.9999377472397767, 'calib_217T': 0.9971651399117533, 'A_pol': 1.0, 'calib_100P': 1.021, 'calib_143P': 0.966, 'calib_217P': 1.04, 'cib_index': -1.3, 'A_cib_217': 76.50060629206963, 'xi_sz_cib': 0.013322740781632529, 'A_sz': 5.827017809173265, 'ksz_norm': 1.4229978157390861, 'gal545_A_100': 9.539029052297881, 'gal545_A_143': 7.9073052522578715, 'gal545_A_143_217': 21.693089739908356, 'gal545_A_217': 59.9759088528435, 'A_sbpx_100_100_TT': 1.0, 'A_sbpx_143_143_TT': 1.0, 'A_sbpx_143_217_TT': 1.0, 'A_sbpx_217_217_TT': 1.0, 'ps_A_100_100': 265.7589217483546, 'ps_A_143_143': 46.06501521221264, 'ps_A_143_217': 48.82028511272466, 'ps_A_217_217': 117.89604421477303, 'galf_TE_index': -2.4, 'galf_TE_A_100': -0.021039995035718934, 'galf_TE_A_100_143': 0.190650981312438, 'galf_TE_A_100_217': 0.4473445026748018, 'galf_TE_A_143': 0.16511573607890367, 'galf_TE_A_143_217': 0.6710216393921303, 'galf_TE_A_217': 2.0443544476671986, 'galf_EE_index': -2.4, 'galf_EE_A_100': 0.055, 'galf_EE_A_100_143': 0.04, 'galf_EE_A_100_217': 0.094, 'galf_EE_A_143': 0.086, 'galf_EE_A_143_217': 0.21, 'galf_EE_A_217': 0.7, 'A_cnoise_e2e_100_100_EE': 1.0, 'A_cnoise_e2e_143_143_EE': 1.0, 'A_cnoise_e2e_217_217_EE': 1.0, 'A_sbpx_100_100_EE': 1.0, 'A_sbpx_100_143_EE': 1.0, 'A_sbpx_100_217_EE': 1.0, 'A_sbpx_143_143_EE': 1.0, 'A_sbpx_143_217_EE': 1.0, 'A_sbpx_217_217_EE': 1.0}
 2026-05-28 02:34:06,153 [planck_2018_highl_plik.ttteee] Computing new state
Cl length: 2509
 2026-05-28 02:34:06,159 [planck_2018_highl_plik.ttteee] Computed log-likelihood = -15989907410.14694
 2026-05-28 02:34:06,159 [planck_2018_lowl.tt] Got parameters {'A_planck': 0.999188682983341}
 2026-05-28 02:34:06,159 [planck_2018_lowl.tt] Computing new state
Cl length: 2509
 2026-05-28 02:34:06,159 [planck_2018_lowl.tt] Computed log-likelihood = -inf
 2026-05-28 02:34:06,159 [planck_2018_lowl.ee] Got parameters {'A_planck': 0.999188682983341}
 2026-05-28 02:34:06,159 [planck_2018_lowl.ee] Computing new state
Cl length: 2509
 2026-05-28 02:34:06,159 [planck_2018_lowl.ee] Computed log-likelihood = -198.01921972027924
 2026-05-28 02:34:06,159 [core.pantheon_cobaya_likelihood.pantheoncobaya] Got parameters {}
 2026-05-28 02:34:06,159 [core.pantheon_cobaya_likelihood.pantheoncobaya] Re-using computed results
 2026-05-28 02:34:06,159 [model] Computed derived parameters: {'A_s': 2.0989031673191437e-09, 'chi2__CMB': inf}
 2026-05-28 02:34:06,159 [prior] Evaluating prior at array([1.00000000e-03, 3.00000000e+00, 6.75000000e+01, 2.24000000e-02,
       1.20000000e-01, 5.40000000e-02, 3.04400000e+00, 9.66000000e-01,
       9.98294829e-01, 1.00142528e+00, 9.97908500e-01, 6.64666572e+01,
       3.47640831e-02, 7.06075668e+00, 2.76594030e+00, 3.43996430e+00,
       8.45480746e+00, 1.98353319e+01, 6.83249260e+01, 2.68789837e+02,
       5.05212768e+01, 3.54671790e+01, 1.02634562e+02, 8.27050946e-02,
       4.15663434e-02, 4.76315055e-01, 1.90466889e-01, 8.12008222e-01,
       2.00059144e+00])
 2026-05-28 02:34:06,159 [prior] Got logpriors (internal) = -20.5525231211714
 2026-05-28 02:34:06,159 [prior] Got logpriors (external) = [-3.174347875482634]
 2026-05-28 02:34:06,159 [model] Posterior to be computed for parameters {'tep_epsilon_T': 0.001, 'tep_z_T': 3.0, 'H0': 67.5, 'omega_b': 0.0224, 'omega_cdm': 0.12, 'tau_reio': 0.054, 'logA': 3.044, 'n_s': 0.966, 'A_planck': 0.998294829226313, 'calib_100T': 1.0014252839536555, 'calib_217T': 0.997908499656312, 'A_cib_217': 66.46665719707596, 'xi_sz_cib': 0.03476408313394103, 'A_sz': 7.060756683260506, 'ksz_norm': 2.7659402975983456, 'gal545_A_100': 3.4399642997368187, 'gal545_A_143': 8.45480746407582, 'gal545_A_143_217': 19.835331911074796, 'gal545_A_217': 68.32492595995724, 'ps_A_100_100': 268.78983681587937, 'ps_A_143_143': 50.52127680848619, 'ps_A_143_217': 35.46717895403777, 'ps_A_217_217': 102.63456193918697, 'galf_TE_A_100': 0.08270509463815545, 'galf_TE_A_100_143': 0.04156634337092574, 'galf_TE_A_100_217': 0.47631505514167477, 'galf_TE_A_143': 0.19046688893599475, 'galf_TE_A_143_217': 0.8120082219113797, 'galf_TE_A_217': 2.000591439052572}
 2026-05-28 02:34:06,159 [prior] Evaluating prior at array([1.00000000e-03, 3.00000000e+00, 6.75000000e+01, 2.24000000e-02,
       1.20000000e-01, 5.40000000e-02, 3.04400000e+00, 9.66000000e-01,
       9.98294829e-01, 1.00142528e+00, 9.97908500e-01, 6.64666572e+01,
       3.47640831e-02, 7.06075668e+00, 2.76594030e+00, 3.43996430e+00,
       8.45480746e+00, 1.98353319e+01, 6.83249260e+01, 2.68789837e+02,
       5.05212768e+01, 3.54671790e+01, 1.02634562e+02, 8.27050946e-02,
       4.15663434e-02, 4.76315055e-01, 1.90466889e-01, 8.12008222e-01,
       2.00059144e+00])
 2026-05-28 02:34:06,160 [prior] Got logpriors (internal) = -20.5525231211714
 2026-05-28 02:34:06,160 [prior] Got logpriors (external) = [-3.174347875482634]
 2026-05-28 02:34:06,160 [model] Got input parameters: {'tep_epsilon_T': 0.001, 'tep_z_T': 3.0, 'tep_n_T': 1.0, 'H0': 67.5, 'omega_b': 0.0224, 'omega_cdm': 0.12, 'tau_reio': 0.054, 'logA': 3.044, 'A_s': 2.0989031673191437e-09, 'n_s': 0.966, 'A_planck': 0.998294829226313, 'calib_100T': 1.0014252839536555, 'calib_217T': 0.997908499656312, 'A_pol': 1.0, 'calib_100P': 1.021, 'calib_143P': 0.966, 'calib_217P': 1.04, 'cib_index': -1.3, 'A_cib_217': 66.46665719707596, 'xi_sz_cib': 0.03476408313394103, 'A_sz': 7.060756683260506, 'ksz_norm': 2.7659402975983456, 'gal545_A_100': 3.4399642997368187, 'gal545_A_143': 8.45480746407582, 'gal545_A_143_217': 19.835331911074796, 'gal545_A_217': 68.32492595995724, 'A_sbpx_100_100_TT': 1.0, 'A_sbpx_143_143_TT': 1.0, 'A_sbpx_143_217_TT': 1.0, 'A_sbpx_217_217_TT': 1.0, 'ps_A_100_100': 268.78983681587937, 'ps_A_143_143': 50.52127680848619, 'ps_A_143_217': 35.46717895403777, 'ps_A_217_217': 102.63456193918697, 'galf_TE_index': -2.4, 'galf_TE_A_100': 0.08270509463815545, 'galf_TE_A_100_143': 0.04156634337092574, 'galf_TE_A_100_217': 0.47631505514167477, 'galf_TE_A_143': 0.19046688893599475, 'galf_TE_A_143_217': 0.8120082219113797, 'galf_TE_A_217': 2.000591439052572, 'galf_EE_index': -2.4, 'galf_EE_A_100': 0.055, 'galf_EE_A_100_143': 0.04, 'galf_EE_A_100_217': 0.094, 'galf_EE_A_143': 0.086, 'galf_EE_A_143_217': 0.21, 'galf_EE_A_217': 0.7, 'A_cnoise_e2e_100_100_EE': 1.0, 'A_cnoise_e2e_143_143_EE': 1.0, 'A_cnoise_e2e_217_217_EE': 1.0, 'A_sbpx_100_100_EE': 1.0, 'A_sbpx_100_143_EE': 1.0, 'A_sbpx_100_217_EE': 1.0, 'A_sbpx_143_143_EE': 1.0, 'A_sbpx_143_217_EE': 1.0, 'A_sbpx_217_217_EE': 1.0}
 2026-05-28 02:34:06,160 [classy] Got parameters {'tep_epsilon_T': 0.001, 'tep_z_T': 3.0, 'tep_n_T': 1.0, 'H0': 67.5, 'omega_b': 0.0224, 'omega_cdm': 0.12, 'tau_reio': 0.054, 'A_s': 2.0989031673191437e-09, 'n_s': 0.966}
 2026-05-28 02:34:06,160 [classy] Re-using computed results
 2026-05-28 02:34:06,160 [planck_2018_highl_plik.ttteee] Got parameters {'A_planck': 0.998294829226313, 'calib_100T': 1.0014252839536555, 'calib_217T': 0.997908499656312, 'A_pol': 1.0, 'calib_100P': 1.021, 'calib_143P': 0.966, 'calib_217P': 1.04, 'cib_index': -1.3, 'A_cib_217': 66.46665719707596, 'xi_sz_cib': 0.03476408313394103, 'A_sz': 7.060756683260506, 'ksz_norm': 2.7659402975983456, 'gal545_A_100': 3.4399642997368187, 'gal545_A_143': 8.45480746407582, 'gal545_A_143_217': 19.835331911074796, 'gal545_A_217': 68.32492595995724, 'A_sbpx_100_100_TT': 1.0, 'A_sbpx_143_143_TT': 1.0, 'A_sbpx_143_217_TT': 1.0, 'A_sbpx_217_217_TT': 1.0, 'ps_A_100_100': 268.78983681587937, 'ps_A_143_143': 50.52127680848619, 'ps_A_143_217': 35.46717895403777, 'ps_A_217_217': 102.63456193918697, 'galf_TE_index': -2.4, 'galf_TE_A_100': 0.08270509463815545, 'galf_TE_A_100_143': 0.04156634337092574, 'galf_TE_A_100_217': 0.47631505514167477, 'galf_TE_A_143': 0.19046688893599475, 'galf_TE_A_143_217': 0.8120082219113797, 'galf_TE_A_217': 2.000591439052572, 'galf_EE_index': -2.4, 'galf_EE_A_100': 0.055, 'galf_EE_A_100_143': 0.04, 'galf_EE_A_100_217': 0.094, 'galf_EE_A_143': 0.086, 'galf_EE_A_143_217': 0.21, 'galf_EE_A_217': 0.7, 'A_cnoise_e2e_100_100_EE': 1.0, 'A_cnoise_e2e_143_143_EE': 1.0, 'A_cnoise_e2e_217_217_EE': 1.0, 'A_sbpx_100_100_EE': 1.0, 'A_sbpx_100_143_EE': 1.0, 'A_sbpx_100_217_EE': 1.0, 'A_sbpx_143_143_EE': 1.0, 'A_sbpx_143_217_EE': 1.0, 'A_sbpx_217_217_EE': 1.0}
 2026-05-28 02:34:06,160 [planck_2018_highl_plik.ttteee] Computing new state
Cl length: 2509
 2026-05-28 02:34:06,165 [planck_2018_highl_plik.ttteee] Computed log-likelihood = -16010511286.456703
 2026-05-28 02:34:06,165 [planck_2018_lowl.tt] Got parameters {'A_planck': 0.998294829226313}
 2026-05-28 02:34:06,165 [planck_2018_lowl.tt] Computing new state
Cl length: 2509
 2026-05-28 02:34:06,165 [planck_2018_lowl.tt] Computed log-likelihood = -inf
 2026-05-28 02:34:06,165 [planck_2018_lowl.ee] Got parameters {'A_planck': 0.998294829226313}
 2026-05-28 02:34:06,165 [planck_2018_lowl.ee] Computing new state
Cl length: 2509
 2026-05-28 02:34:06,166 [planck_2018_lowl.ee] Computed log-likelihood = -198.01879779891368
 2026-05-28 02:34:06,166 [core.pantheon_cobaya_likelihood.pantheoncobaya] Got parameters {}
 2026-05-28 02:34:06,166 [core.pantheon_cobaya_likelihood.pantheoncobaya] Re-using computed results
 2026-05-28 02:34:06,166 [model] Computed derived parameters: {'A_s': 2.0989031673191437e-09, 'chi2__CMB': inf}
 2026-05-28 02:34:06,166 [prior] Evaluating prior at array([1.00000000e-03, 3.00000000e+00, 6.75000000e+01, 2.24000000e-02,
       1.20000000e-01, 5.40000000e-02, 3.04400000e+00, 9.66000000e-01,
       9.99402369e-01, 1.00037148e+00, 9.98217541e-01, 6.48303139e+01,
       8.54169789e-02, 7.15523398e+00, 1.54389933e+00, 8.36671768e+00,
       9.16909295e+00, 2.16142208e+01, 9.47812680e+01, 2.61317280e+02,
       4.51845888e+01, 7.43891136e+01, 9.09962535e+01, 1.05598707e-02,
       7.33878729e-02, 3.89130744e-01, 1.55369244e-01, 7.02566459e-01,
       1.87559892e+00])
 2026-05-28 02:34:06,166 [prior] Got logpriors (internal) = -15.706718040087624
 2026-05-28 02:34:06,166 [prior] Got logpriors (external) = [-2.695105020970391]
 2026-05-28 02:34:06,166 [model] Posterior to be computed for parameters {'tep_epsilon_T': 0.001, 'tep_z_T': 3.0, 'H0': 67.5, 'omega_b': 0.0224, 'omega_cdm': 0.12, 'tau_reio': 0.054, 'logA': 3.044, 'n_s': 0.966, 'A_planck': 0.9994023687059791, 'calib_100T': 1.000371484682668, 'calib_217T': 0.9982175414237741, 'A_cib_217': 64.83031394141126, 'xi_sz_cib': 0.08541697886879594, 'A_sz': 7.155233979216799, 'ksz_norm': 1.5438993315415237, 'gal545_A_100': 8.366717679877102, 'gal545_A_143': 9.169092947076937, 'gal545_A_143_217': 21.614220778253973, 'gal545_A_217': 94.78126799350359, 'ps_A_100_100': 261.3172797018594, 'ps_A_143_143': 45.184588837300346, 'ps_A_143_217': 74.3891135584569, 'ps_A_217_217': 90.99625346772652, 'galf_TE_A_100': 0.01055987069354511, 'galf_TE_A_100_143': 0.07338787290310336, 'galf_TE_A_100_217': 0.38913074421274435, 'galf_TE_A_143': 0.15536924377812245, 'galf_TE_A_143_217': 0.7025664585553559, 'galf_TE_A_217': 1.8755989175547267}
 2026-05-28 02:34:06,166 [prior] Evaluating prior at array([1.00000000e-03, 3.00000000e+00, 6.75000000e+01, 2.24000000e-02,
       1.20000000e-01, 5.40000000e-02, 3.04400000e+00, 9.66000000e-01,
       9.99402369e-01, 1.00037148e+00, 9.98217541e-01, 6.48303139e+01,
       8.54169789e-02, 7.15523398e+00, 1.54389933e+00, 8.36671768e+00,
       9.16909295e+00, 2.16142208e+01, 9.47812680e+01, 2.61317280e+02,
       4.51845888e+01, 7.43891136e+01, 9.09962535e+01, 1.05598707e-02,
       7.33878729e-02, 3.89130744e-01, 1.55369244e-01, 7.02566459e-01,
       1.87559892e+00])
 2026-05-28 02:34:06,166 [prior] Got logpriors (internal) = -15.706718040087624
 2026-05-28 02:34:06,166 [prior] Got logpriors (external) = [-2.695105020970391]
 2026-05-28 02:34:06,166 [model] Got input parameters: {'tep_epsilon_T': 0.001, 'tep_z_T': 3.0, 'tep_n_T': 1.0, 'H0': 67.5, 'omega_b': 0.0224, 'omega_cdm': 0.12, 'tau_reio': 0.054, 'logA': 3.044, 'A_s': 2.0989031673191437e-09, 'n_s': 0.966, 'A_planck': 0.9994023687059791, 'calib_100T': 1.000371484682668, 'calib_217T': 0.9982175414237741, 'A_pol': 1.0, 'calib_100P': 1.021, 'calib_143P': 0.966, 'calib_217P': 1.04, 'cib_index': -1.3, 'A_cib_217': 64.83031394141126, 'xi_sz_cib': 0.08541697886879594, 'A_sz': 7.155233979216799, 'ksz_norm': 1.5438993315415237, 'gal545_A_100': 8.366717679877102, 'gal545_A_143': 9.169092947076937, 'gal545_A_143_217': 21.614220778253973, 'gal545_A_217': 94.78126799350359, 'A_sbpx_100_100_TT': 1.0, 'A_sbpx_143_143_TT': 1.0, 'A_sbpx_143_217_TT': 1.0, 'A_sbpx_217_217_TT': 1.0, 'ps_A_100_100': 261.3172797018594, 'ps_A_143_143': 45.184588837300346, 'ps_A_143_217': 74.3891135584569, 'ps_A_217_217': 90.99625346772652, 'galf_TE_index': -2.4, 'galf_TE_A_100': 0.01055987069354511, 'galf_TE_A_100_143': 0.07338787290310336, 'galf_TE_A_100_217': 0.38913074421274435, 'galf_TE_A_143': 0.15536924377812245, 'galf_TE_A_143_217': 0.7025664585553559, 'galf_TE_A_217': 1.8755989175547267, 'galf_EE_index': -2.4, 'galf_EE_A_100': 0.055, 'galf_EE_A_100_143': 0.04, 'galf_EE_A_100_217': 0.094, 'galf_EE_A_143': 0.086, 'galf_EE_A_143_217': 0.21, 'galf_EE_A_217': 0.7, 'A_cnoise_e2e_100_100_EE': 1.0, 'A_cnoise_e2e_143_143_EE': 1.0, 'A_cnoise_e2e_217_217_EE': 1.0, 'A_sbpx_100_100_EE': 1.0, 'A_sbpx_100_143_EE': 1.0, 'A_sbpx_100_217_EE': 1.0, 'A_sbpx_143_143_EE': 1.0, 'A_sbpx_143_217_EE': 1.0, 'A_sbpx_217_217_EE': 1.0}
 2026-05-28 02:34:06,166 [classy] Got parameters {'tep_epsilon_T': 0.001, 'tep_z_T': 3.0, 'tep_n_T': 1.0, 'H0': 67.5, 'omega_b': 0.0224, 'omega_cdm': 0.12, 'tau_reio': 0.054, 'A_s': 2.0989031673191437e-09, 'n_s': 0.966}
 2026-05-28 02:34:06,166 [classy] Re-using computed results
 2026-05-28 02:34:06,166 [planck_2018_highl_plik.ttteee] Got parameters {'A_planck': 0.9994023687059791, 'calib_100T': 1.000371484682668, 'calib_217T': 0.9982175414237741, 'A_pol': 1.0, 'calib_100P': 1.021, 'calib_143P': 0.966, 'calib_217P': 1.04, 'cib_index': -1.3, 'A_cib_217': 64.83031394141126, 'xi_sz_cib': 0.08541697886879594, 'A_sz': 7.155233979216799, 'ksz_norm': 1.5438993315415237, 'gal545_A_100': 8.366717679877102, 'gal545_A_143': 9.169092947076937, 'gal545_A_143_217': 21.614220778253973, 'gal545_A_217': 94.78126799350359, 'A_sbpx_100_100_TT': 1.0, 'A_sbpx_143_143_TT': 1.0, 'A_sbpx_143_217_TT': 1.0, 'A_sbpx_217_217_TT': 1.0, 'ps_A_100_100': 261.3172797018594, 'ps_A_143_143': 45.184588837300346, 'ps_A_143_217': 74.3891135584569, 'ps_A_217_217': 90.99625346772652, 'galf_TE_index': -2.4, 'galf_TE_A_100': 0.01055987069354511, 'galf_TE_A_100_143': 0.07338787290310336, 'galf_TE_A_100_217': 0.38913074421274435, 'galf_TE_A_143': 0.15536924377812245, 'galf_TE_A_143_217': 0.7025664585553559, 'galf_TE_A_217': 1.8755989175547267, 'galf_EE_index': -2.4, 'galf_EE_A_100': 0.055, 'galf_EE_A_100_143': 0.04, 'galf_EE_A_100_217': 0.094, 'galf_EE_A_143': 0.086, 'galf_EE_A_143_217': 0.21, 'galf_EE_A_217': 0.7, 'A_cnoise_e2e_100_100_EE': 1.0, 'A_cnoise_e2e_143_143_EE': 1.0, 'A_cnoise_e2e_217_217_EE': 1.0, 'A_sbpx_100_100_EE': 1.0, 'A_sbpx_100_143_EE': 1.0, 'A_sbpx_100_217_EE': 1.0, 'A_sbpx_143_143_EE': 1.0, 'A_sbpx_143_217_EE': 1.0, 'A_sbpx_217_217_EE': 1.0}
 2026-05-28 02:34:06,166 [planck_2018_highl_plik.ttteee] Computing new state
Cl length: 2509
 2026-05-28 02:34:06,173 [planck_2018_highl_plik.ttteee] Computed log-likelihood = -15965541560.63132
 2026-05-28 02:34:06,174 [planck_2018_lowl.tt] Got parameters {'A_planck': 0.9994023687059791}
 2026-05-28 02:34:06,174 [planck_2018_lowl.tt] Computing new state
Cl length: 2509
 2026-05-28 02:34:06,174 [planck_2018_lowl.tt] Computed log-likelihood = -inf
 2026-05-28 02:34:06,174 [planck_2018_lowl.ee] Got parameters {'A_planck': 0.9994023687059791}
 2026-05-28 02:34:06,174 [planck_2018_lowl.ee] Computing new state
Cl length: 2509
 2026-05-28 02:34:06,174 [planck_2018_lowl.ee] Computed log-likelihood = -198.011458551541
 2026-05-28 02:34:06,174 [core.pantheon_cobaya_likelihood.pantheoncobaya] Got parameters {}
 2026-05-28 02:34:06,174 [core.pantheon_cobaya_likelihood.pantheoncobaya] Re-using computed results
 2026-05-28 02:34:06,174 [model] Computed derived parameters: {'A_s': 2.0989031673191437e-09, 'chi2__CMB': inf}
 2026-05-28 02:34:06,174 [prior] Evaluating prior at array([1.00000000e-03, 3.00000000e+00, 6.75000000e+01, 2.24000000e-02,
       1.20000000e-01, 5.40000000e-02, 3.04400000e+00, 9.66000000e-01,
       9.96620269e-01, 1.00100458e+00, 9.96028412e-01, 7.00166898e+01,
       1.02989698e-01, 7.29063988e+00, 7.22569606e+00, 9.56647490e+00,
       9.86576286e+00, 2.81489480e+01, 8.84375349e+01, 2.59948704e+02,
       6.09219748e+01, 2.58787381e+01, 9.68971035e+01, 2.54880104e-01,
       1.27792304e-01, 3.87509076e-01, 3.67128634e-01, 8.85799670e-01,
       1.77714100e+00])
 2026-05-28 02:34:06,174 [prior] Got logpriors (internal) = -25.84366583793207
 2026-05-28 02:34:06,174 [prior] Got logpriors (external) = [-6.916751914989424]
 2026-05-28 02:34:06,174 [model] Posterior to be computed for parameters {'tep_epsilon_T': 0.001, 'tep_z_T': 3.0, 'H0': 67.5, 'omega_b': 0.0224, 'omega_cdm': 0.12, 'tau_reio': 0.054, 'logA': 3.044, 'n_s': 0.966, 'A_planck': 0.9966202693249534, 'calib_100T': 1.0010045767825173, 'calib_217T': 0.996028412208245, 'A_cib_217': 70.01668978852894, 'xi_sz_cib': 0.10298969845596262, 'A_sz': 7.2906398841037765, 'ksz_norm': 7.22569605539598, 'gal545_A_100': 9.566474899778983, 'gal545_A_143': 9.865762858255273, 'gal545_A_143_217': 28.148947991377156, 'gal545_A_217': 88.43753485086134, 'ps_A_100_100': 259.94870381688946, 'ps_A_143_143': 60.921974816148804, 'ps_A_143_217': 25.878738063665985, 'ps_A_217_217': 96.89710346784895, 'galf_TE_A_100': 0.2548801036843628, 'galf_TE_A_100_143': 0.1277923040932892, 'galf_TE_A_100_217': 0.3875090759342449, 'galf_TE_A_143': 0.36712863406268814, 'galf_TE_A_143_217': 0.8857996698171715, 'galf_TE_A_217': 1.7771410006289905}
 2026-05-28 02:34:06,174 [prior] Evaluating prior at array([1.00000000e-03, 3.00000000e+00, 6.75000000e+01, 2.24000000e-02,
       1.20000000e-01, 5.40000000e-02, 3.04400000e+00, 9.66000000e-01,
       9.96620269e-01, 1.00100458e+00, 9.96028412e-01, 7.00166898e+01,
       1.02989698e-01, 7.29063988e+00, 7.22569606e+00, 9.56647490e+00,
       9.86576286e+00, 2.81489480e+01, 8.84375349e+01, 2.59948704e+02,
       6.09219748e+01, 2.58787381e+01, 9.68971035e+01, 2.54880104e-01,
       1.27792304e-01, 3.87509076e-01, 3.67128634e-01, 8.85799670e-01,
       1.77714100e+00])
 2026-05-28 02:34:06,174 [prior] Got logpriors (internal) = -25.84366583793207
 2026-05-28 02:34:06,174 [prior] Got logpriors (external) = [-6.916751914989424]
 2026-05-28 02:34:06,174 [model] Got input parameters: {'tep_epsilon_T': 0.001, 'tep_z_T': 3.0, 'tep_n_T': 1.0, 'H0': 67.5, 'omega_b': 0.0224, 'omega_cdm': 0.12, 'tau_reio': 0.054, 'logA': 3.044, 'A_s': 2.0989031673191437e-09, 'n_s': 0.966, 'A_planck': 0.9966202693249534, 'calib_100T': 1.0010045767825173, 'calib_217T': 0.996028412208245, 'A_pol': 1.0, 'calib_100P': 1.021, 'calib_143P': 0.966, 'calib_217P': 1.04, 'cib_index': -1.3, 'A_cib_217': 70.01668978852894, 'xi_sz_cib': 0.10298969845596262, 'A_sz': 7.2906398841037765, 'ksz_norm': 7.22569605539598, 'gal545_A_100': 9.566474899778983, 'gal545_A_143': 9.865762858255273, 'gal545_A_143_217': 28.148947991377156, 'gal545_A_217': 88.43753485086134, 'A_sbpx_100_100_TT': 1.0, 'A_sbpx_143_143_TT': 1.0, 'A_sbpx_143_217_TT': 1.0, 'A_sbpx_217_217_TT': 1.0, 'ps_A_100_100': 259.94870381688946, 'ps_A_143_143': 60.921974816148804, 'ps_A_143_217': 25.878738063665985, 'ps_A_217_217': 96.89710346784895, 'galf_TE_index': -2.4, 'galf_TE_A_100': 0.2548801036843628, 'galf_TE_A_100_143': 0.1277923040932892, 'galf_TE_A_100_217': 0.3875090759342449, 'galf_TE_A_143': 0.36712863406268814, 'galf_TE_A_143_217': 0.8857996698171715, 'galf_TE_A_217': 1.7771410006289905, 'galf_EE_index': -2.4, 'galf_EE_A_100': 0.055, 'galf_EE_A_100_143': 0.04, 'galf_EE_A_100_217': 0.094, 'galf_EE_A_143': 0.086, 'galf_EE_A_143_217': 0.21, 'galf_EE_A_217': 0.7, 'A_cnoise_e2e_100_100_EE': 1.0, 'A_cnoise_e2e_143_143_EE': 1.0, 'A_cnoise_e2e_217_217_EE': 1.0, 'A_sbpx_100_100_EE': 1.0, 'A_sbpx_100_143_EE': 1.0, 'A_sbpx_100_217_EE': 1.0, 'A_sbpx_143_143_EE': 1.0, 'A_sbpx_143_217_EE': 1.0, 'A_sbpx_217_217_EE': 1.0}
 2026-05-28 02:34:06,174 [classy] Got parameters {'tep_epsilon_T': 0.001, 'tep_z_T': 3.0, 'tep_n_T': 1.0, 'H0': 67.5, 'omega_b': 0.0224, 'omega_cdm': 0.12, 'tau_reio': 0.054, 'A_s': 2.0989031673191437e-09, 'n_s': 0.966}
 2026-05-28 02:34:06,174 [classy] Re-using computed results
 2026-05-28 02:34:06,174 [planck_2018_highl_plik.ttteee] Got parameters {'A_planck': 0.9966202693249534, 'calib_100T': 1.0010045767825173, 'calib_217T': 0.996028412208245, 'A_pol': 1.0, 'calib_100P': 1.021, 'calib_143P': 0.966, 'calib_217P': 1.04, 'cib_index': -1.3, 'A_cib_217': 70.01668978852894, 'xi_sz_cib': 0.10298969845596262, 'A_sz': 7.2906398841037765, 'ksz_norm': 7.22569605539598, 'gal545_A_100': 9.566474899778983, 'gal545_A_143': 9.865762858255273, 'gal545_A_143_217': 28.148947991377156, 'gal545_A_217': 88.43753485086134, 'A_sbpx_100_100_TT': 1.0, 'A_sbpx_143_143_TT': 1.0, 'A_sbpx_143_217_TT': 1.0, 'A_sbpx_217_217_TT': 1.0, 'ps_A_100_100': 259.94870381688946, 'ps_A_143_143': 60.921974816148804, 'ps_A_143_217': 25.878738063665985, 'ps_A_217_217': 96.89710346784895, 'galf_TE_index': -2.4, 'galf_TE_A_100': 0.2548801036843628, 'galf_TE_A_100_143': 0.1277923040932892, 'galf_TE_A_100_217': 0.3875090759342449, 'galf_TE_A_143': 0.36712863406268814, 'galf_TE_A_143_217': 0.8857996698171715, 'galf_TE_A_217': 1.7771410006289905, 'galf_EE_index': -2.4, 'galf_EE_A_100': 0.055, 'galf_EE_A_100_143': 0.04, 'galf_EE_A_100_217': 0.094, 'galf_EE_A_143': 0.086, 'galf_EE_A_143_217': 0.21, 'galf_EE_A_217': 0.7, 'A_cnoise_e2e_100_100_EE': 1.0, 'A_cnoise_e2e_143_143_EE': 1.0, 'A_cnoise_e2e_217_217_EE': 1.0, 'A_sbpx_100_100_EE': 1.0, 'A_sbpx_100_143_EE': 1.0, 'A_sbpx_100_217_EE': 1.0, 'A_sbpx_143_143_EE': 1.0, 'A_sbpx_143_217_EE': 1.0, 'A_sbpx_217_217_EE': 1.0}
 2026-05-28 02:34:06,174 [planck_2018_highl_plik.ttteee] Computing new state
Cl length: 2509
 2026-05-28 02:34:06,180 [planck_2018_highl_plik.ttteee] Computed log-likelihood = -16129170464.019299
 2026-05-28 02:34:06,180 [planck_2018_lowl.tt] Got parameters {'A_planck': 0.9966202693249534}
 2026-05-28 02:34:06,180 [planck_2018_lowl.tt] Computing new state
Cl length: 2509
 2026-05-28 02:34:06,181 [planck_2018_lowl.tt] Computed log-likelihood = -inf
 2026-05-28 02:34:06,181 [planck_2018_lowl.ee] Got parameters {'A_planck': 0.9966202693249534}
 2026-05-28 02:34:06,181 [planck_2018_lowl.ee] Computing new state
Cl length: 2509
 2026-05-28 02:34:06,181 [planck_2018_lowl.ee] Computed log-likelihood = -198.02027428040805
 2026-05-28 02:34:06,181 [core.pantheon_cobaya_likelihood.pantheoncobaya] Got parameters {}
 2026-05-28 02:34:06,181 [core.pantheon_cobaya_likelihood.pantheoncobaya] Re-using computed results
 2026-05-28 02:34:06,181 [model] Computed derived parameters: {'A_s': 2.0989031673191437e-09, 'chi2__CMB': inf}
 2026-05-28 02:34:06,181 [prior] Evaluating prior at array([ 1.00000000e-03,  3.00000000e+00,  6.75000000e+01,  2.24000000e-02,
        1.20000000e-01,  5.40000000e-02,  3.04400000e+00,  9.66000000e-01,
        9.97614640e-01,  9.99895845e-01,  1.00027712e+00,  6.73833412e+01,
        1.22473676e-01,  5.44695220e+00,  5.14004983e-01,  8.62496050e+00,
        7.09421992e+00,  2.43455915e+01,  9.08276781e+01,  1.93842322e+02,
        5.84463119e+01,  3.55464233e+01,  1.15074850e+02,  1.63515119e-01,
       -1.43333469e-02,  5.93679860e-01,  1.92369773e-01,  8.08930073e-01,
        2.02695578e+00])
 2026-05-28 02:34:06,181 [prior] Got logpriors (internal) = -27.78166935338101
 2026-05-28 02:34:06,181 [prior] Got logpriors (external) = [-2.021627008879574]
 2026-05-28 02:34:06,181 [model] Posterior to be computed for parameters {'tep_epsilon_T': 0.001, 'tep_z_T': 3.0, 'H0': 67.5, 'omega_b': 0.0224, 'omega_cdm': 0.12, 'tau_reio': 0.054, 'logA': 3.044, 'n_s': 0.966, 'A_planck': 0.9976146399531313, 'calib_100T': 0.9998958445389021, 'calib_217T': 1.0002771175632956, 'A_cib_217': 67.38334118983198, 'xi_sz_cib': 0.1224736756701414, 'A_sz': 5.446952202195503, 'ksz_norm': 0.51400498274475, 'gal545_A_100': 8.624960497942276, 'gal545_A_143': 7.09421992376901, 'gal545_A_143_217': 24.345591527644316, 'gal545_A_217': 90.8276781323106, 'ps_A_100_100': 193.842322420497, 'ps_A_143_143': 58.44631186563542, 'ps_A_143_217': 35.546423271749205, 'ps_A_217_217': 115.07484996997121, 'galf_TE_A_100': 0.16351511870621485, 'galf_TE_A_100_143': -0.014333346864251223, 'galf_TE_A_100_217': 0.5936798596089741, 'galf_TE_A_143': 0.1923697728764449, 'galf_TE_A_143_217': 0.8089300729808031, 'galf_TE_A_217': 2.0269557823056132}
 2026-05-28 02:34:06,181 [prior] Evaluating prior at array([ 1.00000000e-03,  3.00000000e+00,  6.75000000e+01,  2.24000000e-02,
        1.20000000e-01,  5.40000000e-02,  3.04400000e+00,  9.66000000e-01,
        9.97614640e-01,  9.99895845e-01,  1.00027712e+00,  6.73833412e+01,
        1.22473676e-01,  5.44695220e+00,  5.14004983e-01,  8.62496050e+00,
        7.09421992e+00,  2.43455915e+01,  9.08276781e+01,  1.93842322e+02,
        5.84463119e+01,  3.55464233e+01,  1.15074850e+02,  1.63515119e-01,
       -1.43333469e-02,  5.93679860e-01,  1.92369773e-01,  8.08930073e-01,
        2.02695578e+00])
 2026-05-28 02:34:06,181 [prior] Got logpriors (internal) = -27.78166935338101
 2026-05-28 02:34:06,181 [prior] Got logpriors (external) = [-2.021627008879574]
 2026-05-28 02:34:06,181 [model] Got input parameters: {'tep_epsilon_T': 0.001, 'tep_z_T': 3.0, 'tep_n_T': 1.0, 'H0': 67.5, 'omega_b': 0.0224, 'omega_cdm': 0.12, 'tau_reio': 0.054, 'logA': 3.044, 'A_s': 2.0989031673191437e-09, 'n_s': 0.966, 'A_planck': 0.9976146399531313, 'calib_100T': 0.9998958445389021, 'calib_217T': 1.0002771175632956, 'A_pol': 1.0, 'calib_100P': 1.021, 'calib_143P': 0.966, 'calib_217P': 1.04, 'cib_index': -1.3, 'A_cib_217': 67.38334118983198, 'xi_sz_cib': 0.1224736756701414, 'A_sz': 5.446952202195503, 'ksz_norm': 0.51400498274475, 'gal545_A_100': 8.624960497942276, 'gal545_A_143': 7.09421992376901, 'gal545_A_143_217': 24.345591527644316, 'gal545_A_217': 90.8276781323106, 'A_sbpx_100_100_TT': 1.0, 'A_sbpx_143_143_TT': 1.0, 'A_sbpx_143_217_TT': 1.0, 'A_sbpx_217_217_TT': 1.0, 'ps_A_100_100': 193.842322420497, 'ps_A_143_143': 58.44631186563542, 'ps_A_143_217': 35.546423271749205, 'ps_A_217_217': 115.07484996997121, 'galf_TE_index': -2.4, 'galf_TE_A_100': 0.16351511870621485, 'galf_TE_A_100_143': -0.014333346864251223, 'galf_TE_A_100_217': 0.5936798596089741, 'galf_TE_A_143': 0.1923697728764449, 'galf_TE_A_143_217': 0.8089300729808031, 'galf_TE_A_217': 2.0269557823056132, 'galf_EE_index': -2.4, 'galf_EE_A_100': 0.055, 'galf_EE_A_100_143': 0.04, 'galf_EE_A_100_217': 0.094, 'galf_EE_A_143': 0.086, 'galf_EE_A_143_217': 0.21, 'galf_EE_A_217': 0.7, 'A_cnoise_e2e_100_100_EE': 1.0, 'A_cnoise_e2e_143_143_EE': 1.0, 'A_cnoise_e2e_217_217_EE': 1.0, 'A_sbpx_100_100_EE': 1.0, 'A_sbpx_100_143_EE': 1.0, 'A_sbpx_100_217_EE': 1.0, 'A_sbpx_143_143_EE': 1.0, 'A_sbpx_143_217_EE': 1.0, 'A_sbpx_217_217_EE': 1.0}
 2026-05-28 02:34:06,181 [classy] Got parameters {'tep_epsilon_T': 0.001, 'tep_z_T': 3.0, 'tep_n_T': 1.0, 'H0': 67.5, 'omega_b': 0.0224, 'omega_cdm': 0.12, 'tau_reio': 0.054, 'A_s': 2.0989031673191437e-09, 'n_s': 0.966}
 2026-05-28 02:34:06,181 [classy] Re-using computed results
 2026-05-28 02:34:06,181 [planck_2018_highl_plik.ttteee] Got parameters {'A_planck': 0.9976146399531313, 'calib_100T': 0.9998958445389021, 'calib_217T': 1.0002771175632956, 'A_pol': 1.0, 'calib_100P': 1.021, 'calib_143P': 0.966, 'calib_217P': 1.04, 'cib_index': -1.3, 'A_cib_217': 67.38334118983198, 'xi_sz_cib': 0.1224736756701414, 'A_sz': 5.446952202195503, 'ksz_norm': 0.51400498274475, 'gal545_A_100': 8.624960497942276, 'gal545_A_143': 7.09421992376901, 'gal545_A_143_217': 24.345591527644316, 'gal545_A_217': 90.8276781323106, 'A_sbpx_100_100_TT': 1.0, 'A_sbpx_143_143_TT': 1.0, 'A_sbpx_143_217_TT': 1.0, 'A_sbpx_217_217_TT': 1.0, 'ps_A_100_100': 193.842322420497, 'ps_A_143_143': 58.44631186563542, 'ps_A_143_217': 35.546423271749205, 'ps_A_217_217': 115.07484996997121, 'galf_TE_index': -2.4, 'galf_TE_A_100': 0.16351511870621485, 'galf_TE_A_100_143': -0.014333346864251223, 'galf_TE_A_100_217': 0.5936798596089741, 'galf_TE_A_143': 0.1923697728764449, 'galf_TE_A_143_217': 0.8089300729808031, 'galf_TE_A_217': 2.0269557823056132, 'galf_EE_index': -2.4, 'galf_EE_A_100': 0.055, 'galf_EE_A_100_143': 0.04, 'galf_EE_A_100_217': 0.094, 'galf_EE_A_143': 0.086, 'galf_EE_A_143_217': 0.21, 'galf_EE_A_217': 0.7, 'A_cnoise_e2e_100_100_EE': 1.0, 'A_cnoise_e2e_143_143_EE': 1.0, 'A_cnoise_e2e_217_217_EE': 1.0, 'A_sbpx_100_100_EE': 1.0, 'A_sbpx_100_143_EE': 1.0, 'A_sbpx_100_217_EE': 1.0, 'A_sbpx_143_143_EE': 1.0, 'A_sbpx_143_217_EE': 1.0, 'A_sbpx_217_217_EE': 1.0}
 2026-05-28 02:34:06,182 [planck_2018_highl_plik.ttteee] Computing new state
Cl length: 2509
 2026-05-28 02:34:06,187 [planck_2018_highl_plik.ttteee] Computed log-likelihood = -16092417755.133251
 2026-05-28 02:34:06,187 [planck_2018_lowl.tt] Got parameters {'A_planck': 0.9976146399531313}
 2026-05-28 02:34:06,187 [planck_2018_lowl.tt] Computing new state
Cl length: 2509
 2026-05-28 02:34:06,187 [planck_2018_lowl.tt] Computed log-likelihood = -inf
 2026-05-28 02:34:06,187 [planck_2018_lowl.ee] Got parameters {'A_planck': 0.9976146399531313}
 2026-05-28 02:34:06,187 [planck_2018_lowl.ee] Computing new state
Cl length: 2509
 2026-05-28 02:34:06,187 [planck_2018_lowl.ee] Computed log-likelihood = -198.01297509915298
 2026-05-28 02:34:06,187 [core.pantheon_cobaya_likelihood.pantheoncobaya] Got parameters {}
 2026-05-28 02:34:06,187 [core.pantheon_cobaya_likelihood.pantheoncobaya] Re-using computed results
 2026-05-28 02:34:06,187 [model] Computed derived parameters: {'A_s': 2.0989031673191437e-09, 'chi2__CMB': inf}
 2026-05-28 02:34:06,188 [prior] Evaluating prior at array([1.00000000e-03, 3.00000000e+00, 6.75000000e+01, 2.24000000e-02,
       1.20000000e-01, 5.40000000e-02, 3.04400000e+00, 9.66000000e-01,
       9.99036096e-01, 1.00084764e+00, 9.96168864e-01, 8.62674192e+01,
       1.45972018e-01, 8.26054783e+00, 3.23232106e+00, 5.42432893e+00,
       1.35889619e+01, 2.02295175e+01, 1.04063210e+02, 2.44936544e+02,
       5.06395521e+01, 3.29098532e+01, 1.11137973e+02, 1.68031982e-01,
       2.38671203e-01, 5.13458240e-01, 2.65210806e-01, 7.64250344e-01,
       2.35055333e+00])
 2026-05-28 02:34:06,188 [prior] Got logpriors (internal) = -22.88140519584303
 2026-05-28 02:34:06,188 [prior] Got logpriors (external) = [-4.700403445888698]
 2026-05-28 02:34:06,188 [model] Posterior to be computed for parameters {'tep_epsilon_T': 0.001, 'tep_z_T': 3.0, 'H0': 67.5, 'omega_b': 0.0224, 'omega_cdm': 0.12, 'tau_reio': 0.054, 'logA': 3.044, 'n_s': 0.966, 'A_planck': 0.9990360964722566, 'calib_100T': 1.0008476422457682, 'calib_217T': 0.9961688638284081, 'A_cib_217': 86.26741923035569, 'xi_sz_cib': 0.14597201821848624, 'A_sz': 8.26054783331039, 'ksz_norm': 3.2323210629936456, 'gal545_A_100': 5.424328930916824, 'gal545_A_143': 13.58896187752621, 'gal545_A_143_217': 20.229517530530178, 'gal545_A_217': 104.06320982507803, 'ps_A_100_100': 244.93654412552982, 'ps_A_143_143': 50.639552120597685, 'ps_A_143_217': 32.90985319930133, 'ps_A_217_217': 111.13797299848348, 'galf_TE_A_100': 0.16803198223286162, 'galf_TE_A_100_143': 0.2386712028801208, 'galf_TE_A_100_217': 0.5134582397562804, 'galf_TE_A_143': 0.2652108063113242, 'galf_TE_A_143_217': 0.7642503443467289, 'galf_TE_A_217': 2.3505533313731015}
 2026-05-28 02:34:06,188 [prior] Evaluating prior at array([1.00000000e-03, 3.00000000e+00, 6.75000000e+01, 2.24000000e-02,
       1.20000000e-01, 5.40000000e-02, 3.04400000e+00, 9.66000000e-01,
       9.99036096e-01, 1.00084764e+00, 9.96168864e-01, 8.62674192e+01,
       1.45972018e-01, 8.26054783e+00, 3.23232106e+00, 5.42432893e+00,
       1.35889619e+01, 2.02295175e+01, 1.04063210e+02, 2.44936544e+02,
       5.06395521e+01, 3.29098532e+01, 1.11137973e+02, 1.68031982e-01,
       2.38671203e-01, 5.13458240e-01, 2.65210806e-01, 7.64250344e-01,
       2.35055333e+00])
 2026-05-28 02:34:06,188 [prior] Got logpriors (internal) = -22.88140519584303
 2026-05-28 02:34:06,188 [prior] Got logpriors (external) = [-4.700403445888698]
 2026-05-28 02:34:06,188 [model] Got input parameters: {'tep_epsilon_T': 0.001, 'tep_z_T': 3.0, 'tep_n_T': 1.0, 'H0': 67.5, 'omega_b': 0.0224, 'omega_cdm': 0.12, 'tau_reio': 0.054, 'logA': 3.044, 'A_s': 2.0989031673191437e-09, 'n_s': 0.966, 'A_planck': 0.9990360964722566, 'calib_100T': 1.0008476422457682, 'calib_217T': 0.9961688638284081, 'A_pol': 1.0, 'calib_100P': 1.021, 'calib_143P': 0.966, 'calib_217P': 1.04, 'cib_index': -1.3, 'A_cib_217': 86.26741923035569, 'xi_sz_cib': 0.14597201821848624, 'A_sz': 8.26054783331039, 'ksz_norm': 3.2323210629936456, 'gal545_A_100': 5.424328930916824, 'gal545_A_143': 13.58896187752621, 'gal545_A_143_217': 20.229517530530178, 'gal545_A_217': 104.06320982507803, 'A_sbpx_100_100_TT': 1.0, 'A_sbpx_143_143_TT': 1.0, 'A_sbpx_143_217_TT': 1.0, 'A_sbpx_217_217_TT': 1.0, 'ps_A_100_100': 244.93654412552982, 'ps_A_143_143': 50.639552120597685, 'ps_A_143_217': 32.90985319930133, 'ps_A_217_217': 111.13797299848348, 'galf_TE_index': -2.4, 'galf_TE_A_100': 0.16803198223286162, 'galf_TE_A_100_143': 0.2386712028801208, 'galf_TE_A_100_217': 0.5134582397562804, 'galf_TE_A_143': 0.2652108063113242, 'galf_TE_A_143_217': 0.7642503443467289, 'galf_TE_A_217': 2.3505533313731015, 'galf_EE_index': -2.4, 'galf_EE_A_100': 0.055, 'galf_EE_A_100_143': 0.04, 'galf_EE_A_100_217': 0.094, 'galf_EE_A_143': 0.086, 'galf_EE_A_143_217': 0.21, 'galf_EE_A_217': 0.7, 'A_cnoise_e2e_100_100_EE': 1.0, 'A_cnoise_e2e_143_143_EE': 1.0, 'A_cnoise_e2e_217_217_EE': 1.0, 'A_sbpx_100_100_EE': 1.0, 'A_sbpx_100_143_EE': 1.0, 'A_sbpx_100_217_EE': 1.0, 'A_sbpx_143_143_EE': 1.0, 'A_sbpx_143_217_EE': 1.0, 'A_sbpx_217_217_EE': 1.0}
 2026-05-28 02:34:06,188 [classy] Got parameters {'tep_epsilon_T': 0.001, 'tep_z_T': 3.0, 'tep_n_T': 1.0, 'H0': 67.5, 'omega_b': 0.0224, 'omega_cdm': 0.12, 'tau_reio': 0.054, 'A_s': 2.0989031673191437e-09, 'n_s': 0.966}
 2026-05-28 02:34:06,188 [classy] Re-using computed results
 2026-05-28 02:34:06,188 [planck_2018_highl_plik.ttteee] Got parameters {'A_planck': 0.9990360964722566, 'calib_100T': 1.0008476422457682, 'calib_217T': 0.9961688638284081, 'A_pol': 1.0, 'calib_100P': 1.021, 'calib_143P': 0.966, 'calib_217P': 1.04, 'cib_index': -1.3, 'A_cib_217': 86.26741923035569, 'xi_sz_cib': 0.14597201821848624, 'A_sz': 8.26054783331039, 'ksz_norm': 3.2323210629936456, 'gal545_A_100': 5.424328930916824, 'gal545_A_143': 13.58896187752621, 'gal545_A_143_217': 20.229517530530178, 'gal545_A_217': 104.06320982507803, 'A_sbpx_100_100_TT': 1.0, 'A_sbpx_143_143_TT': 1.0, 'A_sbpx_143_217_TT': 1.0, 'A_sbpx_217_217_TT': 1.0, 'ps_A_100_100': 244.93654412552982, 'ps_A_143_143': 50.639552120597685, 'ps_A_143_217': 32.90985319930133, 'ps_A_217_217': 111.13797299848348, 'galf_TE_index': -2.4, 'galf_TE_A_100': 0.16803198223286162, 'galf_TE_A_100_143': 0.2386712028801208, 'galf_TE_A_100_217': 0.5134582397562804, 'galf_TE_A_143': 0.2652108063113242, 'galf_TE_A_143_217': 0.7642503443467289, 'galf_TE_A_217': 2.3505533313731015, 'galf_EE_index': -2.4, 'galf_EE_A_100': 0.055, 'galf_EE_A_100_143': 0.04, 'galf_EE_A_100_217': 0.094, 'galf_EE_A_143': 0.086, 'galf_EE_A_143_217': 0.21, 'galf_EE_A_217': 0.7, 'A_cnoise_e2e_100_100_EE': 1.0, 'A_cnoise_e2e_143_143_EE': 1.0, 'A_cnoise_e2e_217_217_EE': 1.0, 'A_sbpx_100_100_EE': 1.0, 'A_sbpx_100_143_EE': 1.0, 'A_sbpx_100_217_EE': 1.0, 'A_sbpx_143_143_EE': 1.0, 'A_sbpx_143_217_EE': 1.0, 'A_sbpx_217_217_EE': 1.0}
 2026-05-28 02:34:06,188 [planck_2018_highl_plik.ttteee] Computing new state
Cl length: 2509
 2026-05-28 02:34:06,194 [planck_2018_highl_plik.ttteee] Computed log-likelihood = -15977458850.654041
 2026-05-28 02:34:06,194 [planck_2018_lowl.tt] Got parameters {'A_planck': 0.9990360964722566}
 2026-05-28 02:34:06,194 [planck_2018_lowl.tt] Computing new state
Cl length: 2509
 2026-05-28 02:34:06,194 [planck_2018_lowl.tt] Computed log-likelihood = -inf
 2026-05-28 02:34:06,194 [planck_2018_lowl.ee] Got parameters {'A_planck': 0.9990360964722566}
 2026-05-28 02:34:06,194 [planck_2018_lowl.ee] Computing new state
Cl length: 2509
 2026-05-28 02:34:06,194 [planck_2018_lowl.ee] Computed log-likelihood = -198.01921972027924
 2026-05-28 02:34:06,194 [core.pantheon_cobaya_likelihood.pantheoncobaya] Got parameters {}
 2026-05-28 02:34:06,194 [core.pantheon_cobaya_likelihood.pantheoncobaya] Re-using computed results
 2026-05-28 02:34:06,194 [model] Computed derived parameters: {'A_s': 2.0989031673191437e-09, 'chi2__CMB': inf}
 2026-05-28 02:34:06,195 [prior] Evaluating prior at array([ 1.00000000e-03,  3.00000000e+00,  6.75000000e+01,  2.24000000e-02,
        1.20000000e-01,  5.40000000e-02,  3.04400000e+00,  9.66000000e-01,
        1.00176966e+00,  1.00142699e+00,  9.99393612e-01,  6.25726999e+01,
        6.92277905e-02,  8.42653064e+00,  1.42076406e+00,  6.14018961e+00,
        1.08202161e+01,  1.19940862e+01,  7.67150293e+01,  2.44109118e+02,
        5.62968639e+01,  3.93648793e+01,  1.01789033e+02, -2.88092944e-02,
       -5.47713850e-02,  4.17704837e-01,  3.92983991e-01,  6.28787055e-01,
        2.01224336e+00])
 2026-05-28 02:34:06,195 [prior] Got logpriors (internal) = -39.35102954264616
 2026-05-28 02:34:06,195 [prior] Got logpriors (external) = [-3.6394792468084223]
 2026-05-28 02:34:06,195 [model] Posterior to be computed for parameters {'tep_epsilon_T': 0.001, 'tep_z_T': 3.0, 'H0': 67.5, 'omega_b': 0.0224, 'omega_cdm': 0.12, 'tau_reio': 0.054, 'logA': 3.044, 'n_s': 0.966, 'A_planck': 1.001769655203999, 'calib_100T': 1.0014269881923243, 'calib_217T': 0.9993936115371486, 'A_cib_217': 62.57269986281199, 'xi_sz_cib': 0.0692277904612833, 'A_sz': 8.42653063906667, 'ksz_norm': 1.420764063134273, 'gal545_A_100': 6.14018960777337, 'gal545_A_143': 10.820216103560925, 'gal545_A_143_217': 11.994086175367995, 'gal545_A_217': 76.71502927035941, 'ps_A_100_100': 244.10911767227367, 'ps_A_143_143': 56.296863943987205, 'ps_A_143_217': 39.36487933892493, 'ps_A_217_217': 101.78903253645719, 'galf_TE_A_100': -0.02880929443252106, 'galf_TE_A_100_143': -0.05477138496180134, 'galf_TE_A_100_217': 0.41770483724193125, 'galf_TE_A_143': 0.3929839906691831, 'galf_TE_A_143_217': 0.6287870553244075, 'galf_TE_A_217': 2.0122433635051813}
 2026-05-28 02:34:06,195 [prior] Evaluating prior at array([ 1.00000000e-03,  3.00000000e+00,  6.75000000e+01,  2.24000000e-02,
        1.20000000e-01,  5.40000000e-02,  3.04400000e+00,  9.66000000e-01,
        1.00176966e+00,  1.00142699e+00,  9.99393612e-01,  6.25726999e+01,
        6.92277905e-02,  8.42653064e+00,  1.42076406e+00,  6.14018961e+00,
        1.08202161e+01,  1.19940862e+01,  7.67150293e+01,  2.44109118e+02,
        5.62968639e+01,  3.93648793e+01,  1.01789033e+02, -2.88092944e-02,
       -5.47713850e-02,  4.17704837e-01,  3.92983991e-01,  6.28787055e-01,
        2.01224336e+00])
 2026-05-28 02:34:06,195 [prior] Got logpriors (internal) = -39.35102954264616
 2026-05-28 02:34:06,195 [prior] Got logpriors (external) = [-3.6394792468084223]
 2026-05-28 02:34:06,195 [model] Got input parameters: {'tep_epsilon_T': 0.001, 'tep_z_T': 3.0, 'tep_n_T': 1.0, 'H0': 67.5, 'omega_b': 0.0224, 'omega_cdm': 0.12, 'tau_reio': 0.054, 'logA': 3.044, 'A_s': 2.0989031673191437e-09, 'n_s': 0.966, 'A_planck': 1.001769655203999, 'calib_100T': 1.0014269881923243, 'calib_217T': 0.9993936115371486, 'A_pol': 1.0, 'calib_100P': 1.021, 'calib_143P': 0.966, 'calib_217P': 1.04, 'cib_index': -1.3, 'A_cib_217': 62.57269986281199, 'xi_sz_cib': 0.0692277904612833, 'A_sz': 8.42653063906667, 'ksz_norm': 1.420764063134273, 'gal545_A_100': 6.14018960777337, 'gal545_A_143': 10.820216103560925, 'gal545_A_143_217': 11.994086175367995, 'gal545_A_217': 76.71502927035941, 'A_sbpx_100_100_TT': 1.0, 'A_sbpx_143_143_TT': 1.0, 'A_sbpx_143_217_TT': 1.0, 'A_sbpx_217_217_TT': 1.0, 'ps_A_100_100': 244.10911767227367, 'ps_A_143_143': 56.296863943987205, 'ps_A_143_217': 39.36487933892493, 'ps_A_217_217': 101.78903253645719, 'galf_TE_index': -2.4, 'galf_TE_A_100': -0.02880929443252106, 'galf_TE_A_100_143': -0.05477138496180134, 'galf_TE_A_100_217': 0.41770483724193125, 'galf_TE_A_143': 0.3929839906691831, 'galf_TE_A_143_217': 0.6287870553244075, 'galf_TE_A_217': 2.0122433635051813, 'galf_EE_index': -2.4, 'galf_EE_A_100': 0.055, 'galf_EE_A_100_143': 0.04, 'galf_EE_A_100_217': 0.094, 'galf_EE_A_143': 0.086, 'galf_EE_A_143_217': 0.21, 'galf_EE_A_217': 0.7, 'A_cnoise_e2e_100_100_EE': 1.0, 'A_cnoise_e2e_143_143_EE': 1.0, 'A_cnoise_e2e_217_217_EE': 1.0, 'A_sbpx_100_100_EE': 1.0, 'A_sbpx_100_143_EE': 1.0, 'A_sbpx_100_217_EE': 1.0, 'A_sbpx_143_143_EE': 1.0, 'A_sbpx_143_217_EE': 1.0, 'A_sbpx_217_217_EE': 1.0}
 2026-05-28 02:34:06,195 [classy] Got parameters {'tep_epsilon_T': 0.001, 'tep_z_T': 3.0, 'tep_n_T': 1.0, 'H0': 67.5, 'omega_b': 0.0224, 'omega_cdm': 0.12, 'tau_reio': 0.054, 'A_s': 2.0989031673191437e-09, 'n_s': 0.966}
 2026-05-28 02:34:06,195 [classy] Re-using computed results
 2026-05-28 02:34:06,195 [planck_2018_highl_plik.ttteee] Got parameters {'A_planck': 1.001769655203999, 'calib_100T': 1.0014269881923243, 'calib_217T': 0.9993936115371486, 'A_pol': 1.0, 'calib_100P': 1.021, 'calib_143P': 0.966, 'calib_217P': 1.04, 'cib_index': -1.3, 'A_cib_217': 62.57269986281199, 'xi_sz_cib': 0.0692277904612833, 'A_sz': 8.42653063906667, 'ksz_norm': 1.420764063134273, 'gal545_A_100': 6.14018960777337, 'gal545_A_143': 10.820216103560925, 'gal545_A_143_217': 11.994086175367995, 'gal545_A_217': 76.71502927035941, 'A_sbpx_100_100_TT': 1.0, 'A_sbpx_143_143_TT': 1.0, 'A_sbpx_143_217_TT': 1.0, 'A_sbpx_217_217_TT': 1.0, 'ps_A_100_100': 244.10911767227367, 'ps_A_143_143': 56.296863943987205, 'ps_A_143_217': 39.36487933892493, 'ps_A_217_217': 101.78903253645719, 'galf_TE_index': -2.4, 'galf_TE_A_100': -0.02880929443252106, 'galf_TE_A_100_143': -0.05477138496180134, 'galf_TE_A_100_217': 0.41770483724193125, 'galf_TE_A_143': 0.3929839906691831, 'galf_TE_A_143_217': 0.6287870553244075, 'galf_TE_A_217': 2.0122433635051813, 'galf_EE_index': -2.4, 'galf_EE_A_100': 0.055, 'galf_EE_A_100_143': 0.04, 'galf_EE_A_100_217': 0.094, 'galf_EE_A_143': 0.086, 'galf_EE_A_143_217': 0.21, 'galf_EE_A_217': 0.7, 'A_cnoise_e2e_100_100_EE': 1.0, 'A_cnoise_e2e_143_143_EE': 1.0, 'A_cnoise_e2e_217_217_EE': 1.0, 'A_sbpx_100_100_EE': 1.0, 'A_sbpx_100_143_EE': 1.0, 'A_sbpx_100_217_EE': 1.0, 'A_sbpx_143_143_EE': 1.0, 'A_sbpx_143_217_EE': 1.0, 'A_sbpx_217_217_EE': 1.0}
 2026-05-28 02:34:06,195 [planck_2018_highl_plik.ttteee] Computing new state
Cl length: 2509
 2026-05-28 02:34:06,200 [planck_2018_highl_plik.ttteee] Computed log-likelihood = -15789449619.08483
 2026-05-28 02:34:06,200 [planck_2018_lowl.tt] Got parameters {'A_planck': 1.001769655203999}
 2026-05-28 02:34:06,200 [planck_2018_lowl.tt] Computing new state
Cl length: 2509
 2026-05-28 02:34:06,200 [planck_2018_lowl.tt] Computed log-likelihood = -inf
 2026-05-28 02:34:06,200 [planck_2018_lowl.ee] Got parameters {'A_planck': 1.001769655203999}
 2026-05-28 02:34:06,200 [planck_2018_lowl.ee] Computing new state
Cl length: 2509
 2026-05-28 02:34:06,200 [planck_2018_lowl.ee] Computed log-likelihood = -198.00586542988162
 2026-05-28 02:34:06,200 [core.pantheon_cobaya_likelihood.pantheoncobaya] Got parameters {}
 2026-05-28 02:34:06,200 [core.pantheon_cobaya_likelihood.pantheoncobaya] Re-using computed results
 2026-05-28 02:34:06,200 [model] Computed derived parameters: {'A_s': 2.0989031673191437e-09, 'chi2__CMB': inf}
 2026-05-28 02:34:06,201 [prior] Evaluating prior at array([1.00000000e-03, 3.00000000e+00, 6.75000000e+01, 2.24000000e-02,
       1.20000000e-01, 5.40000000e-02, 3.04400000e+00, 9.66000000e-01,
       1.00333602e+00, 9.99902217e-01, 9.97072203e-01, 7.22051105e+01,
       1.00740340e-01, 1.35979346e+00, 5.29459448e-01, 5.89090993e+00,
       7.77651943e+00, 1.82277542e+01, 7.94836429e+01, 2.19525311e+02,
       5.87491431e+01, 3.54997504e+01, 8.44325417e+01, 2.52858288e-01,
       2.27707238e-01, 5.85437549e-01, 2.38036362e-01, 7.37159309e-01,
       1.81312911e+00])
 2026-05-28 02:34:06,201 [prior] Got logpriors (internal) = -23.05449545389122
 2026-05-28 02:34:06,201 [prior] Got logpriors (external) = [-4.582565938572504]
 2026-05-28 02:34:06,201 [model] Posterior to be computed for parameters {'tep_epsilon_T': 0.001, 'tep_z_T': 3.0, 'H0': 67.5, 'omega_b': 0.0224, 'omega_cdm': 0.12, 'tau_reio': 0.054, 'logA': 3.044, 'n_s': 0.966, 'A_planck': 1.0033360202246007, 'calib_100T': 0.9999022169787122, 'calib_217T': 0.9970722025067594, 'A_cib_217': 72.20511053195594, 'xi_sz_cib': 0.10074033979866547, 'A_sz': 1.3597934608909377, 'ksz_norm': 0.529459448302412, 'gal545_A_100': 5.890909929286128, 'gal545_A_143': 7.776519433048512, 'gal545_A_143_217': 18.22775420902026, 'gal545_A_217': 79.48364288096613, 'ps_A_100_100': 219.52531124300836, 'ps_A_143_143': 58.7491431454689, 'ps_A_143_217': 35.499750437796315, 'ps_A_217_217': 84.43254170190968, 'galf_TE_A_100': 0.2528582882849657, 'galf_TE_A_100_143': 0.22770723762994927, 'galf_TE_A_100_217': 0.5854375489673841, 'galf_TE_A_143': 0.23803636195481637, 'galf_TE_A_143_217': 0.7371593089036261, 'galf_TE_A_217': 1.8131291072551474}
 2026-05-28 02:34:06,201 [prior] Evaluating prior at array([1.00000000e-03, 3.00000000e+00, 6.75000000e+01, 2.24000000e-02,
       1.20000000e-01, 5.40000000e-02, 3.04400000e+00, 9.66000000e-01,
       1.00333602e+00, 9.99902217e-01, 9.97072203e-01, 7.22051105e+01,
       1.00740340e-01, 1.35979346e+00, 5.29459448e-01, 5.89090993e+00,
       7.77651943e+00, 1.82277542e+01, 7.94836429e+01, 2.19525311e+02,
       5.87491431e+01, 3.54997504e+01, 8.44325417e+01, 2.52858288e-01,
       2.27707238e-01, 5.85437549e-01, 2.38036362e-01, 7.37159309e-01,
       1.81312911e+00])
 2026-05-28 02:34:06,201 [prior] Got logpriors (internal) = -23.05449545389122
 2026-05-28 02:34:06,201 [prior] Got logpriors (external) = [-4.582565938572504]
 2026-05-28 02:34:06,201 [model] Got input parameters: {'tep_epsilon_T': 0.001, 'tep_z_T': 3.0, 'tep_n_T': 1.0, 'H0': 67.5, 'omega_b': 0.0224, 'omega_cdm': 0.12, 'tau_reio': 0.054, 'logA': 3.044, 'A_s': 2.0989031673191437e-09, 'n_s': 0.966, 'A_planck': 1.0033360202246007, 'calib_100T': 0.9999022169787122, 'calib_217T': 0.9970722025067594, 'A_pol': 1.0, 'calib_100P': 1.021, 'calib_143P': 0.966, 'calib_217P': 1.04, 'cib_index': -1.3, 'A_cib_217': 72.20511053195594, 'xi_sz_cib': 0.10074033979866547, 'A_sz': 1.3597934608909377, 'ksz_norm': 0.529459448302412, 'gal545_A_100': 5.890909929286128, 'gal545_A_143': 7.776519433048512, 'gal545_A_143_217': 18.22775420902026, 'gal545_A_217': 79.48364288096613, 'A_sbpx_100_100_TT': 1.0, 'A_sbpx_143_143_TT': 1.0, 'A_sbpx_143_217_TT': 1.0, 'A_sbpx_217_217_TT': 1.0, 'ps_A_100_100': 219.52531124300836, 'ps_A_143_143': 58.7491431454689, 'ps_A_143_217': 35.499750437796315, 'ps_A_217_217': 84.43254170190968, 'galf_TE_index': -2.4, 'galf_TE_A_100': 0.2528582882849657, 'galf_TE_A_100_143': 0.22770723762994927, 'galf_TE_A_100_217': 0.5854375489673841, 'galf_TE_A_143': 0.23803636195481637, 'galf_TE_A_143_217': 0.7371593089036261, 'galf_TE_A_217': 1.8131291072551474, 'galf_EE_index': -2.4, 'galf_EE_A_100': 0.055, 'galf_EE_A_100_143': 0.04, 'galf_EE_A_100_217': 0.094, 'galf_EE_A_143': 0.086, 'galf_EE_A_143_217': 0.21, 'galf_EE_A_217': 0.7, 'A_cnoise_e2e_100_100_EE': 1.0, 'A_cnoise_e2e_143_143_EE': 1.0, 'A_cnoise_e2e_217_217_EE': 1.0, 'A_sbpx_100_100_EE': 1.0, 'A_sbpx_100_143_EE': 1.0, 'A_sbpx_100_217_EE': 1.0, 'A_sbpx_143_143_EE': 1.0, 'A_sbpx_143_217_EE': 1.0, 'A_sbpx_217_217_EE': 1.0}
 2026-05-28 02:34:06,201 [classy] Got parameters {'tep_epsilon_T': 0.001, 'tep_z_T': 3.0, 'tep_n_T': 1.0, 'H0': 67.5, 'omega_b': 0.0224, 'omega_cdm': 0.12, 'tau_reio': 0.054, 'A_s': 2.0989031673191437e-09, 'n_s': 0.966}
 2026-05-28 02:34:06,201 [classy] Re-using computed results
 2026-05-28 02:34:06,201 [planck_2018_highl_plik.ttteee] Got parameters {'A_planck': 1.0033360202246007, 'calib_100T': 0.9999022169787122, 'calib_217T': 0.9970722025067594, 'A_pol': 1.0, 'calib_100P': 1.021, 'calib_143P': 0.966, 'calib_217P': 1.04, 'cib_index': -1.3, 'A_cib_217': 72.20511053195594, 'xi_sz_cib': 0.10074033979866547, 'A_sz': 1.3597934608909377, 'ksz_norm': 0.529459448302412, 'gal545_A_100': 5.890909929286128, 'gal545_A_143': 7.776519433048512, 'gal545_A_143_217': 18.22775420902026, 'gal545_A_217': 79.48364288096613, 'A_sbpx_100_100_TT': 1.0, 'A_sbpx_143_143_TT': 1.0, 'A_sbpx_143_217_TT': 1.0, 'A_sbpx_217_217_TT': 1.0, 'ps_A_100_100': 219.52531124300836, 'ps_A_143_143': 58.7491431454689, 'ps_A_143_217': 35.499750437796315, 'ps_A_217_217': 84.43254170190968, 'galf_TE_index': -2.4, 'galf_TE_A_100': 0.2528582882849657, 'galf_TE_A_100_143': 0.22770723762994927, 'galf_TE_A_100_217': 0.5854375489673841, 'galf_TE_A_143': 0.23803636195481637, 'galf_TE_A_143_217': 0.7371593089036261, 'galf_TE_A_217': 1.8131291072551474, 'galf_EE_index': -2.4, 'galf_EE_A_100': 0.055, 'galf_EE_A_100_143': 0.04, 'galf_EE_A_100_217': 0.094, 'galf_EE_A_143': 0.086, 'galf_EE_A_143_217': 0.21, 'galf_EE_A_217': 0.7, 'A_cnoise_e2e_100_100_EE': 1.0, 'A_cnoise_e2e_143_143_EE': 1.0, 'A_cnoise_e2e_217_217_EE': 1.0, 'A_sbpx_100_100_EE': 1.0, 'A_sbpx_100_143_EE': 1.0, 'A_sbpx_100_217_EE': 1.0, 'A_sbpx_143_143_EE': 1.0, 'A_sbpx_143_217_EE': 1.0, 'A_sbpx_217_217_EE': 1.0}
 2026-05-28 02:34:06,201 [planck_2018_highl_plik.ttteee] Computing new state
Cl length: 2509
 2026-05-28 02:34:06,207 [planck_2018_highl_plik.ttteee] Computed log-likelihood = -15727726767.659494
 2026-05-28 02:34:06,207 [planck_2018_lowl.tt] Got parameters {'A_planck': 1.0033360202246007}
 2026-05-28 02:34:06,207 [planck_2018_lowl.tt] Computing new state
Cl length: 2509
 2026-05-28 02:34:06,207 [planck_2018_lowl.tt] Computed log-likelihood = -inf
 2026-05-28 02:34:06,207 [planck_2018_lowl.ee] Got parameters {'A_planck': 1.0033360202246007}
 2026-05-28 02:34:06,207 [planck_2018_lowl.ee] Computing new state
Cl length: 2509
 2026-05-28 02:34:06,207 [planck_2018_lowl.ee] Computed log-likelihood = -198.01932346981192
 2026-05-28 02:34:06,207 [core.pantheon_cobaya_likelihood.pantheoncobaya] Got parameters {}
 2026-05-28 02:34:06,207 [core.pantheon_cobaya_likelihood.pantheoncobaya] Re-using computed results
 2026-05-28 02:34:06,207 [model] Computed derived parameters: {'A_s': 2.0989031673191437e-09, 'chi2__CMB': inf}
 2026-05-28 02:34:06,207 [prior] Evaluating prior at array([1.00000000e-03, 3.00000000e+00, 6.75000000e+01, 2.24000000e-02,
       1.20000000e-01, 5.40000000e-02, 3.04400000e+00, 9.66000000e-01,
       9.99770638e-01, 9.99789912e-01, 9.99194454e-01, 8.50237145e+01,
       8.92256766e-02, 6.07517648e+00, 3.05209655e-01, 3.05575387e+00,
       5.56182656e+00, 2.10008804e+01, 1.00938246e+02, 2.49580159e+02,
       5.21244059e+01, 2.90378827e+01, 1.24725999e+02, 1.06576795e-01,
       2.80866737e-01, 3.52608907e-01, 2.19095196e-01, 5.60519220e-01,
       2.38490734e+00])
 2026-05-28 02:34:06,207 [prior] Got logpriors (internal) = -29.379977465004963
 2026-05-28 02:34:06,207 [prior] Got logpriors (external) = [-2.03289203679604]
 2026-05-28 02:34:06,207 [model] Posterior to be computed for parameters {'tep_epsilon_T': 0.001, 'tep_z_T': 3.0, 'H0': 67.5, 'omega_b': 0.0224, 'omega_cdm': 0.12, 'tau_reio': 0.054, 'logA': 3.044, 'n_s': 0.966, 'A_planck': 0.9997706383836701, 'calib_100T': 0.9997899121766606, 'calib_217T': 0.9991944537175493, 'A_cib_217': 85.02371452094633, 'xi_sz_cib': 0.0892256766374214, 'A_sz': 6.075176481288689, 'ksz_norm': 0.30520965520456034, 'gal545_A_100': 3.0557538713745718, 'gal545_A_143': 5.5618265557219635, 'gal545_A_143_217': 21.000880447998075, 'gal545_A_217': 100.93824593096105, 'ps_A_100_100': 249.58015853537367, 'ps_A_143_143': 52.12440586729351, 'ps_A_143_217': 29.037882685279605, 'ps_A_217_217': 124.72599873834467, 'galf_TE_A_100': 0.10657679454445379, 'galf_TE_A_100_143': 0.28086673693086006, 'galf_TE_A_100_217': 0.35260890710969295, 'galf_TE_A_143': 0.21909519599083507, 'galf_TE_A_143_217': 0.5605192204690873, 'galf_TE_A_217': 2.384907343317277}
 2026-05-28 02:34:06,207 [prior] Evaluating prior at array([1.00000000e-03, 3.00000000e+00, 6.75000000e+01, 2.24000000e-02,
       1.20000000e-01, 5.40000000e-02, 3.04400000e+00, 9.66000000e-01,
       9.99770638e-01, 9.99789912e-01, 9.99194454e-01, 8.50237145e+01,
       8.92256766e-02, 6.07517648e+00, 3.05209655e-01, 3.05575387e+00,
       5.56182656e+00, 2.10008804e+01, 1.00938246e+02, 2.49580159e+02,
       5.21244059e+01, 2.90378827e+01, 1.24725999e+02, 1.06576795e-01,
       2.80866737e-01, 3.52608907e-01, 2.19095196e-01, 5.60519220e-01,
       2.38490734e+00])
 2026-05-28 02:34:06,207 [prior] Got logpriors (internal) = -29.379977465004963
 2026-05-28 02:34:06,207 [prior] Got logpriors (external) = [-2.03289203679604]
 2026-05-28 02:34:06,207 [model] Got input parameters: {'tep_epsilon_T': 0.001, 'tep_z_T': 3.0, 'tep_n_T': 1.0, 'H0': 67.5, 'omega_b': 0.0224, 'omega_cdm': 0.12, 'tau_reio': 0.054, 'logA': 3.044, 'A_s': 2.0989031673191437e-09, 'n_s': 0.966, 'A_planck': 0.9997706383836701, 'calib_100T': 0.9997899121766606, 'calib_217T': 0.9991944537175493, 'A_pol': 1.0, 'calib_100P': 1.021, 'calib_143P': 0.966, 'calib_217P': 1.04, 'cib_index': -1.3, 'A_cib_217': 85.02371452094633, 'xi_sz_cib': 0.0892256766374214, 'A_sz': 6.075176481288689, 'ksz_norm': 0.30520965520456034, 'gal545_A_100': 3.0557538713745718, 'gal545_A_143': 5.5618265557219635, 'gal545_A_143_217': 21.000880447998075, 'gal545_A_217': 100.93824593096105, 'A_sbpx_100_100_TT': 1.0, 'A_sbpx_143_143_TT': 1.0, 'A_sbpx_143_217_TT': 1.0, 'A_sbpx_217_217_TT': 1.0, 'ps_A_100_100': 249.58015853537367, 'ps_A_143_143': 52.12440586729351, 'ps_A_143_217': 29.037882685279605, 'ps_A_217_217': 124.72599873834467, 'galf_TE_index': -2.4, 'galf_TE_A_100': 0.10657679454445379, 'galf_TE_A_100_143': 0.28086673693086006, 'galf_TE_A_100_217': 0.35260890710969295, 'galf_TE_A_143': 0.21909519599083507, 'galf_TE_A_143_217': 0.5605192204690873, 'galf_TE_A_217': 2.384907343317277, 'galf_EE_index': -2.4, 'galf_EE_A_100': 0.055, 'galf_EE_A_100_143': 0.04, 'galf_EE_A_100_217': 0.094, 'galf_EE_A_143': 0.086, 'galf_EE_A_143_217': 0.21, 'galf_EE_A_217': 0.7, 'A_cnoise_e2e_100_100_EE': 1.0, 'A_cnoise_e2e_143_143_EE': 1.0, 'A_cnoise_e2e_217_217_EE': 1.0, 'A_sbpx_100_100_EE': 1.0, 'A_sbpx_100_143_EE': 1.0, 'A_sbpx_100_217_EE': 1.0, 'A_sbpx_143_143_EE': 1.0, 'A_sbpx_143_217_EE': 1.0, 'A_sbpx_217_217_EE': 1.0}
 2026-05-28 02:34:06,208 [classy] Got parameters {'tep_epsilon_T': 0.001, 'tep_z_T': 3.0, 'tep_n_T': 1.0, 'H0': 67.5, 'omega_b': 0.0224, 'omega_cdm': 0.12, 'tau_reio': 0.054, 'A_s': 2.0989031673191437e-09, 'n_s': 0.966}
 2026-05-28 02:34:06,208 [classy] Re-using computed results
 2026-05-28 02:34:06,208 [planck_2018_highl_plik.ttteee] Got parameters {'A_planck': 0.9997706383836701, 'calib_100T': 0.9997899121766606, 'calib_217T': 0.9991944537175493, 'A_pol': 1.0, 'calib_100P': 1.021, 'calib_143P': 0.966, 'calib_217P': 1.04, 'cib_index': -1.3, 'A_cib_217': 85.02371452094633, 'xi_sz_cib': 0.0892256766374214, 'A_sz': 6.075176481288689, 'ksz_norm': 0.30520965520456034, 'gal545_A_100': 3.0557538713745718, 'gal545_A_143': 5.5618265557219635, 'gal545_A_143_217': 21.000880447998075, 'gal545_A_217': 100.93824593096105, 'A_sbpx_100_100_TT': 1.0, 'A_sbpx_143_143_TT': 1.0, 'A_sbpx_143_217_TT': 1.0, 'A_sbpx_217_217_TT': 1.0, 'ps_A_100_100': 249.58015853537367, 'ps_A_143_143': 52.12440586729351, 'ps_A_143_217': 29.037882685279605, 'ps_A_217_217': 124.72599873834467, 'galf_TE_index': -2.4, 'galf_TE_A_100': 0.10657679454445379, 'galf_TE_A_100_143': 0.28086673693086006, 'galf_TE_A_100_217': 0.35260890710969295, 'galf_TE_A_143': 0.21909519599083507, 'galf_TE_A_143_217': 0.5605192204690873, 'galf_TE_A_217': 2.384907343317277, 'galf_EE_index': -2.4, 'galf_EE_A_100': 0.055, 'galf_EE_A_100_143': 0.04, 'galf_EE_A_100_217': 0.094, 'galf_EE_A_143': 0.086, 'galf_EE_A_143_217': 0.21, 'galf_EE_A_217': 0.7, 'A_cnoise_e2e_100_100_EE': 1.0, 'A_cnoise_e2e_143_143_EE': 1.0, 'A_cnoise_e2e_217_217_EE': 1.0, 'A_sbpx_100_100_EE': 1.0, 'A_sbpx_100_143_EE': 1.0, 'A_sbpx_100_217_EE': 1.0, 'A_sbpx_143_143_EE': 1.0, 'A_sbpx_143_217_EE': 1.0, 'A_sbpx_217_217_EE': 1.0}
 2026-05-28 02:34:06,208 [planck_2018_highl_plik.ttteee] Computing new state
Cl length: 2509
 2026-05-28 02:34:06,212 [planck_2018_highl_plik.ttteee] Computed log-likelihood = -15956405601.461336
 2026-05-28 02:34:06,213 [planck_2018_lowl.tt] Got parameters {'A_planck': 0.9997706383836701}
 2026-05-28 02:34:06,213 [planck_2018_lowl.tt] Computing new state
Cl length: 2509
 2026-05-28 02:34:06,213 [planck_2018_lowl.tt] Computed log-likelihood = -inf
 2026-05-28 02:34:06,213 [planck_2018_lowl.ee] Got parameters {'A_planck': 0.9997706383836701}
 2026-05-28 02:34:06,213 [planck_2018_lowl.ee] Computing new state
Cl length: 2509
 2026-05-28 02:34:06,213 [planck_2018_lowl.ee] Computed log-likelihood = -198.01306501646312
 2026-05-28 02:34:06,213 [core.pantheon_cobaya_likelihood.pantheoncobaya] Got parameters {}
 2026-05-28 02:34:06,213 [core.pantheon_cobaya_likelihood.pantheoncobaya] Re-using computed results
 2026-05-28 02:34:06,213 [model] Computed derived parameters: {'A_s': 2.0989031673191437e-09, 'chi2__CMB': inf}
 2026-05-28 02:34:06,213 [prior] Evaluating prior at array([1.00000000e-03, 3.00000000e+00, 6.75000000e+01, 2.24000000e-02,
       1.20000000e-01, 5.40000000e-02, 3.04400000e+00, 9.66000000e-01,
       9.99482383e-01, 9.99750311e-01, 9.97951983e-01, 6.71247114e+01,
       1.37465975e-01, 2.55368314e+00, 6.70868171e-01, 7.63607799e+00,
       6.77389988e+00, 2.15979386e+01, 7.58186180e+01, 2.23207975e+02,
       5.30376313e+01, 3.46190193e+01, 1.12845142e+02, 8.27280357e-02,
       1.10787703e-01, 4.15393288e-01, 1.23580252e-01, 8.20463278e-01,
       1.66339935e+00])
 2026-05-28 02:34:06,213 [prior] Got logpriors (internal) = -14.736766845677824
 2026-05-28 02:34:06,213 [prior] Got logpriors (external) = [-3.267457177918125]
 2026-05-28 02:34:06,213 [model] Posterior to be computed for parameters {'tep_epsilon_T': 0.001, 'tep_z_T': 3.0, 'H0': 67.5, 'omega_b': 0.0224, 'omega_cdm': 0.12, 'tau_reio': 0.054, 'logA': 3.044, 'n_s': 0.966, 'A_planck': 0.9994823833704558, 'calib_100T': 0.9997503111909415, 'calib_217T': 0.9979519828150253, 'A_cib_217': 67.12471141689429, 'xi_sz_cib': 0.137465975173744, 'A_sz': 2.553683136860184, 'ksz_norm': 0.6708681710104272, 'gal545_A_100': 7.636077990710101, 'gal545_A_143': 6.773899875670924, 'gal545_A_143_217': 21.59793856028505, 'gal545_A_217': 75.8186179849975, 'ps_A_100_100': 223.20797518247306, 'ps_A_143_143': 53.03763131836802, 'ps_A_143_217': 34.619019251260944, 'ps_A_217_217': 112.84514229197562, 'galf_TE_A_100': 0.08272803570625713, 'galf_TE_A_100_143': 0.1107877025497939, 'galf_TE_A_100_217': 0.41539328778445705, 'galf_TE_A_143': 0.1235802517280096, 'galf_TE_A_143_217': 0.8204632777615316, 'galf_TE_A_217': 1.6633993483331677}
 2026-05-28 02:34:06,213 [prior] Evaluating prior at array([1.00000000e-03, 3.00000000e+00, 6.75000000e+01, 2.24000000e-02,
       1.20000000e-01, 5.40000000e-02, 3.04400000e+00, 9.66000000e-01,
       9.99482383e-01, 9.99750311e-01, 9.97951983e-01, 6.71247114e+01,
       1.37465975e-01, 2.55368314e+00, 6.70868171e-01, 7.63607799e+00,
       6.77389988e+00, 2.15979386e+01, 7.58186180e+01, 2.23207975e+02,
       5.30376313e+01, 3.46190193e+01, 1.12845142e+02, 8.27280357e-02,
       1.10787703e-01, 4.15393288e-01, 1.23580252e-01, 8.20463278e-01,
       1.66339935e+00])
 2026-05-28 02:34:06,213 [prior] Got logpriors (internal) = -14.736766845677824
 2026-05-28 02:34:06,213 [prior] Got logpriors (external) = [-3.267457177918125]
 2026-05-28 02:34:06,213 [model] Got input parameters: {'tep_epsilon_T': 0.001, 'tep_z_T': 3.0, 'tep_n_T': 1.0, 'H0': 67.5, 'omega_b': 0.0224, 'omega_cdm': 0.12, 'tau_reio': 0.054, 'logA': 3.044, 'A_s': 2.0989031673191437e-09, 'n_s': 0.966, 'A_planck': 0.9994823833704558, 'calib_100T': 0.9997503111909415, 'calib_217T': 0.9979519828150253, 'A_pol': 1.0, 'calib_100P': 1.021, 'calib_143P': 0.966, 'calib_217P': 1.04, 'cib_index': -1.3, 'A_cib_217': 67.12471141689429, 'xi_sz_cib': 0.137465975173744, 'A_sz': 2.553683136860184, 'ksz_norm': 0.6708681710104272, 'gal545_A_100': 7.636077990710101, 'gal545_A_143': 6.773899875670924, 'gal545_A_143_217': 21.59793856028505, 'gal545_A_217': 75.8186179849975, 'A_sbpx_100_100_TT': 1.0, 'A_sbpx_143_143_TT': 1.0, 'A_sbpx_143_217_TT': 1.0, 'A_sbpx_217_217_TT': 1.0, 'ps_A_100_100': 223.20797518247306, 'ps_A_143_143': 53.03763131836802, 'ps_A_143_217': 34.619019251260944, 'ps_A_217_217': 112.84514229197562, 'galf_TE_index': -2.4, 'galf_TE_A_100': 0.08272803570625713, 'galf_TE_A_100_143': 0.1107877025497939, 'galf_TE_A_100_217': 0.41539328778445705, 'galf_TE_A_143': 0.1235802517280096, 'galf_TE_A_143_217': 0.8204632777615316, 'galf_TE_A_217': 1.6633993483331677, 'galf_EE_index': -2.4, 'galf_EE_A_100': 0.055, 'galf_EE_A_100_143': 0.04, 'galf_EE_A_100_217': 0.094, 'galf_EE_A_143': 0.086, 'galf_EE_A_143_217': 0.21, 'galf_EE_A_217': 0.7, 'A_cnoise_e2e_100_100_EE': 1.0, 'A_cnoise_e2e_143_143_EE': 1.0, 'A_cnoise_e2e_217_217_EE': 1.0, 'A_sbpx_100_100_EE': 1.0, 'A_sbpx_100_143_EE': 1.0, 'A_sbpx_100_217_EE': 1.0, 'A_sbpx_143_143_EE': 1.0, 'A_sbpx_143_217_EE': 1.0, 'A_sbpx_217_217_EE': 1.0}
 2026-05-28 02:34:06,213 [classy] Got parameters {'tep_epsilon_T': 0.001, 'tep_z_T': 3.0, 'tep_n_T': 1.0, 'H0': 67.5, 'omega_b': 0.0224, 'omega_cdm': 0.12, 'tau_reio': 0.054, 'A_s': 2.0989031673191437e-09, 'n_s': 0.966}
 2026-05-28 02:34:06,214 [classy] Re-using computed results
 2026-05-28 02:34:06,214 [planck_2018_highl_plik.ttteee] Got parameters {'A_planck': 0.9994823833704558, 'calib_100T': 0.9997503111909415, 'calib_217T': 0.9979519828150253, 'A_pol': 1.0, 'calib_100P': 1.021, 'calib_143P': 0.966, 'calib_217P': 1.04, 'cib_index': -1.3, 'A_cib_217': 67.12471141689429, 'xi_sz_cib': 0.137465975173744, 'A_sz': 2.553683136860184, 'ksz_norm': 0.6708681710104272, 'gal545_A_100': 7.636077990710101, 'gal545_A_143': 6.773899875670924, 'gal545_A_143_217': 21.59793856028505, 'gal545_A_217': 75.8186179849975, 'A_sbpx_100_100_TT': 1.0, 'A_sbpx_143_143_TT': 1.0, 'A_sbpx_143_217_TT': 1.0, 'A_sbpx_217_217_TT': 1.0, 'ps_A_100_100': 223.20797518247306, 'ps_A_143_143': 53.03763131836802, 'ps_A_143_217': 34.619019251260944, 'ps_A_217_217': 112.84514229197562, 'galf_TE_index': -2.4, 'galf_TE_A_100': 0.08272803570625713, 'galf_TE_A_100_143': 0.1107877025497939, 'galf_TE_A_100_217': 0.41539328778445705, 'galf_TE_A_143': 0.1235802517280096, 'galf_TE_A_143_217': 0.8204632777615316, 'galf_TE_A_217': 1.6633993483331677, 'galf_EE_index': -2.4, 'galf_EE_A_100': 0.055, 'galf_EE_A_100_143': 0.04, 'galf_EE_A_100_217': 0.094, 'galf_EE_A_143': 0.086, 'galf_EE_A_143_217': 0.21, 'galf_EE_A_217': 0.7, 'A_cnoise_e2e_100_100_EE': 1.0, 'A_cnoise_e2e_143_143_EE': 1.0, 'A_cnoise_e2e_217_217_EE': 1.0, 'A_sbpx_100_100_EE': 1.0, 'A_sbpx_100_143_EE': 1.0, 'A_sbpx_100_217_EE': 1.0, 'A_sbpx_143_143_EE': 1.0, 'A_sbpx_143_217_EE': 1.0, 'A_sbpx_217_217_EE': 1.0}
 2026-05-28 02:34:06,214 [planck_2018_highl_plik.ttteee] Computing new state
Cl length: 2509
 2026-05-28 02:34:06,220 [planck_2018_highl_plik.ttteee] Computed log-likelihood = -15975672328.436905
 2026-05-28 02:34:06,220 [planck_2018_lowl.tt] Got parameters {'A_planck': 0.9994823833704558}
 2026-05-28 02:34:06,220 [planck_2018_lowl.tt] Computing new state
Cl length: 2509
 2026-05-28 02:34:06,220 [planck_2018_lowl.tt] Computed log-likelihood = -inf
 2026-05-28 02:34:06,220 [planck_2018_lowl.ee] Got parameters {'A_planck': 0.9994823833704558}
 2026-05-28 02:34:06,220 [planck_2018_lowl.ee] Computing new state
Cl length: 2509
 2026-05-28 02:34:06,220 [planck_2018_lowl.ee] Computed log-likelihood = -198.011458551541
 2026-05-28 02:34:06,220 [core.pantheon_cobaya_likelihood.pantheoncobaya] Got parameters {}
 2026-05-28 02:34:06,220 [core.pantheon_cobaya_likelihood.pantheoncobaya] Re-using computed results
 2026-05-28 02:34:06,220 [model] Computed derived parameters: {'A_s': 2.0989031673191437e-09, 'chi2__CMB': inf}
 2026-05-28 02:34:06,221 [prior] Evaluating prior at array([ 1.00000000e-03,  3.00000000e+00,  6.75000000e+01,  2.24000000e-02,
        1.20000000e-01,  5.40000000e-02,  3.04400000e+00,  9.66000000e-01,
        1.00217921e+00,  9.98615670e-01,  9.97092991e-01,  9.02483258e+01,
        4.55404575e-02,  6.50374519e+00,  8.08828314e-01,  8.06114183e+00,
        7.63333454e+00,  2.76144758e+01,  9.39032003e+01,  2.31054305e+02,
        5.07175836e+01,  5.53206927e+01,  1.00430157e+02, -1.90592481e-02,
        8.46069205e-02,  4.03309460e-01,  2.03964759e-01,  8.59541003e-01,
        1.94410383e+00])
 2026-05-28 02:34:06,221 [prior] Got logpriors (internal) = -23.803665997935685
 2026-05-28 02:34:06,221 [prior] Got logpriors (external) = [-2.1809180296555946]
 2026-05-28 02:34:06,221 [model] Posterior to be computed for parameters {'tep_epsilon_T': 0.001, 'tep_z_T': 3.0, 'H0': 67.5, 'omega_b': 0.0224, 'omega_cdm': 0.12, 'tau_reio': 0.054, 'logA': 3.044, 'n_s': 0.966, 'A_planck': 1.002179209410918, 'calib_100T': 0.9986156702152093, 'calib_217T': 0.9970929912534099, 'A_cib_217': 90.24832575533341, 'xi_sz_cib': 0.04554045754842226, 'A_sz': 6.503745188105971, 'ksz_norm': 0.8088283135818995, 'gal545_A_100': 8.061141827734456, 'gal545_A_143': 7.633334542117499, 'gal545_A_143_217': 27.614475823569606, 'gal545_A_217': 93.90320028805255, 'ps_A_100_100': 231.05430495667994, 'ps_A_143_143': 50.717583554725415, 'ps_A_143_217': 55.32069271798561, 'ps_A_217_217': 100.43015654514807, 'galf_TE_A_100': -0.019059248108752452, 'galf_TE_A_100_143': 0.08460692052779897, 'galf_TE_A_100_217': 0.40330946043892757, 'galf_TE_A_143': 0.20396475895183755, 'galf_TE_A_143_217': 0.8595410031210832, 'galf_TE_A_217': 1.9441038339313743}
 2026-05-28 02:34:06,221 [prior] Evaluating prior at array([ 1.00000000e-03,  3.00000000e+00,  6.75000000e+01,  2.24000000e-02,
        1.20000000e-01,  5.40000000e-02,  3.04400000e+00,  9.66000000e-01,
        1.00217921e+00,  9.98615670e-01,  9.97092991e-01,  9.02483258e+01,
        4.55404575e-02,  6.50374519e+00,  8.08828314e-01,  8.06114183e+00,
        7.63333454e+00,  2.76144758e+01,  9.39032003e+01,  2.31054305e+02,
        5.07175836e+01,  5.53206927e+01,  1.00430157e+02, -1.90592481e-02,
        8.46069205e-02,  4.03309460e-01,  2.03964759e-01,  8.59541003e-01,
        1.94410383e+00])
 2026-05-28 02:34:06,221 [prior] Got logpriors (internal) = -23.803665997935685
 2026-05-28 02:34:06,221 [prior] Got logpriors (external) = [-2.1809180296555946]
 2026-05-28 02:34:06,221 [model] Got input parameters: {'tep_epsilon_T': 0.001, 'tep_z_T': 3.0, 'tep_n_T': 1.0, 'H0': 67.5, 'omega_b': 0.0224, 'omega_cdm': 0.12, 'tau_reio': 0.054, 'logA': 3.044, 'A_s': 2.0989031673191437e-09, 'n_s': 0.966, 'A_planck': 1.002179209410918, 'calib_100T': 0.9986156702152093, 'calib_217T': 0.9970929912534099, 'A_pol': 1.0, 'calib_100P': 1.021, 'calib_143P': 0.966, 'calib_217P': 1.04, 'cib_index': -1.3, 'A_cib_217': 90.24832575533341, 'xi_sz_cib': 0.04554045754842226, 'A_sz': 6.503745188105971, 'ksz_norm': 0.8088283135818995, 'gal545_A_100': 8.061141827734456, 'gal545_A_143': 7.633334542117499, 'gal545_A_143_217': 27.614475823569606, 'gal545_A_217': 93.90320028805255, 'A_sbpx_100_100_TT': 1.0, 'A_sbpx_143_143_TT': 1.0, 'A_sbpx_143_217_TT': 1.0, 'A_sbpx_217_217_TT': 1.0, 'ps_A_100_100': 231.05430495667994, 'ps_A_143_143': 50.717583554725415, 'ps_A_143_217': 55.32069271798561, 'ps_A_217_217': 100.43015654514807, 'galf_TE_index': -2.4, 'galf_TE_A_100': -0.019059248108752452, 'galf_TE_A_100_143': 0.08460692052779897, 'galf_TE_A_100_217': 0.40330946043892757, 'galf_TE_A_143': 0.20396475895183755, 'galf_TE_A_143_217': 0.8595410031210832, 'galf_TE_A_217': 1.9441038339313743, 'galf_EE_index': -2.4, 'galf_EE_A_100': 0.055, 'galf_EE_A_100_143': 0.04, 'galf_EE_A_100_217': 0.094, 'galf_EE_A_143': 0.086, 'galf_EE_A_143_217': 0.21, 'galf_EE_A_217': 0.7, 'A_cnoise_e2e_100_100_EE': 1.0, 'A_cnoise_e2e_143_143_EE': 1.0, 'A_cnoise_e2e_217_217_EE': 1.0, 'A_sbpx_100_100_EE': 1.0, 'A_sbpx_100_143_EE': 1.0, 'A_sbpx_100_217_EE': 1.0, 'A_sbpx_143_143_EE': 1.0, 'A_sbpx_143_217_EE': 1.0, 'A_sbpx_217_217_EE': 1.0}
 2026-05-28 02:34:06,221 [classy] Got parameters {'tep_epsilon_T': 0.001, 'tep_z_T': 3.0, 'tep_n_T': 1.0, 'H0': 67.5, 'omega_b': 0.0224, 'omega_cdm': 0.12, 'tau_reio': 0.054, 'A_s': 2.0989031673191437e-09, 'n_s': 0.966}
 2026-05-28 02:34:06,221 [classy] Re-using computed results
 2026-05-28 02:34:06,221 [planck_2018_highl_plik.ttteee] Got parameters {'A_planck': 1.002179209410918, 'calib_100T': 0.9986156702152093, 'calib_217T': 0.9970929912534099, 'A_pol': 1.0, 'calib_100P': 1.021, 'calib_143P': 0.966, 'calib_217P': 1.04, 'cib_index': -1.3, 'A_cib_217': 90.24832575533341, 'xi_sz_cib': 0.04554045754842226, 'A_sz': 6.503745188105971, 'ksz_norm': 0.8088283135818995, 'gal545_A_100': 8.061141827734456, 'gal545_A_143': 7.633334542117499, 'gal545_A_143_217': 27.614475823569606, 'gal545_A_217': 93.90320028805255, 'A_sbpx_100_100_TT': 1.0, 'A_sbpx_143_143_TT': 1.0, 'A_sbpx_143_217_TT': 1.0, 'A_sbpx_217_217_TT': 1.0, 'ps_A_100_100': 231.05430495667994, 'ps_A_143_143': 50.717583554725415, 'ps_A_143_217': 55.32069271798561, 'ps_A_217_217': 100.43015654514807, 'galf_TE_index': -2.4, 'galf_TE_A_100': -0.019059248108752452, 'galf_TE_A_100_143': 0.08460692052779897, 'galf_TE_A_100_217': 0.40330946043892757, 'galf_TE_A_143': 0.20396475895183755, 'galf_TE_A_143_217': 0.8595410031210832, 'galf_TE_A_217': 1.9441038339313743, 'galf_EE_index': -2.4, 'galf_EE_A_100': 0.055, 'galf_EE_A_100_143': 0.04, 'galf_EE_A_100_217': 0.094, 'galf_EE_A_143': 0.086, 'galf_EE_A_143_217': 0.21, 'galf_EE_A_217': 0.7, 'A_cnoise_e2e_100_100_EE': 1.0, 'A_cnoise_e2e_143_143_EE': 1.0, 'A_cnoise_e2e_217_217_EE': 1.0, 'A_sbpx_100_100_EE': 1.0, 'A_sbpx_100_143_EE': 1.0, 'A_sbpx_100_217_EE': 1.0, 'A_sbpx_143_143_EE': 1.0, 'A_sbpx_143_217_EE': 1.0, 'A_sbpx_217_217_EE': 1.0}
 2026-05-28 02:34:06,221 [planck_2018_highl_plik.ttteee] Computing new state
Cl length: 2509
 2026-05-28 02:34:06,227 [planck_2018_highl_plik.ttteee] Computed log-likelihood = -15832338209.542147
 2026-05-28 02:34:06,227 [planck_2018_lowl.tt] Got parameters {'A_planck': 1.002179209410918}
 2026-05-28 02:34:06,227 [planck_2018_lowl.tt] Computing new state
Cl length: 2509
 2026-05-28 02:34:06,227 [planck_2018_lowl.tt] Computed log-likelihood = -inf
 2026-05-28 02:34:06,227 [planck_2018_lowl.ee] Got parameters {'A_planck': 1.002179209410918}
 2026-05-28 02:34:06,227 [planck_2018_lowl.ee] Computing new state
Cl length: 2509
 2026-05-28 02:34:06,227 [planck_2018_lowl.ee] Computed log-likelihood = -198.01896736024116
 2026-05-28 02:34:06,227 [core.pantheon_cobaya_likelihood.pantheoncobaya] Got parameters {}
 2026-05-28 02:34:06,227 [core.pantheon_cobaya_likelihood.pantheoncobaya] Re-using computed results
 2026-05-28 02:34:06,227 [model] Computed derived parameters: {'A_s': 2.0989031673191437e-09, 'chi2__CMB': inf}
 2026-05-28 02:34:06,227 [prior] Evaluating prior at array([1.00000000e-03, 3.00000000e+00, 6.75000000e+01, 2.24000000e-02,
       1.20000000e-01, 5.40000000e-02, 3.04400000e+00, 9.66000000e-01,
       9.98702664e-01, 9.98036878e-01, 9.99359666e-01, 6.86323758e+01,
       4.19145431e-02, 1.15445037e+01, 3.23859241e+00, 5.64430008e+00,
       1.11335482e+01, 2.72974929e+01, 8.77654330e+01, 2.44359551e+02,
       5.32879629e+01, 5.87049148e+01, 6.99681302e+01, 3.68421914e-01,
       8.40913169e-02, 5.76626864e-01, 3.09555538e-01, 6.93872896e-01,
       2.05198108e+00])
 2026-05-28 02:34:06,227 [prior] Got logpriors (internal) = -inf
 2026-05-28 02:34:06,227 [prior] Evaluating prior at array([1.00000000e-03, 3.00000000e+00, 6.75000000e+01, 2.24000000e-02,
       1.20000000e-01, 5.40000000e-02, 3.04400000e+00, 9.66000000e-01,
       9.99629365e-01, 9.99105877e-01, 9.99553922e-01, 7.26364610e+01,
       1.60043875e-01, 5.24982203e+00, 2.56310331e-02, 9.89468150e+00,
       1.06403832e+01, 1.94433416e+01, 8.89964750e+01, 2.48110353e+02,
       3.88909584e+01, 2.89058540e+01, 1.12768933e+02, 1.24412581e-01,
       8.72690892e-02, 5.30038534e-01, 2.92323605e-01, 7.31893448e-01,
       1.66855208e+00])
 2026-05-28 02:34:06,227 [prior] Got logpriors (internal) = -15.647964602266407
 2026-05-28 02:34:06,227 [prior] Got logpriors (external) = [-2.0817108559341113]
 2026-05-28 02:34:06,228 [model] Posterior to be computed for parameters {'tep_epsilon_T': 0.001, 'tep_z_T': 3.0, 'H0': 67.5, 'omega_b': 0.0224, 'omega_cdm': 0.12, 'tau_reio': 0.054, 'logA': 3.044, 'n_s': 0.966, 'A_planck': 0.9996293648042823, 'calib_100T': 0.9991058765967304, 'calib_217T': 0.9995539224332192, 'A_cib_217': 72.63646100699776, 'xi_sz_cib': 0.1600438748090622, 'A_sz': 5.249822030686656, 'ksz_norm': 0.025631033137377142, 'gal545_A_100': 9.894681496430639, 'gal545_A_143': 10.64038324612315, 'gal545_A_143_217': 19.44334158437751, 'gal545_A_217': 88.99647498867604, 'ps_A_100_100': 248.11035304979072, 'ps_A_143_143': 38.890958434835724, 'ps_A_143_217': 28.905853975072, 'ps_A_217_217': 112.76893302862982, 'galf_TE_A_100': 0.12441258135796607, 'galf_TE_A_100_143': 0.08726908922502932, 'galf_TE_A_100_217': 0.5300385342688658, 'galf_TE_A_143': 0.2923236047436382, 'galf_TE_A_143_217': 0.731893447626091, 'galf_TE_A_217': 1.668552084648086}
 2026-05-28 02:34:06,228 [prior] Evaluating prior at array([1.00000000e-03, 3.00000000e+00, 6.75000000e+01, 2.24000000e-02,
       1.20000000e-01, 5.40000000e-02, 3.04400000e+00, 9.66000000e-01,
       9.99629365e-01, 9.99105877e-01, 9.99553922e-01, 7.26364610e+01,
       1.60043875e-01, 5.24982203e+00, 2.56310331e-02, 9.89468150e+00,
       1.06403832e+01, 1.94433416e+01, 8.89964750e+01, 2.48110353e+02,
       3.88909584e+01, 2.89058540e+01, 1.12768933e+02, 1.24412581e-01,
       8.72690892e-02, 5.30038534e-01, 2.92323605e-01, 7.31893448e-01,
       1.66855208e+00])
 2026-05-28 02:34:06,228 [prior] Got logpriors (internal) = -15.647964602266407
 2026-05-28 02:34:06,228 [prior] Got logpriors (external) = [-2.0817108559341113]
 2026-05-28 02:34:06,228 [model] Got input parameters: {'tep_epsilon_T': 0.001, 'tep_z_T': 3.0, 'tep_n_T': 1.0, 'H0': 67.5, 'omega_b': 0.0224, 'omega_cdm': 0.12, 'tau_reio': 0.054, 'logA': 3.044, 'A_s': 2.0989031673191437e-09, 'n_s': 0.966, 'A_planck': 0.9996293648042823, 'calib_100T': 0.9991058765967304, 'calib_217T': 0.9995539224332192, 'A_pol': 1.0, 'calib_100P': 1.021, 'calib_143P': 0.966, 'calib_217P': 1.04, 'cib_index': -1.3, 'A_cib_217': 72.63646100699776, 'xi_sz_cib': 0.1600438748090622, 'A_sz': 5.249822030686656, 'ksz_norm': 0.025631033137377142, 'gal545_A_100': 9.894681496430639, 'gal545_A_143': 10.64038324612315, 'gal545_A_143_217': 19.44334158437751, 'gal545_A_217': 88.99647498867604, 'A_sbpx_100_100_TT': 1.0, 'A_sbpx_143_143_TT': 1.0, 'A_sbpx_143_217_TT': 1.0, 'A_sbpx_217_217_TT': 1.0, 'ps_A_100_100': 248.11035304979072, 'ps_A_143_143': 38.890958434835724, 'ps_A_143_217': 28.905853975072, 'ps_A_217_217': 112.76893302862982, 'galf_TE_index': -2.4, 'galf_TE_A_100': 0.12441258135796607, 'galf_TE_A_100_143': 0.08726908922502932, 'galf_TE_A_100_217': 0.5300385342688658, 'galf_TE_A_143': 0.2923236047436382, 'galf_TE_A_143_217': 0.731893447626091, 'galf_TE_A_217': 1.668552084648086, 'galf_EE_index': -2.4, 'galf_EE_A_100': 0.055, 'galf_EE_A_100_143': 0.04, 'galf_EE_A_100_217': 0.094, 'galf_EE_A_143': 0.086, 'galf_EE_A_143_217': 0.21, 'galf_EE_A_217': 0.7, 'A_cnoise_e2e_100_100_EE': 1.0, 'A_cnoise_e2e_143_143_EE': 1.0, 'A_cnoise_e2e_217_217_EE': 1.0, 'A_sbpx_100_100_EE': 1.0, 'A_sbpx_100_143_EE': 1.0, 'A_sbpx_100_217_EE': 1.0, 'A_sbpx_143_143_EE': 1.0, 'A_sbpx_143_217_EE': 1.0, 'A_sbpx_217_217_EE': 1.0}
 2026-05-28 02:34:06,228 [classy] Got parameters {'tep_epsilon_T': 0.001, 'tep_z_T': 3.0, 'tep_n_T': 1.0, 'H0': 67.5, 'omega_b': 0.0224, 'omega_cdm': 0.12, 'tau_reio': 0.054, 'A_s': 2.0989031673191437e-09, 'n_s': 0.966}
 2026-05-28 02:34:06,228 [classy] Re-using computed results
 2026-05-28 02:34:06,228 [planck_2018_highl_plik.ttteee] Got parameters {'A_planck': 0.9996293648042823, 'calib_100T': 0.9991058765967304, 'calib_217T': 0.9995539224332192, 'A_pol': 1.0, 'calib_100P': 1.021, 'calib_143P': 0.966, 'calib_217P': 1.04, 'cib_index': -1.3, 'A_cib_217': 72.63646100699776, 'xi_sz_cib': 0.1600438748090622, 'A_sz': 5.249822030686656, 'ksz_norm': 0.025631033137377142, 'gal545_A_100': 9.894681496430639, 'gal545_A_143': 10.64038324612315, 'gal545_A_143_217': 19.44334158437751, 'gal545_A_217': 88.99647498867604, 'A_sbpx_100_100_TT': 1.0, 'A_sbpx_143_143_TT': 1.0, 'A_sbpx_143_217_TT': 1.0, 'A_sbpx_217_217_TT': 1.0, 'ps_A_100_100': 248.11035304979072, 'ps_A_143_143': 38.890958434835724, 'ps_A_143_217': 28.905853975072, 'ps_A_217_217': 112.76893302862982, 'galf_TE_index': -2.4, 'galf_TE_A_100': 0.12441258135796607, 'galf_TE_A_100_143': 0.08726908922502932, 'galf_TE_A_100_217': 0.5300385342688658, 'galf_TE_A_143': 0.2923236047436382, 'galf_TE_A_143_217': 0.731893447626091, 'galf_TE_A_217': 1.668552084648086, 'galf_EE_index': -2.4, 'galf_EE_A_100': 0.055, 'galf_EE_A_100_143': 0.04, 'galf_EE_A_100_217': 0.094, 'galf_EE_A_143': 0.086, 'galf_EE_A_143_217': 0.21, 'galf_EE_A_217': 0.7, 'A_cnoise_e2e_100_100_EE': 1.0, 'A_cnoise_e2e_143_143_EE': 1.0, 'A_cnoise_e2e_217_217_EE': 1.0, 'A_sbpx_100_100_EE': 1.0, 'A_sbpx_100_143_EE': 1.0, 'A_sbpx_100_217_EE': 1.0, 'A_sbpx_143_143_EE': 1.0, 'A_sbpx_143_217_EE': 1.0, 'A_sbpx_217_217_EE': 1.0}
 2026-05-28 02:34:06,228 [planck_2018_highl_plik.ttteee] Computing new state
Cl length: 2509
 2026-05-28 02:34:06,234 [planck_2018_highl_plik.ttteee] Computed log-likelihood = -15982486714.434044
 2026-05-28 02:34:06,234 [planck_2018_lowl.tt] Got parameters {'A_planck': 0.9996293648042823}
 2026-05-28 02:34:06,234 [planck_2018_lowl.tt] Computing new state
Cl length: 2509
 2026-05-28 02:34:06,234 [planck_2018_lowl.tt] Computed log-likelihood = -inf
 2026-05-28 02:34:06,234 [planck_2018_lowl.ee] Got parameters {'A_planck': 0.9996293648042823}
 2026-05-28 02:34:06,234 [planck_2018_lowl.ee] Computing new state
Cl length: 2509
 2026-05-28 02:34:06,234 [planck_2018_lowl.ee] Computed log-likelihood = -198.01306501646312
 2026-05-28 02:34:06,234 [core.pantheon_cobaya_likelihood.pantheoncobaya] Got parameters {}
 2026-05-28 02:34:06,234 [core.pantheon_cobaya_likelihood.pantheoncobaya] Re-using computed results
 2026-05-28 02:34:06,234 [model] Computed derived parameters: {'A_s': 2.0989031673191437e-09, 'chi2__CMB': inf}
 2026-05-28 02:34:06,234 [prior] Evaluating prior at array([1.00000000e-03, 3.00000000e+00, 6.75000000e+01, 2.24000000e-02,
       1.20000000e-01, 5.40000000e-02, 3.04400000e+00, 9.66000000e-01,
       9.99924726e-01, 1.00278795e+00, 9.96485436e-01, 5.91178569e+01,
       3.45332947e-02, 6.50070971e+00, 3.63519809e-01, 7.64397670e+00,
       8.81779760e+00, 2.38379513e+01, 5.01486962e+01, 2.31384928e+02,
       4.81923709e+01, 4.72180639e+01, 9.49862518e+01, 4.55321805e-02,
       7.12465326e-02, 3.44203561e-01, 2.79066072e-01, 7.59255833e-01,
       1.83603109e+00])
 2026-05-28 02:34:06,234 [prior] Got logpriors (internal) = -26.872714064906347
 2026-05-28 02:34:06,234 [prior] Got logpriors (external) = [-2.1064037735632293]
 2026-05-28 02:34:06,234 [model] Posterior to be computed for parameters {'tep_epsilon_T': 0.001, 'tep_z_T': 3.0, 'H0': 67.5, 'omega_b': 0.0224, 'omega_cdm': 0.12, 'tau_reio': 0.054, 'logA': 3.044, 'n_s': 0.966, 'A_planck': 0.9999247260080507, 'calib_100T': 1.0027879539795654, 'calib_217T': 0.9964854362490653, 'A_cib_217': 59.117856885844674, 'xi_sz_cib': 0.0345332947362123, 'A_sz': 6.5007097069242645, 'ksz_norm': 0.3635198094895301, 'gal545_A_100': 7.643976698531043, 'gal545_A_143': 8.817797598916892, 'gal545_A_143_217': 23.837951348904365, 'gal545_A_217': 50.148696200550205, 'ps_A_100_100': 231.38492750478085, 'ps_A_143_143': 48.19237086120034, 'ps_A_143_217': 47.21806391862918, 'ps_A_217_217': 94.98625177485702, 'galf_TE_A_100': 0.04553218047859965, 'galf_TE_A_100_143': 0.07124653264216078, 'galf_TE_A_100_217': 0.3442035612041095, 'galf_TE_A_143': 0.27906607171157705, 'galf_TE_A_143_217': 0.7592558331494865, 'galf_TE_A_217': 1.8360310908213575}
 2026-05-28 02:34:06,234 [prior] Evaluating prior at array([1.00000000e-03, 3.00000000e+00, 6.75000000e+01, 2.24000000e-02,
       1.20000000e-01, 5.40000000e-02, 3.04400000e+00, 9.66000000e-01,
       9.99924726e-01, 1.00278795e+00, 9.96485436e-01, 5.91178569e+01,
       3.45332947e-02, 6.50070971e+00, 3.63519809e-01, 7.64397670e+00,
       8.81779760e+00, 2.38379513e+01, 5.01486962e+01, 2.31384928e+02,
       4.81923709e+01, 4.72180639e+01, 9.49862518e+01, 4.55321805e-02,
       7.12465326e-02, 3.44203561e-01, 2.79066072e-01, 7.59255833e-01,
       1.83603109e+00])
 2026-05-28 02:34:06,234 [prior] Got logpriors (internal) = -26.872714064906347
 2026-05-28 02:34:06,234 [prior] Got logpriors (external) = [-2.1064037735632293]
 2026-05-28 02:34:06,234 [model] Got input parameters: {'tep_epsilon_T': 0.001, 'tep_z_T': 3.0, 'tep_n_T': 1.0, 'H0': 67.5, 'omega_b': 0.0224, 'omega_cdm': 0.12, 'tau_reio': 0.054, 'logA': 3.044, 'A_s': 2.0989031673191437e-09, 'n_s': 0.966, 'A_planck': 0.9999247260080507, 'calib_100T': 1.0027879539795654, 'calib_217T': 0.9964854362490653, 'A_pol': 1.0, 'calib_100P': 1.021, 'calib_143P': 0.966, 'calib_217P': 1.04, 'cib_index': -1.3, 'A_cib_217': 59.117856885844674, 'xi_sz_cib': 0.0345332947362123, 'A_sz': 6.5007097069242645, 'ksz_norm': 0.3635198094895301, 'gal545_A_100': 7.643976698531043, 'gal545_A_143': 8.817797598916892, 'gal545_A_143_217': 23.837951348904365, 'gal545_A_217': 50.148696200550205, 'A_sbpx_100_100_TT': 1.0, 'A_sbpx_143_143_TT': 1.0, 'A_sbpx_143_217_TT': 1.0, 'A_sbpx_217_217_TT': 1.0, 'ps_A_100_100': 231.38492750478085, 'ps_A_143_143': 48.19237086120034, 'ps_A_143_217': 47.21806391862918, 'ps_A_217_217': 94.98625177485702, 'galf_TE_index': -2.4, 'galf_TE_A_100': 0.04553218047859965, 'galf_TE_A_100_143': 0.07124653264216078, 'galf_TE_A_100_217': 0.3442035612041095, 'galf_TE_A_143': 0.27906607171157705, 'galf_TE_A_143_217': 0.7592558331494865, 'galf_TE_A_217': 1.8360310908213575, 'galf_EE_index': -2.4, 'galf_EE_A_100': 0.055, 'galf_EE_A_100_143': 0.04, 'galf_EE_A_100_217': 0.094, 'galf_EE_A_143': 0.086, 'galf_EE_A_143_217': 0.21, 'galf_EE_A_217': 0.7, 'A_cnoise_e2e_100_100_EE': 1.0, 'A_cnoise_e2e_143_143_EE': 1.0, 'A_cnoise_e2e_217_217_EE': 1.0, 'A_sbpx_100_100_EE': 1.0, 'A_sbpx_100_143_EE': 1.0, 'A_sbpx_100_217_EE': 1.0, 'A_sbpx_143_143_EE': 1.0, 'A_sbpx_143_217_EE': 1.0, 'A_sbpx_217_217_EE': 1.0}
 2026-05-28 02:34:06,234 [classy] Got parameters {'tep_epsilon_T': 0.001, 'tep_z_T': 3.0, 'tep_n_T': 1.0, 'H0': 67.5, 'omega_b': 0.0224, 'omega_cdm': 0.12, 'tau_reio': 0.054, 'A_s': 2.0989031673191437e-09, 'n_s': 0.966}
 2026-05-28 02:34:06,234 [classy] Re-using computed results
 2026-05-28 02:34:06,235 [planck_2018_highl_plik.ttteee] Got parameters {'A_planck': 0.9999247260080507, 'calib_100T': 1.0027879539795654, 'calib_217T': 0.9964854362490653, 'A_pol': 1.0, 'calib_100P': 1.021, 'calib_143P': 0.966, 'calib_217P': 1.04, 'cib_index': -1.3, 'A_cib_217': 59.117856885844674, 'xi_sz_cib': 0.0345332947362123, 'A_sz': 6.5007097069242645, 'ksz_norm': 0.3635198094895301, 'gal545_A_100': 7.643976698531043, 'gal545_A_143': 8.817797598916892, 'gal545_A_143_217': 23.837951348904365, 'gal545_A_217': 50.148696200550205, 'A_sbpx_100_100_TT': 1.0, 'A_sbpx_143_143_TT': 1.0, 'A_sbpx_143_217_TT': 1.0, 'A_sbpx_217_217_TT': 1.0, 'ps_A_100_100': 231.38492750478085, 'ps_A_143_143': 48.19237086120034, 'ps_A_143_217': 47.21806391862918, 'ps_A_217_217': 94.98625177485702, 'galf_TE_index': -2.4, 'galf_TE_A_100': 0.04553218047859965, 'galf_TE_A_100_143': 0.07124653264216078, 'galf_TE_A_100_217': 0.3442035612041095, 'galf_TE_A_143': 0.27906607171157705, 'galf_TE_A_143_217': 0.7592558331494865, 'galf_TE_A_217': 1.8360310908213575, 'galf_EE_index': -2.4, 'galf_EE_A_100': 0.055, 'galf_EE_A_100_143': 0.04, 'galf_EE_A_100_217': 0.094, 'galf_EE_A_143': 0.086, 'galf_EE_A_143_217': 0.21, 'galf_EE_A_217': 0.7, 'A_cnoise_e2e_100_100_EE': 1.0, 'A_cnoise_e2e_143_143_EE': 1.0, 'A_cnoise_e2e_217_217_EE': 1.0, 'A_sbpx_100_100_EE': 1.0, 'A_sbpx_100_143_EE': 1.0, 'A_sbpx_100_217_EE': 1.0, 'A_sbpx_143_143_EE': 1.0, 'A_sbpx_143_217_EE': 1.0, 'A_sbpx_217_217_EE': 1.0}
 2026-05-28 02:34:06,235 [planck_2018_highl_plik.ttteee] Computing new state
Cl length: 2509
 2026-05-28 02:34:06,241 [planck_2018_highl_plik.ttteee] Computed log-likelihood = -15873286729.408604
 2026-05-28 02:34:06,241 [planck_2018_lowl.tt] Got parameters {'A_planck': 0.9999247260080507}
 2026-05-28 02:34:06,241 [planck_2018_lowl.tt] Computing new state
Cl length: 2509
 2026-05-28 02:34:06,242 [planck_2018_lowl.tt] Computed log-likelihood = -inf
 2026-05-28 02:34:06,242 [planck_2018_lowl.ee] Got parameters {'A_planck': 0.9999247260080507}
 2026-05-28 02:34:06,242 [planck_2018_lowl.ee] Computing new state
Cl length: 2509
 2026-05-28 02:34:06,242 [planck_2018_lowl.ee] Computed log-likelihood = -198.00994377254736
 2026-05-28 02:34:06,242 [core.pantheon_cobaya_likelihood.pantheoncobaya] Got parameters {}
 2026-05-28 02:34:06,242 [core.pantheon_cobaya_likelihood.pantheoncobaya] Re-using computed results
 2026-05-28 02:34:06,242 [model] Computed derived parameters: {'A_s': 2.0989031673191437e-09, 'chi2__CMB': inf}
 2026-05-28 02:34:06,242 [prior] Evaluating prior at array([ 1.00000000e-03,  3.00000000e+00,  6.75000000e+01,  2.24000000e-02,
        1.20000000e-01,  5.40000000e-02,  3.04400000e+00,  9.66000000e-01,
        9.98878875e-01,  9.99566155e-01,  9.98611839e-01,  6.77956223e+01,
        1.08122149e-01,  9.62946230e+00,  1.11126963e+00,  7.87517706e+00,
        6.63482145e+00,  2.16703216e+01,  9.28170759e+01,  2.64727794e+02,
        5.53448430e+01,  4.09509985e+01,  1.14846062e+02, -1.01923393e-01,
       -4.18032827e-02,  4.26020972e-01,  1.92225249e-01,  6.93993942e-01,
        2.31695215e+00])
 2026-05-28 02:34:06,242 [prior] Got logpriors (internal) = -39.3660146590955
 2026-05-28 02:34:06,242 [prior] Got logpriors (external) = [-4.7541102225555125]
 2026-05-28 02:34:06,242 [model] Posterior to be computed for parameters {'tep_epsilon_T': 0.001, 'tep_z_T': 3.0, 'H0': 67.5, 'omega_b': 0.0224, 'omega_cdm': 0.12, 'tau_reio': 0.054, 'logA': 3.044, 'n_s': 0.966, 'A_planck': 0.9988788750532772, 'calib_100T': 0.9995661553024192, 'calib_217T': 0.9986118392949171, 'A_cib_217': 67.79562233961354, 'xi_sz_cib': 0.10812214889037107, 'A_sz': 9.629462298143888, 'ksz_norm': 1.1112696308036516, 'gal545_A_100': 7.875177057082317, 'gal545_A_143': 6.634821454399356, 'gal545_A_143_217': 21.670321624804384, 'gal545_A_217': 92.81707591948093, 'ps_A_100_100': 264.7277938886912, 'ps_A_143_143': 55.3448430281077, 'ps_A_143_217': 40.9509985123044, 'ps_A_217_217': 114.84606179560505, 'galf_TE_A_100': -0.10192339289610483, 'galf_TE_A_100_143': -0.04180328273761616, 'galf_TE_A_100_217': 0.42602097182332216, 'galf_TE_A_143': 0.1922252485014831, 'galf_TE_A_143_217': 0.6939939418729942, 'galf_TE_A_217': 2.3169521548764687}
 2026-05-28 02:34:06,242 [prior] Evaluating prior at array([ 1.00000000e-03,  3.00000000e+00,  6.75000000e+01,  2.24000000e-02,
        1.20000000e-01,  5.40000000e-02,  3.04400000e+00,  9.66000000e-01,
        9.98878875e-01,  9.99566155e-01,  9.98611839e-01,  6.77956223e+01,
        1.08122149e-01,  9.62946230e+00,  1.11126963e+00,  7.87517706e+00,
        6.63482145e+00,  2.16703216e+01,  9.28170759e+01,  2.64727794e+02,
        5.53448430e+01,  4.09509985e+01,  1.14846062e+02, -1.01923393e-01,
       -4.18032827e-02,  4.26020972e-01,  1.92225249e-01,  6.93993942e-01,
        2.31695215e+00])
 2026-05-28 02:34:06,242 [prior] Got logpriors (internal) = -39.3660146590955
 2026-05-28 02:34:06,242 [prior] Got logpriors (external) = [-4.7541102225555125]
 2026-05-28 02:34:06,242 [model] Got input parameters: {'tep_epsilon_T': 0.001, 'tep_z_T': 3.0, 'tep_n_T': 1.0, 'H0': 67.5, 'omega_b': 0.0224, 'omega_cdm': 0.12, 'tau_reio': 0.054, 'logA': 3.044, 'A_s': 2.0989031673191437e-09, 'n_s': 0.966, 'A_planck': 0.9988788750532772, 'calib_100T': 0.9995661553024192, 'calib_217T': 0.9986118392949171, 'A_pol': 1.0, 'calib_100P': 1.021, 'calib_143P': 0.966, 'calib_217P': 1.04, 'cib_index': -1.3, 'A_cib_217': 67.79562233961354, 'xi_sz_cib': 0.10812214889037107, 'A_sz': 9.629462298143888, 'ksz_norm': 1.1112696308036516, 'gal545_A_100': 7.875177057082317, 'gal545_A_143': 6.634821454399356, 'gal545_A_143_217': 21.670321624804384, 'gal545_A_217': 92.81707591948093, 'A_sbpx_100_100_TT': 1.0, 'A_sbpx_143_143_TT': 1.0, 'A_sbpx_143_217_TT': 1.0, 'A_sbpx_217_217_TT': 1.0, 'ps_A_100_100': 264.7277938886912, 'ps_A_143_143': 55.3448430281077, 'ps_A_143_217': 40.9509985123044, 'ps_A_217_217': 114.84606179560505, 'galf_TE_index': -2.4, 'galf_TE_A_100': -0.10192339289610483, 'galf_TE_A_100_143': -0.04180328273761616, 'galf_TE_A_100_217': 0.42602097182332216, 'galf_TE_A_143': 0.1922252485014831, 'galf_TE_A_143_217': 0.6939939418729942, 'galf_TE_A_217': 2.3169521548764687, 'galf_EE_index': -2.4, 'galf_EE_A_100': 0.055, 'galf_EE_A_100_143': 0.04, 'galf_EE_A_100_217': 0.094, 'galf_EE_A_143': 0.086, 'galf_EE_A_143_217': 0.21, 'galf_EE_A_217': 0.7, 'A_cnoise_e2e_100_100_EE': 1.0, 'A_cnoise_e2e_143_143_EE': 1.0, 'A_cnoise_e2e_217_217_EE': 1.0, 'A_sbpx_100_100_EE': 1.0, 'A_sbpx_100_143_EE': 1.0, 'A_sbpx_100_217_EE': 1.0, 'A_sbpx_143_143_EE': 1.0, 'A_sbpx_143_217_EE': 1.0, 'A_sbpx_217_217_EE': 1.0}
 2026-05-28 02:34:06,242 [classy] Got parameters {'tep_epsilon_T': 0.001, 'tep_z_T': 3.0, 'tep_n_T': 1.0, 'H0': 67.5, 'omega_b': 0.0224, 'omega_cdm': 0.12, 'tau_reio': 0.054, 'A_s': 2.0989031673191437e-09, 'n_s': 0.966}
 2026-05-28 02:34:06,242 [classy] Re-using computed results
 2026-05-28 02:34:06,242 [planck_2018_highl_plik.ttteee] Got parameters {'A_planck': 0.9988788750532772, 'calib_100T': 0.9995661553024192, 'calib_217T': 0.9986118392949171, 'A_pol': 1.0, 'calib_100P': 1.021, 'calib_143P': 0.966, 'calib_217P': 1.04, 'cib_index': -1.3, 'A_cib_217': 67.79562233961354, 'xi_sz_cib': 0.10812214889037107, 'A_sz': 9.629462298143888, 'ksz_norm': 1.1112696308036516, 'gal545_A_100': 7.875177057082317, 'gal545_A_143': 6.634821454399356, 'gal545_A_143_217': 21.670321624804384, 'gal545_A_217': 92.81707591948093, 'A_sbpx_100_100_TT': 1.0, 'A_sbpx_143_143_TT': 1.0, 'A_sbpx_143_217_TT': 1.0, 'A_sbpx_217_217_TT': 1.0, 'ps_A_100_100': 264.7277938886912, 'ps_A_143_143': 55.3448430281077, 'ps_A_143_217': 40.9509985123044, 'ps_A_217_217': 114.84606179560505, 'galf_TE_index': -2.4, 'galf_TE_A_100': -0.10192339289610483, 'galf_TE_A_100_143': -0.04180328273761616, 'galf_TE_A_100_217': 0.42602097182332216, 'galf_TE_A_143': 0.1922252485014831, 'galf_TE_A_143_217': 0.6939939418729942, 'galf_TE_A_217': 2.3169521548764687, 'galf_EE_index': -2.4, 'galf_EE_A_100': 0.055, 'galf_EE_A_100_143': 0.04, 'galf_EE_A_100_217': 0.094, 'galf_EE_A_143': 0.086, 'galf_EE_A_143_217': 0.21, 'galf_EE_A_217': 0.7, 'A_cnoise_e2e_100_100_EE': 1.0, 'A_cnoise_e2e_143_143_EE': 1.0, 'A_cnoise_e2e_217_217_EE': 1.0, 'A_sbpx_100_100_EE': 1.0, 'A_sbpx_100_143_EE': 1.0, 'A_sbpx_100_217_EE': 1.0, 'A_sbpx_143_143_EE': 1.0, 'A_sbpx_143_217_EE': 1.0, 'A_sbpx_217_217_EE': 1.0}
 2026-05-28 02:34:06,242 [planck_2018_highl_plik.ttteee] Computing new state
Cl length: 2509
 2026-05-28 02:34:06,248 [planck_2018_highl_plik.ttteee] Computed log-likelihood = -16019052297.965284
 2026-05-28 02:34:06,248 [planck_2018_lowl.tt] Got parameters {'A_planck': 0.9988788750532772}
 2026-05-28 02:34:06,248 [planck_2018_lowl.tt] Computing new state
Cl length: 2509
 2026-05-28 02:34:06,248 [planck_2018_lowl.tt] Computed log-likelihood = -inf
 2026-05-28 02:34:06,248 [planck_2018_lowl.ee] Got parameters {'A_planck': 0.9988788750532772}
 2026-05-28 02:34:06,248 [planck_2018_lowl.ee] Computing new state
Cl length: 2509
 2026-05-28 02:34:06,248 [planck_2018_lowl.ee] Computed log-likelihood = -198.0227763698929
 2026-05-28 02:34:06,248 [core.pantheon_cobaya_likelihood.pantheoncobaya] Got parameters {}
 2026-05-28 02:34:06,248 [core.pantheon_cobaya_likelihood.pantheoncobaya] Re-using computed results
 2026-05-28 02:34:06,248 [model] Computed derived parameters: {'A_s': 2.0989031673191437e-09, 'chi2__CMB': inf}
 2026-05-28 02:34:06,249 [prior] Evaluating prior at array([ 1.00000000e-03,  3.00000000e+00,  6.75000000e+01,  2.24000000e-02,
        1.20000000e-01,  5.40000000e-02,  3.04400000e+00,  9.66000000e-01,
        9.99225629e-01,  1.00067510e+00,  9.97647678e-01,  6.17850321e+01,
        8.37342529e-02,  4.93347514e+00,  3.18618128e+00,  8.19482643e+00,
        6.15586992e+00,  2.44125621e+01,  8.97083030e+01,  3.05674945e+02,
        4.91318551e+01,  2.21752945e+01,  9.80541177e+01, -5.48386770e-02,
        1.89917037e-01,  3.81517268e-01,  3.22872204e-01,  6.54051128e-01,
        1.76371215e+00])
 2026-05-28 02:34:06,249 [prior] Got logpriors (internal) = -25.300613782312244
 2026-05-28 02:34:06,249 [prior] Got logpriors (external) = [-2.156194334906514]
 2026-05-28 02:34:06,249 [model] Posterior to be computed for parameters {'tep_epsilon_T': 0.001, 'tep_z_T': 3.0, 'H0': 67.5, 'omega_b': 0.0224, 'omega_cdm': 0.12, 'tau_reio': 0.054, 'logA': 3.044, 'n_s': 0.966, 'A_planck': 0.9992256291339888, 'calib_100T': 1.0006751041850321, 'calib_217T': 0.9976476783381647, 'A_cib_217': 61.78503206501636, 'xi_sz_cib': 0.0837342528832737, 'A_sz': 4.933475142578292, 'ksz_norm': 3.1861812806688707, 'gal545_A_100': 8.194826430132967, 'gal545_A_143': 6.155869916508499, 'gal545_A_143_217': 24.41256207499223, 'gal545_A_217': 89.70830295821378, 'ps_A_100_100': 305.6749454048403, 'ps_A_143_143': 49.131855115011035, 'ps_A_143_217': 22.175294478163277, 'ps_A_217_217': 98.05411766972236, 'galf_TE_A_100': -0.05483867696564071, 'galf_TE_A_100_143': 0.1899170365820942, 'galf_TE_A_100_217': 0.38151726811089154, 'galf_TE_A_143': 0.32287220359238444, 'galf_TE_A_143_217': 0.654051127714886, 'galf_TE_A_217': 1.7637121523227353}
 2026-05-28 02:34:06,249 [prior] Evaluating prior at array([ 1.00000000e-03,  3.00000000e+00,  6.75000000e+01,  2.24000000e-02,
        1.20000000e-01,  5.40000000e-02,  3.04400000e+00,  9.66000000e-01,
        9.99225629e-01,  1.00067510e+00,  9.97647678e-01,  6.17850321e+01,
        8.37342529e-02,  4.93347514e+00,  3.18618128e+00,  8.19482643e+00,
        6.15586992e+00,  2.44125621e+01,  8.97083030e+01,  3.05674945e+02,
        4.91318551e+01,  2.21752945e+01,  9.80541177e+01, -5.48386770e-02,
        1.89917037e-01,  3.81517268e-01,  3.22872204e-01,  6.54051128e-01,
        1.76371215e+00])
 2026-05-28 02:34:06,249 [prior] Got logpriors (internal) = -25.300613782312244
 2026-05-28 02:34:06,249 [prior] Got logpriors (external) = [-2.156194334906514]
 2026-05-28 02:34:06,249 [model] Got input parameters: {'tep_epsilon_T': 0.001, 'tep_z_T': 3.0, 'tep_n_T': 1.0, 'H0': 67.5, 'omega_b': 0.0224, 'omega_cdm': 0.12, 'tau_reio': 0.054, 'logA': 3.044, 'A_s': 2.0989031673191437e-09, 'n_s': 0.966, 'A_planck': 0.9992256291339888, 'calib_100T': 1.0006751041850321, 'calib_217T': 0.9976476783381647, 'A_pol': 1.0, 'calib_100P': 1.021, 'calib_143P': 0.966, 'calib_217P': 1.04, 'cib_index': -1.3, 'A_cib_217': 61.78503206501636, 'xi_sz_cib': 0.0837342528832737, 'A_sz': 4.933475142578292, 'ksz_norm': 3.1861812806688707, 'gal545_A_100': 8.194826430132967, 'gal545_A_143': 6.155869916508499, 'gal545_A_143_217': 24.41256207499223, 'gal545_A_217': 89.70830295821378, 'A_sbpx_100_100_TT': 1.0, 'A_sbpx_143_143_TT': 1.0, 'A_sbpx_143_217_TT': 1.0, 'A_sbpx_217_217_TT': 1.0, 'ps_A_100_100': 305.6749454048403, 'ps_A_143_143': 49.131855115011035, 'ps_A_143_217': 22.175294478163277, 'ps_A_217_217': 98.05411766972236, 'galf_TE_index': -2.4, 'galf_TE_A_100': -0.05483867696564071, 'galf_TE_A_100_143': 0.1899170365820942, 'galf_TE_A_100_217': 0.38151726811089154, 'galf_TE_A_143': 0.32287220359238444, 'galf_TE_A_143_217': 0.654051127714886, 'galf_TE_A_217': 1.7637121523227353, 'galf_EE_index': -2.4, 'galf_EE_A_100': 0.055, 'galf_EE_A_100_143': 0.04, 'galf_EE_A_100_217': 0.094, 'galf_EE_A_143': 0.086, 'galf_EE_A_143_217': 0.21, 'galf_EE_A_217': 0.7, 'A_cnoise_e2e_100_100_EE': 1.0, 'A_cnoise_e2e_143_143_EE': 1.0, 'A_cnoise_e2e_217_217_EE': 1.0, 'A_sbpx_100_100_EE': 1.0, 'A_sbpx_100_143_EE': 1.0, 'A_sbpx_100_217_EE': 1.0, 'A_sbpx_143_143_EE': 1.0, 'A_sbpx_143_217_EE': 1.0, 'A_sbpx_217_217_EE': 1.0}
 2026-05-28 02:34:06,249 [classy] Got parameters {'tep_epsilon_T': 0.001, 'tep_z_T': 3.0, 'tep_n_T': 1.0, 'H0': 67.5, 'omega_b': 0.0224, 'omega_cdm': 0.12, 'tau_reio': 0.054, 'A_s': 2.0989031673191437e-09, 'n_s': 0.966}
 2026-05-28 02:34:06,249 [classy] Re-using computed results
 2026-05-28 02:34:06,249 [planck_2018_highl_plik.ttteee] Got parameters {'A_planck': 0.9992256291339888, 'calib_100T': 1.0006751041850321, 'calib_217T': 0.9976476783381647, 'A_pol': 1.0, 'calib_100P': 1.021, 'calib_143P': 0.966, 'calib_217P': 1.04, 'cib_index': -1.3, 'A_cib_217': 61.78503206501636, 'xi_sz_cib': 0.0837342528832737, 'A_sz': 4.933475142578292, 'ksz_norm': 3.1861812806688707, 'gal545_A_100': 8.194826430132967, 'gal545_A_143': 6.155869916508499, 'gal545_A_143_217': 24.41256207499223, 'gal545_A_217': 89.70830295821378, 'A_sbpx_100_100_TT': 1.0, 'A_sbpx_143_143_TT': 1.0, 'A_sbpx_143_217_TT': 1.0, 'A_sbpx_217_217_TT': 1.0, 'ps_A_100_100': 305.6749454048403, 'ps_A_143_143': 49.131855115011035, 'ps_A_143_217': 22.175294478163277, 'ps_A_217_217': 98.05411766972236, 'galf_TE_index': -2.4, 'galf_TE_A_100': -0.05483867696564071, 'galf_TE_A_100_143': 0.1899170365820942, 'galf_TE_A_100_217': 0.38151726811089154, 'galf_TE_A_143': 0.32287220359238444, 'galf_TE_A_143_217': 0.654051127714886, 'galf_TE_A_217': 1.7637121523227353, 'galf_EE_index': -2.4, 'galf_EE_A_100': 0.055, 'galf_EE_A_100_143': 0.04, 'galf_EE_A_100_217': 0.094, 'galf_EE_A_143': 0.086, 'galf_EE_A_143_217': 0.21, 'galf_EE_A_217': 0.7, 'A_cnoise_e2e_100_100_EE': 1.0, 'A_cnoise_e2e_143_143_EE': 1.0, 'A_cnoise_e2e_217_217_EE': 1.0, 'A_sbpx_100_100_EE': 1.0, 'A_sbpx_100_143_EE': 1.0, 'A_sbpx_100_217_EE': 1.0, 'A_sbpx_143_143_EE': 1.0, 'A_sbpx_143_217_EE': 1.0, 'A_sbpx_217_217_EE': 1.0}
 2026-05-28 02:34:06,249 [planck_2018_highl_plik.ttteee] Computing new state
Cl length: 2509
 2026-05-28 02:34:06,256 [planck_2018_highl_plik.ttteee] Computed log-likelihood = -15969326076.66523
 2026-05-28 02:34:06,256 [planck_2018_lowl.tt] Got parameters {'A_planck': 0.9992256291339888}
 2026-05-28 02:34:06,256 [planck_2018_lowl.tt] Computing new state
Cl length: 2509
 2026-05-28 02:34:06,256 [planck_2018_lowl.tt] Computed log-likelihood = -inf
 2026-05-28 02:34:06,256 [planck_2018_lowl.ee] Got parameters {'A_planck': 0.9992256291339888}
 2026-05-28 02:34:06,256 [planck_2018_lowl.ee] Computing new state
Cl length: 2509
 2026-05-28 02:34:06,256 [planck_2018_lowl.ee] Computed log-likelihood = -198.01921972027924
 2026-05-28 02:34:06,256 [core.pantheon_cobaya_likelihood.pantheoncobaya] Got parameters {}
 2026-05-28 02:34:06,256 [core.pantheon_cobaya_likelihood.pantheoncobaya] Re-using computed results
 2026-05-28 02:34:06,256 [model] Computed derived parameters: {'A_s': 2.0989031673191437e-09, 'chi2__CMB': inf}
 2026-05-28 02:34:06,256 [prior] Evaluating prior at array([1.00000000e-03, 3.00000000e+00, 6.75000000e+01, 2.24000000e-02,
       1.20000000e-01, 5.40000000e-02, 3.04400000e+00, 9.66000000e-01,
       1.00332351e+00, 9.99874954e-01, 9.95922620e-01, 7.23275784e+01,
       8.14229003e-02, 6.52687526e+00, 9.18375641e-01, 5.30946103e+00,
       7.41675992e+00, 1.16872441e+01, 8.02400052e+01, 2.26452869e+02,
       5.97903188e+01, 3.43923091e+01, 8.74726434e+01, 1.71914365e-01,
       1.55182178e-01, 2.66259841e-01, 1.93190973e-01, 6.99008413e-01,
       1.65188750e+00])
 2026-05-28 02:34:06,256 [prior] Got logpriors (internal) = -22.779982669697944
 2026-05-28 02:34:06,257 [prior] Got logpriors (external) = [-2.2100353129449912]
 2026-05-28 02:34:06,257 [model] Posterior to be computed for parameters {'tep_epsilon_T': 0.001, 'tep_z_T': 3.0, 'H0': 67.5, 'omega_b': 0.0224, 'omega_cdm': 0.12, 'tau_reio': 0.054, 'logA': 3.044, 'n_s': 0.966, 'A_planck': 1.0033235076721698, 'calib_100T': 0.9998749542051453, 'calib_217T': 0.995922620330108, 'A_cib_217': 72.327578436069, 'xi_sz_cib': 0.08142290028469748, 'A_sz': 6.5268752622342765, 'ksz_norm': 0.9183756411124561, 'gal545_A_100': 5.309461026530153, 'gal545_A_143': 7.416759924232305, 'gal545_A_143_217': 11.687244103546115, 'gal545_A_217': 80.24000523761791, 'ps_A_100_100': 226.4528690335356, 'ps_A_143_143': 59.79031884875156, 'ps_A_143_217': 34.39230905381889, 'ps_A_217_217': 87.47264343656612, 'galf_TE_A_100': 0.1719143653755404, 'galf_TE_A_100_143': 0.15518217752187283, 'galf_TE_A_100_217': 0.26625984117925555, 'galf_TE_A_143': 0.19319097311283512, 'galf_TE_A_143_217': 0.6990084132292808, 'galf_TE_A_217': 1.6518874956888971}
 2026-05-28 02:34:06,257 [prior] Evaluating prior at array([1.00000000e-03, 3.00000000e+00, 6.75000000e+01, 2.24000000e-02,
       1.20000000e-01, 5.40000000e-02, 3.04400000e+00, 9.66000000e-01,
       1.00332351e+00, 9.99874954e-01, 9.95922620e-01, 7.23275784e+01,
       8.14229003e-02, 6.52687526e+00, 9.18375641e-01, 5.30946103e+00,
       7.41675992e+00, 1.16872441e+01, 8.02400052e+01, 2.26452869e+02,
       5.97903188e+01, 3.43923091e+01, 8.74726434e+01, 1.71914365e-01,
       1.55182178e-01, 2.66259841e-01, 1.93190973e-01, 6.99008413e-01,
       1.65188750e+00])
 2026-05-28 02:34:06,257 [prior] Got logpriors (internal) = -22.779982669697944
 2026-05-28 02:34:06,257 [prior] Got logpriors (external) = [-2.2100353129449912]
 2026-05-28 02:34:06,257 [model] Got input parameters: {'tep_epsilon_T': 0.001, 'tep_z_T': 3.0, 'tep_n_T': 1.0, 'H0': 67.5, 'omega_b': 0.0224, 'omega_cdm': 0.12, 'tau_reio': 0.054, 'logA': 3.044, 'A_s': 2.0989031673191437e-09, 'n_s': 0.966, 'A_planck': 1.0033235076721698, 'calib_100T': 0.9998749542051453, 'calib_217T': 0.995922620330108, 'A_pol': 1.0, 'calib_100P': 1.021, 'calib_143P': 0.966, 'calib_217P': 1.04, 'cib_index': -1.3, 'A_cib_217': 72.327578436069, 'xi_sz_cib': 0.08142290028469748, 'A_sz': 6.5268752622342765, 'ksz_norm': 0.9183756411124561, 'gal545_A_100': 5.309461026530153, 'gal545_A_143': 7.416759924232305, 'gal545_A_143_217': 11.687244103546115, 'gal545_A_217': 80.24000523761791, 'A_sbpx_100_100_TT': 1.0, 'A_sbpx_143_143_TT': 1.0, 'A_sbpx_143_217_TT': 1.0, 'A_sbpx_217_217_TT': 1.0, 'ps_A_100_100': 226.4528690335356, 'ps_A_143_143': 59.79031884875156, 'ps_A_143_217': 34.39230905381889, 'ps_A_217_217': 87.47264343656612, 'galf_TE_index': -2.4, 'galf_TE_A_100': 0.1719143653755404, 'galf_TE_A_100_143': 0.15518217752187283, 'galf_TE_A_100_217': 0.26625984117925555, 'galf_TE_A_143': 0.19319097311283512, 'galf_TE_A_143_217': 0.6990084132292808, 'galf_TE_A_217': 1.6518874956888971, 'galf_EE_index': -2.4, 'galf_EE_A_100': 0.055, 'galf_EE_A_100_143': 0.04, 'galf_EE_A_100_217': 0.094, 'galf_EE_A_143': 0.086, 'galf_EE_A_143_217': 0.21, 'galf_EE_A_217': 0.7, 'A_cnoise_e2e_100_100_EE': 1.0, 'A_cnoise_e2e_143_143_EE': 1.0, 'A_cnoise_e2e_217_217_EE': 1.0, 'A_sbpx_100_100_EE': 1.0, 'A_sbpx_100_143_EE': 1.0, 'A_sbpx_100_217_EE': 1.0, 'A_sbpx_143_143_EE': 1.0, 'A_sbpx_143_217_EE': 1.0, 'A_sbpx_217_217_EE': 1.0}
 2026-05-28 02:34:06,257 [classy] Got parameters {'tep_epsilon_T': 0.001, 'tep_z_T': 3.0, 'tep_n_T': 1.0, 'H0': 67.5, 'omega_b': 0.0224, 'omega_cdm': 0.12, 'tau_reio': 0.054, 'A_s': 2.0989031673191437e-09, 'n_s': 0.966}
 2026-05-28 02:34:06,257 [classy] Re-using computed results
 2026-05-28 02:34:06,257 [planck_2018_highl_plik.ttteee] Got parameters {'A_planck': 1.0033235076721698, 'calib_100T': 0.9998749542051453, 'calib_217T': 0.995922620330108, 'A_pol': 1.0, 'calib_100P': 1.021, 'calib_143P': 0.966, 'calib_217P': 1.04, 'cib_index': -1.3, 'A_cib_217': 72.327578436069, 'xi_sz_cib': 0.08142290028469748, 'A_sz': 6.5268752622342765, 'ksz_norm': 0.9183756411124561, 'gal545_A_100': 5.309461026530153, 'gal545_A_143': 7.416759924232305, 'gal545_A_143_217': 11.687244103546115, 'gal545_A_217': 80.24000523761791, 'A_sbpx_100_100_TT': 1.0, 'A_sbpx_143_143_TT': 1.0, 'A_sbpx_143_217_TT': 1.0, 'A_sbpx_217_217_TT': 1.0, 'ps_A_100_100': 226.4528690335356, 'ps_A_143_143': 59.79031884875156, 'ps_A_143_217': 34.39230905381889, 'ps_A_217_217': 87.47264343656612, 'galf_TE_index': -2.4, 'galf_TE_A_100': 0.1719143653755404, 'galf_TE_A_100_143': 0.15518217752187283, 'galf_TE_A_100_217': 0.26625984117925555, 'galf_TE_A_143': 0.19319097311283512, 'galf_TE_A_143_217': 0.6990084132292808, 'galf_TE_A_217': 1.6518874956888971, 'galf_EE_index': -2.4, 'galf_EE_A_100': 0.055, 'galf_EE_A_100_143': 0.04, 'galf_EE_A_100_217': 0.094, 'galf_EE_A_143': 0.086, 'galf_EE_A_143_217': 0.21, 'galf_EE_A_217': 0.7, 'A_cnoise_e2e_100_100_EE': 1.0, 'A_cnoise_e2e_143_143_EE': 1.0, 'A_cnoise_e2e_217_217_EE': 1.0, 'A_sbpx_100_100_EE': 1.0, 'A_sbpx_100_143_EE': 1.0, 'A_sbpx_100_217_EE': 1.0, 'A_sbpx_143_143_EE': 1.0, 'A_sbpx_143_217_EE': 1.0, 'A_sbpx_217_217_EE': 1.0}
 2026-05-28 02:34:06,257 [planck_2018_highl_plik.ttteee] Computing new state
Cl length: 2509
 2026-05-28 02:34:06,263 [planck_2018_highl_plik.ttteee] Computed log-likelihood = -15729324913.857073
 2026-05-28 02:34:06,263 [planck_2018_lowl.tt] Got parameters {'A_planck': 1.0033235076721698}
 2026-05-28 02:34:06,263 [planck_2018_lowl.tt] Computing new state
Cl length: 2509
 2026-05-28 02:34:06,263 [planck_2018_lowl.tt] Computed log-likelihood = -inf
 2026-05-28 02:34:06,263 [planck_2018_lowl.ee] Got parameters {'A_planck': 1.0033235076721698}
 2026-05-28 02:34:06,263 [planck_2018_lowl.ee] Computing new state
Cl length: 2509
 2026-05-28 02:34:06,263 [planck_2018_lowl.ee] Computed log-likelihood = -198.01932346981192
 2026-05-28 02:34:06,264 [core.pantheon_cobaya_likelihood.pantheoncobaya] Got parameters {}
 2026-05-28 02:34:06,264 [core.pantheon_cobaya_likelihood.pantheoncobaya] Re-using computed results
 2026-05-28 02:34:06,264 [model] Computed derived parameters: {'A_s': 2.0989031673191437e-09, 'chi2__CMB': inf}
 2026-05-28 02:34:06,264 [prior] Evaluating prior at array([1.00000000e-03, 3.00000000e+00, 6.75000000e+01, 2.24000000e-02,
       1.20000000e-01, 5.40000000e-02, 3.04400000e+00, 9.66000000e-01,
       1.00228960e+00, 1.00156375e+00, 9.99014365e-01, 6.19252126e+01,
       1.20332278e-01, 4.02254588e+00, 2.89362738e-01, 7.42421441e+00,
       1.11182336e+01, 1.70337849e+01, 6.76092461e+01, 2.55134370e+02,
       5.67908846e+01, 4.03245230e+01, 8.66600720e+01, 7.58053316e-02,
       1.20266686e-01, 4.25433771e-01, 4.05013256e-01, 8.74599339e-01,
       2.01319866e+00])
 2026-05-28 02:34:06,264 [prior] Got logpriors (internal) = -20.942332970987007
 2026-05-28 02:34:06,264 [prior] Got logpriors (external) = [-2.4452288528036807]
 2026-05-28 02:34:06,264 [model] Posterior to be computed for parameters {'tep_epsilon_T': 0.001, 'tep_z_T': 3.0, 'H0': 67.5, 'omega_b': 0.0224, 'omega_cdm': 0.12, 'tau_reio': 0.054, 'logA': 3.044, 'n_s': 0.966, 'A_planck': 1.0022896009113076, 'calib_100T': 1.001563753985578, 'calib_217T': 0.9990143649643984, 'A_cib_217': 61.925212611223174, 'xi_sz_cib': 0.12033227807628531, 'A_sz': 4.022545882643994, 'ksz_norm': 0.28936273794452655, 'gal545_A_100': 7.424214412210987, 'gal545_A_143': 11.11823356334277, 'gal545_A_143_217': 17.033784875328, 'gal545_A_217': 67.60924613887799, 'ps_A_100_100': 255.13436987024878, 'ps_A_143_143': 56.790884625904475, 'ps_A_143_217': 40.32452298322941, 'ps_A_217_217': 86.66007199809995, 'galf_TE_A_100': 0.0758053316321495, 'galf_TE_A_100_143': 0.1202666863491925, 'galf_TE_A_100_217': 0.42543377065013666, 'galf_TE_A_143': 0.40501325560473667, 'galf_TE_A_143_217': 0.874599338872358, 'galf_TE_A_217': 2.0131986554708363}
 2026-05-28 02:34:06,264 [prior] Evaluating prior at array([1.00000000e-03, 3.00000000e+00, 6.75000000e+01, 2.24000000e-02,
       1.20000000e-01, 5.40000000e-02, 3.04400000e+00, 9.66000000e-01,
       1.00228960e+00, 1.00156375e+00, 9.99014365e-01, 6.19252126e+01,
       1.20332278e-01, 4.02254588e+00, 2.89362738e-01, 7.42421441e+00,
       1.11182336e+01, 1.70337849e+01, 6.76092461e+01, 2.55134370e+02,
       5.67908846e+01, 4.03245230e+01, 8.66600720e+01, 7.58053316e-02,
       1.20266686e-01, 4.25433771e-01, 4.05013256e-01, 8.74599339e-01,
       2.01319866e+00])
 2026-05-28 02:34:06,264 [prior] Got logpriors (internal) = -20.942332970987007
 2026-05-28 02:34:06,264 [prior] Got logpriors (external) = [-2.4452288528036807]
 2026-05-28 02:34:06,264 [model] Got input parameters: {'tep_epsilon_T': 0.001, 'tep_z_T': 3.0, 'tep_n_T': 1.0, 'H0': 67.5, 'omega_b': 0.0224, 'omega_cdm': 0.12, 'tau_reio': 0.054, 'logA': 3.044, 'A_s': 2.0989031673191437e-09, 'n_s': 0.966, 'A_planck': 1.0022896009113076, 'calib_100T': 1.001563753985578, 'calib_217T': 0.9990143649643984, 'A_pol': 1.0, 'calib_100P': 1.021, 'calib_143P': 0.966, 'calib_217P': 1.04, 'cib_index': -1.3, 'A_cib_217': 61.925212611223174, 'xi_sz_cib': 0.12033227807628531, 'A_sz': 4.022545882643994, 'ksz_norm': 0.28936273794452655, 'gal545_A_100': 7.424214412210987, 'gal545_A_143': 11.11823356334277, 'gal545_A_143_217': 17.033784875328, 'gal545_A_217': 67.60924613887799, 'A_sbpx_100_100_TT': 1.0, 'A_sbpx_143_143_TT': 1.0, 'A_sbpx_143_217_TT': 1.0, 'A_sbpx_217_217_TT': 1.0, 'ps_A_100_100': 255.13436987024878, 'ps_A_143_143': 56.790884625904475, 'ps_A_143_217': 40.32452298322941, 'ps_A_217_217': 86.66007199809995, 'galf_TE_index': -2.4, 'galf_TE_A_100': 0.0758053316321495, 'galf_TE_A_100_143': 0.1202666863491925, 'galf_TE_A_100_217': 0.42543377065013666, 'galf_TE_A_143': 0.40501325560473667, 'galf_TE_A_143_217': 0.874599338872358, 'galf_TE_A_217': 2.0131986554708363, 'galf_EE_index': -2.4, 'galf_EE_A_100': 0.055, 'galf_EE_A_100_143': 0.04, 'galf_EE_A_100_217': 0.094, 'galf_EE_A_143': 0.086, 'galf_EE_A_143_217': 0.21, 'galf_EE_A_217': 0.7, 'A_cnoise_e2e_100_100_EE': 1.0, 'A_cnoise_e2e_143_143_EE': 1.0, 'A_cnoise_e2e_217_217_EE': 1.0, 'A_sbpx_100_100_EE': 1.0, 'A_sbpx_100_143_EE': 1.0, 'A_sbpx_100_217_EE': 1.0, 'A_sbpx_143_143_EE': 1.0, 'A_sbpx_143_217_EE': 1.0, 'A_sbpx_217_217_EE': 1.0}
 2026-05-28 02:34:06,264 [classy] Got parameters {'tep_epsilon_T': 0.001, 'tep_z_T': 3.0, 'tep_n_T': 1.0, 'H0': 67.5, 'omega_b': 0.0224, 'omega_cdm': 0.12, 'tau_reio': 0.054, 'A_s': 2.0989031673191437e-09, 'n_s': 0.966}
 2026-05-28 02:34:06,264 [classy] Re-using computed results
 2026-05-28 02:34:06,264 [planck_2018_highl_plik.ttteee] Got parameters {'A_planck': 1.0022896009113076, 'calib_100T': 1.001563753985578, 'calib_217T': 0.9990143649643984, 'A_pol': 1.0, 'calib_100P': 1.021, 'calib_143P': 0.966, 'calib_217P': 1.04, 'cib_index': -1.3, 'A_cib_217': 61.925212611223174, 'xi_sz_cib': 0.12033227807628531, 'A_sz': 4.022545882643994, 'ksz_norm': 0.28936273794452655, 'gal545_A_100': 7.424214412210987, 'gal545_A_143': 11.11823356334277, 'gal545_A_143_217': 17.033784875328, 'gal545_A_217': 67.60924613887799, 'A_sbpx_100_100_TT': 1.0, 'A_sbpx_143_143_TT': 1.0, 'A_sbpx_143_217_TT': 1.0, 'A_sbpx_217_217_TT': 1.0, 'ps_A_100_100': 255.13436987024878, 'ps_A_143_143': 56.790884625904475, 'ps_A_143_217': 40.32452298322941, 'ps_A_217_217': 86.66007199809995, 'galf_TE_index': -2.4, 'galf_TE_A_100': 0.0758053316321495, 'galf_TE_A_100_143': 0.1202666863491925, 'galf_TE_A_100_217': 0.42543377065013666, 'galf_TE_A_143': 0.40501325560473667, 'galf_TE_A_143_217': 0.874599338872358, 'galf_TE_A_217': 2.0131986554708363, 'galf_EE_index': -2.4, 'galf_EE_A_100': 0.055, 'galf_EE_A_100_143': 0.04, 'galf_EE_A_100_217': 0.094, 'galf_EE_A_143': 0.086, 'galf_EE_A_143_217': 0.21, 'galf_EE_A_217': 0.7, 'A_cnoise_e2e_100_100_EE': 1.0, 'A_cnoise_e2e_143_143_EE': 1.0, 'A_cnoise_e2e_217_217_EE': 1.0, 'A_sbpx_100_100_EE': 1.0, 'A_sbpx_100_143_EE': 1.0, 'A_sbpx_100_217_EE': 1.0, 'A_sbpx_143_143_EE': 1.0, 'A_sbpx_143_217_EE': 1.0, 'A_sbpx_217_217_EE': 1.0}
 2026-05-28 02:34:06,264 [planck_2018_highl_plik.ttteee] Computing new state
Cl length: 2509
 2026-05-28 02:34:06,270 [planck_2018_highl_plik.ttteee] Computed log-likelihood = -15753286252.493938
 2026-05-28 02:34:06,270 [planck_2018_lowl.tt] Got parameters {'A_planck': 1.0022896009113076}
 2026-05-28 02:34:06,270 [planck_2018_lowl.tt] Computing new state
Cl length: 2509
 2026-05-28 02:34:06,270 [planck_2018_lowl.tt] Computed log-likelihood = -inf
 2026-05-28 02:34:06,270 [planck_2018_lowl.ee] Got parameters {'A_planck': 1.0022896009113076}
 2026-05-28 02:34:06,270 [planck_2018_lowl.ee] Computing new state
Cl length: 2509
 2026-05-28 02:34:06,270 [planck_2018_lowl.ee] Computed log-likelihood = -198.0217117844701
 2026-05-28 02:34:06,270 [core.pantheon_cobaya_likelihood.pantheoncobaya] Got parameters {}
 2026-05-28 02:34:06,270 [core.pantheon_cobaya_likelihood.pantheoncobaya] Re-using computed results
 2026-05-28 02:34:06,270 [model] Computed derived parameters: {'A_s': 2.0989031673191437e-09, 'chi2__CMB': inf}
 2026-05-28 02:34:06,271 [prior] Evaluating prior at array([1.00000000e-03, 3.00000000e+00, 6.75000000e+01, 2.24000000e-02,
       1.20000000e-01, 5.40000000e-02, 3.04400000e+00, 9.66000000e-01,
       1.00112986e+00, 9.97692528e-01, 9.96579254e-01, 7.48240252e+01,
       1.55211907e-01, 4.53454892e+00, 1.85878187e+00, 9.79406839e+00,
       7.25382967e+00, 1.93853045e+01, 9.01349215e+01, 2.59729968e+02,
       3.25147866e+01, 3.14478181e+01, 1.20641892e+02, 3.51622611e-01,
       1.85979590e-01, 3.06792435e-01, 2.52493974e-01, 6.26819092e-01,
       2.08105837e+00])
 2026-05-28 02:34:06,271 [prior] Got logpriors (internal) = -37.29112667008867
 2026-05-28 02:34:06,271 [prior] Got logpriors (external) = [-2.0258257979823497]
 2026-05-28 02:34:06,271 [model] Posterior to be computed for parameters {'tep_epsilon_T': 0.001, 'tep_z_T': 3.0, 'H0': 67.5, 'omega_b': 0.0224, 'omega_cdm': 0.12, 'tau_reio': 0.054, 'logA': 3.044, 'n_s': 0.966, 'A_planck': 1.0011298608637706, 'calib_100T': 0.9976925277138067, 'calib_217T': 0.9965792536672755, 'A_cib_217': 74.82402518003792, 'xi_sz_cib': 0.15521190681794914, 'A_sz': 4.534548921169987, 'ksz_norm': 1.858781873337167, 'gal545_A_100': 9.794068385701472, 'gal545_A_143': 7.253829669178757, 'gal545_A_143_217': 19.385304481187998, 'gal545_A_217': 90.13492146961319, 'ps_A_100_100': 259.7299675965454, 'ps_A_143_143': 32.514786643632924, 'ps_A_143_217': 31.447818099447844, 'ps_A_217_217': 120.64189227824598, 'galf_TE_A_100': 0.3516226114864284, 'galf_TE_A_100_143': 0.18597959015266505, 'galf_TE_A_100_217': 0.30679243533756223, 'galf_TE_A_143': 0.2524939742039316, 'galf_TE_A_143_217': 0.6268190922745317, 'galf_TE_A_217': 2.081058368731957}
 2026-05-28 02:34:06,271 [prior] Evaluating prior at array([1.00000000e-03, 3.00000000e+00, 6.75000000e+01, 2.24000000e-02,
       1.20000000e-01, 5.40000000e-02, 3.04400000e+00, 9.66000000e-01,
       1.00112986e+00, 9.97692528e-01, 9.96579254e-01, 7.48240252e+01,
       1.55211907e-01, 4.53454892e+00, 1.85878187e+00, 9.79406839e+00,
       7.25382967e+00, 1.93853045e+01, 9.01349215e+01, 2.59729968e+02,
       3.25147866e+01, 3.14478181e+01, 1.20641892e+02, 3.51622611e-01,
       1.85979590e-01, 3.06792435e-01, 2.52493974e-01, 6.26819092e-01,
       2.08105837e+00])
 2026-05-28 02:34:06,271 [prior] Got logpriors (internal) = -37.29112667008867
 2026-05-28 02:34:06,271 [prior] Got logpriors (external) = [-2.0258257979823497]
 2026-05-28 02:34:06,271 [model] Got input parameters: {'tep_epsilon_T': 0.001, 'tep_z_T': 3.0, 'tep_n_T': 1.0, 'H0': 67.5, 'omega_b': 0.0224, 'omega_cdm': 0.12, 'tau_reio': 0.054, 'logA': 3.044, 'A_s': 2.0989031673191437e-09, 'n_s': 0.966, 'A_planck': 1.0011298608637706, 'calib_100T': 0.9976925277138067, 'calib_217T': 0.9965792536672755, 'A_pol': 1.0, 'calib_100P': 1.021, 'calib_143P': 0.966, 'calib_217P': 1.04, 'cib_index': -1.3, 'A_cib_217': 74.82402518003792, 'xi_sz_cib': 0.15521190681794914, 'A_sz': 4.534548921169987, 'ksz_norm': 1.858781873337167, 'gal545_A_100': 9.794068385701472, 'gal545_A_143': 7.253829669178757, 'gal545_A_143_217': 19.385304481187998, 'gal545_A_217': 90.13492146961319, 'A_sbpx_100_100_TT': 1.0, 'A_sbpx_143_143_TT': 1.0, 'A_sbpx_143_217_TT': 1.0, 'A_sbpx_217_217_TT': 1.0, 'ps_A_100_100': 259.7299675965454, 'ps_A_143_143': 32.514786643632924, 'ps_A_143_217': 31.447818099447844, 'ps_A_217_217': 120.64189227824598, 'galf_TE_index': -2.4, 'galf_TE_A_100': 0.3516226114864284, 'galf_TE_A_100_143': 0.18597959015266505, 'galf_TE_A_100_217': 0.30679243533756223, 'galf_TE_A_143': 0.2524939742039316, 'galf_TE_A_143_217': 0.6268190922745317, 'galf_TE_A_217': 2.081058368731957, 'galf_EE_index': -2.4, 'galf_EE_A_100': 0.055, 'galf_EE_A_100_143': 0.04, 'galf_EE_A_100_217': 0.094, 'galf_EE_A_143': 0.086, 'galf_EE_A_143_217': 0.21, 'galf_EE_A_217': 0.7, 'A_cnoise_e2e_100_100_EE': 1.0, 'A_cnoise_e2e_143_143_EE': 1.0, 'A_cnoise_e2e_217_217_EE': 1.0, 'A_sbpx_100_100_EE': 1.0, 'A_sbpx_100_143_EE': 1.0, 'A_sbpx_100_217_EE': 1.0, 'A_sbpx_143_143_EE': 1.0, 'A_sbpx_143_217_EE': 1.0, 'A_sbpx_217_217_EE': 1.0}
 2026-05-28 02:34:06,271 [classy] Got parameters {'tep_epsilon_T': 0.001, 'tep_z_T': 3.0, 'tep_n_T': 1.0, 'H0': 67.5, 'omega_b': 0.0224, 'omega_cdm': 0.12, 'tau_reio': 0.054, 'A_s': 2.0989031673191437e-09, 'n_s': 0.966}
 2026-05-28 02:34:06,271 [classy] Re-using computed results
 2026-05-28 02:34:06,271 [planck_2018_highl_plik.ttteee] Got parameters {'A_planck': 1.0011298608637706, 'calib_100T': 0.9976925277138067, 'calib_217T': 0.9965792536672755, 'A_pol': 1.0, 'calib_100P': 1.021, 'calib_143P': 0.966, 'calib_217P': 1.04, 'cib_index': -1.3, 'A_cib_217': 74.82402518003792, 'xi_sz_cib': 0.15521190681794914, 'A_sz': 4.534548921169987, 'ksz_norm': 1.858781873337167, 'gal545_A_100': 9.794068385701472, 'gal545_A_143': 7.253829669178757, 'gal545_A_143_217': 19.385304481187998, 'gal545_A_217': 90.13492146961319, 'A_sbpx_100_100_TT': 1.0, 'A_sbpx_143_143_TT': 1.0, 'A_sbpx_143_217_TT': 1.0, 'A_sbpx_217_217_TT': 1.0, 'ps_A_100_100': 259.7299675965454, 'ps_A_143_143': 32.514786643632924, 'ps_A_143_217': 31.447818099447844, 'ps_A_217_217': 120.64189227824598, 'galf_TE_index': -2.4, 'galf_TE_A_100': 0.3516226114864284, 'galf_TE_A_100_143': 0.18597959015266505, 'galf_TE_A_100_217': 0.30679243533756223, 'galf_TE_A_143': 0.2524939742039316, 'galf_TE_A_143_217': 0.6268190922745317, 'galf_TE_A_217': 2.081058368731957, 'galf_EE_index': -2.4, 'galf_EE_A_100': 0.055, 'galf_EE_A_100_143': 0.04, 'galf_EE_A_100_217': 0.094, 'galf_EE_A_143': 0.086, 'galf_EE_A_143_217': 0.21, 'galf_EE_A_217': 0.7, 'A_cnoise_e2e_100_100_EE': 1.0, 'A_cnoise_e2e_143_143_EE': 1.0, 'A_cnoise_e2e_217_217_EE': 1.0, 'A_sbpx_100_100_EE': 1.0, 'A_sbpx_100_143_EE': 1.0, 'A_sbpx_100_217_EE': 1.0, 'A_sbpx_143_143_EE': 1.0, 'A_sbpx_143_217_EE': 1.0, 'A_sbpx_217_217_EE': 1.0}
 2026-05-28 02:34:06,271 [planck_2018_highl_plik.ttteee] Computing new state
Cl length: 2509
 2026-05-28 02:34:06,277 [planck_2018_highl_plik.ttteee] Computed log-likelihood = -15921974757.447823
 2026-05-28 02:34:06,277 [planck_2018_lowl.tt] Got parameters {'A_planck': 1.0011298608637706}
 2026-05-28 02:34:06,277 [planck_2018_lowl.tt] Computing new state
Cl length: 2509
 2026-05-28 02:34:06,277 [planck_2018_lowl.tt] Computed log-likelihood = -inf
 2026-05-28 02:34:06,277 [planck_2018_lowl.ee] Got parameters {'A_planck': 1.0011298608637706}
 2026-05-28 02:34:06,277 [planck_2018_lowl.ee] Computing new state
Cl length: 2509
 2026-05-28 02:34:06,277 [planck_2018_lowl.ee] Computed log-likelihood = -198.01556322340937
 2026-05-28 02:34:06,277 [core.pantheon_cobaya_likelihood.pantheoncobaya] Got parameters {}
 2026-05-28 02:34:06,277 [core.pantheon_cobaya_likelihood.pantheoncobaya] Re-using computed results
 2026-05-28 02:34:06,277 [model] Computed derived parameters: {'A_s': 2.0989031673191437e-09, 'chi2__CMB': inf}
 2026-05-28 02:34:06,278 [prior] Evaluating prior at array([1.00000000e-03, 3.00000000e+00, 6.75000000e+01, 2.24000000e-02,
       1.20000000e-01, 5.40000000e-02, 3.04400000e+00, 9.66000000e-01,
       9.99990018e-01, 1.00090515e+00, 9.97793014e-01, 7.55107092e+01,
       1.19861723e-01, 8.15516536e+00, 1.60326927e+00, 7.14849583e+00,
       9.69856224e+00, 2.03729986e+01, 5.71986244e+01, 2.48431053e+02,
       4.21670844e+01, 4.95818837e+01, 1.19685831e+02, 2.35589465e-01,
       2.13502933e-01, 3.31876588e-01, 7.34399330e-02, 6.62730846e-01,
       2.30960038e+00])
 2026-05-28 02:34:06,278 [prior] Got logpriors (internal) = -20.843688474372982
 2026-05-28 02:34:06,278 [prior] Got logpriors (external) = [-3.4919008731205974]
 2026-05-28 02:34:06,278 [model] Posterior to be computed for parameters {'tep_epsilon_T': 0.001, 'tep_z_T': 3.0, 'H0': 67.5, 'omega_b': 0.0224, 'omega_cdm': 0.12, 'tau_reio': 0.054, 'logA': 3.044, 'n_s': 0.966, 'A_planck': 0.9999900179725425, 'calib_100T': 1.000905150388485, 'calib_217T': 0.997793013541091, 'A_cib_217': 75.51070922147798, 'xi_sz_cib': 0.11986172260275177, 'A_sz': 8.155165359003771, 'ksz_norm': 1.6032692673211748, 'gal545_A_100': 7.148495831384066, 'gal545_A_143': 9.698562243592837, 'gal545_A_143_217': 20.372998646234922, 'gal545_A_217': 57.19862438513431, 'ps_A_100_100': 248.4310526634179, 'ps_A_143_143': 42.16708436596205, 'ps_A_143_217': 49.58188370810493, 'ps_A_217_217': 119.68583113247614, 'galf_TE_A_100': 0.23558946539497305, 'galf_TE_A_100_143': 0.21350293302070825, 'galf_TE_A_100_217': 0.33187658769363704, 'galf_TE_A_143': 0.07343993297619067, 'galf_TE_A_143_217': 0.6627308464137629, 'galf_TE_A_217': 2.3096003821982007}
 2026-05-28 02:34:06,278 [prior] Evaluating prior at array([1.00000000e-03, 3.00000000e+00, 6.75000000e+01, 2.24000000e-02,
       1.20000000e-01, 5.40000000e-02, 3.04400000e+00, 9.66000000e-01,
       9.99990018e-01, 1.00090515e+00, 9.97793014e-01, 7.55107092e+01,
       1.19861723e-01, 8.15516536e+00, 1.60326927e+00, 7.14849583e+00,
       9.69856224e+00, 2.03729986e+01, 5.71986244e+01, 2.48431053e+02,
       4.21670844e+01, 4.95818837e+01, 1.19685831e+02, 2.35589465e-01,
       2.13502933e-01, 3.31876588e-01, 7.34399330e-02, 6.62730846e-01,
       2.30960038e+00])
 2026-05-28 02:34:06,278 [prior] Got logpriors (internal) = -20.843688474372982
 2026-05-28 02:34:06,278 [prior] Got logpriors (external) = [-3.4919008731205974]
 2026-05-28 02:34:06,278 [model] Got input parameters: {'tep_epsilon_T': 0.001, 'tep_z_T': 3.0, 'tep_n_T': 1.0, 'H0': 67.5, 'omega_b': 0.0224, 'omega_cdm': 0.12, 'tau_reio': 0.054, 'logA': 3.044, 'A_s': 2.0989031673191437e-09, 'n_s': 0.966, 'A_planck': 0.9999900179725425, 'calib_100T': 1.000905150388485, 'calib_217T': 0.997793013541091, 'A_pol': 1.0, 'calib_100P': 1.021, 'calib_143P': 0.966, 'calib_217P': 1.04, 'cib_index': -1.3, 'A_cib_217': 75.51070922147798, 'xi_sz_cib': 0.11986172260275177, 'A_sz': 8.155165359003771, 'ksz_norm': 1.6032692673211748, 'gal545_A_100': 7.148495831384066, 'gal545_A_143': 9.698562243592837, 'gal545_A_143_217': 20.372998646234922, 'gal545_A_217': 57.19862438513431, 'A_sbpx_100_100_TT': 1.0, 'A_sbpx_143_143_TT': 1.0, 'A_sbpx_143_217_TT': 1.0, 'A_sbpx_217_217_TT': 1.0, 'ps_A_100_100': 248.4310526634179, 'ps_A_143_143': 42.16708436596205, 'ps_A_143_217': 49.58188370810493, 'ps_A_217_217': 119.68583113247614, 'galf_TE_index': -2.4, 'galf_TE_A_100': 0.23558946539497305, 'galf_TE_A_100_143': 0.21350293302070825, 'galf_TE_A_100_217': 0.33187658769363704, 'galf_TE_A_143': 0.07343993297619067, 'galf_TE_A_143_217': 0.6627308464137629, 'galf_TE_A_217': 2.3096003821982007, 'galf_EE_index': -2.4, 'galf_EE_A_100': 0.055, 'galf_EE_A_100_143': 0.04, 'galf_EE_A_100_217': 0.094, 'galf_EE_A_143': 0.086, 'galf_EE_A_143_217': 0.21, 'galf_EE_A_217': 0.7, 'A_cnoise_e2e_100_100_EE': 1.0, 'A_cnoise_e2e_143_143_EE': 1.0, 'A_cnoise_e2e_217_217_EE': 1.0, 'A_sbpx_100_100_EE': 1.0, 'A_sbpx_100_143_EE': 1.0, 'A_sbpx_100_217_EE': 1.0, 'A_sbpx_143_143_EE': 1.0, 'A_sbpx_143_217_EE': 1.0, 'A_sbpx_217_217_EE': 1.0}
 2026-05-28 02:34:06,278 [classy] Got parameters {'tep_epsilon_T': 0.001, 'tep_z_T': 3.0, 'tep_n_T': 1.0, 'H0': 67.5, 'omega_b': 0.0224, 'omega_cdm': 0.12, 'tau_reio': 0.054, 'A_s': 2.0989031673191437e-09, 'n_s': 0.966}
 2026-05-28 02:34:06,278 [classy] Re-using computed results
 2026-05-28 02:34:06,278 [planck_2018_highl_plik.ttteee] Got parameters {'A_planck': 0.9999900179725425, 'calib_100T': 1.000905150388485, 'calib_217T': 0.997793013541091, 'A_pol': 1.0, 'calib_100P': 1.021, 'calib_143P': 0.966, 'calib_217P': 1.04, 'cib_index': -1.3, 'A_cib_217': 75.51070922147798, 'xi_sz_cib': 0.11986172260275177, 'A_sz': 8.155165359003771, 'ksz_norm': 1.6032692673211748, 'gal545_A_100': 7.148495831384066, 'gal545_A_143': 9.698562243592837, 'gal545_A_143_217': 20.372998646234922, 'gal545_A_217': 57.19862438513431, 'A_sbpx_100_100_TT': 1.0, 'A_sbpx_143_143_TT': 1.0, 'A_sbpx_143_217_TT': 1.0, 'A_sbpx_217_217_TT': 1.0, 'ps_A_100_100': 248.4310526634179, 'ps_A_143_143': 42.16708436596205, 'ps_A_143_217': 49.58188370810493, 'ps_A_217_217': 119.68583113247614, 'galf_TE_index': -2.4, 'galf_TE_A_100': 0.23558946539497305, 'galf_TE_A_100_143': 0.21350293302070825, 'galf_TE_A_100_217': 0.33187658769363704, 'galf_TE_A_143': 0.07343993297619067, 'galf_TE_A_143_217': 0.6627308464137629, 'galf_TE_A_217': 2.3096003821982007, 'galf_EE_index': -2.4, 'galf_EE_A_100': 0.055, 'galf_EE_A_100_143': 0.04, 'galf_EE_A_100_217': 0.094, 'galf_EE_A_143': 0.086, 'galf_EE_A_143_217': 0.21, 'galf_EE_A_217': 0.7, 'A_cnoise_e2e_100_100_EE': 1.0, 'A_cnoise_e2e_143_143_EE': 1.0, 'A_cnoise_e2e_217_217_EE': 1.0, 'A_sbpx_100_100_EE': 1.0, 'A_sbpx_100_143_EE': 1.0, 'A_sbpx_100_217_EE': 1.0, 'A_sbpx_143_143_EE': 1.0, 'A_sbpx_143_217_EE': 1.0, 'A_sbpx_217_217_EE': 1.0}
 2026-05-28 02:34:06,278 [planck_2018_highl_plik.ttteee] Computing new state
Cl length: 2509
 2026-05-28 02:34:06,284 [planck_2018_highl_plik.ttteee] Computed log-likelihood = -15914875230.191607
 2026-05-28 02:34:06,284 [planck_2018_lowl.tt] Got parameters {'A_planck': 0.9999900179725425}
 2026-05-28 02:34:06,284 [planck_2018_lowl.tt] Computing new state
Cl length: 2509
 2026-05-28 02:34:06,284 [planck_2018_lowl.tt] Computed log-likelihood = -inf
 2026-05-28 02:34:06,284 [planck_2018_lowl.ee] Got parameters {'A_planck': 0.9999900179725425}
 2026-05-28 02:34:06,284 [planck_2018_lowl.ee] Computing new state
Cl length: 2509
 2026-05-28 02:34:06,284 [planck_2018_lowl.ee] Computed log-likelihood = -198.00994377254736
 2026-05-28 02:34:06,284 [core.pantheon_cobaya_likelihood.pantheoncobaya] Got parameters {}
 2026-05-28 02:34:06,284 [core.pantheon_cobaya_likelihood.pantheoncobaya] Re-using computed results
 2026-05-28 02:34:06,284 [model] Computed derived parameters: {'A_s': 2.0989031673191437e-09, 'chi2__CMB': inf}
 2026-05-28 02:34:06,285 [prior] Evaluating prior at array([1.00000000e-03, 3.00000000e+00, 6.75000000e+01, 2.24000000e-02,
       1.20000000e-01, 5.40000000e-02, 3.04400000e+00, 9.66000000e-01,
       1.00101961e+00, 9.98497465e-01, 9.97338478e-01, 7.06508445e+01,
       7.50854328e-02, 8.05766008e+00, 3.14512451e+00, 5.44099599e+00,
       8.44210338e+00, 1.89029284e+01, 7.51885256e+01, 2.84888930e+02,
       4.70010999e+01, 4.05888882e+01, 9.41804067e+01, 1.44547579e-01,
       1.73461833e-01, 5.51070452e-01, 1.00019685e-01, 6.23748373e-01,
       2.01172260e+00])
 2026-05-28 02:34:06,285 [prior] Got logpriors (internal) = -18.10324193882815
 2026-05-28 02:34:06,285 [prior] Got logpriors (external) = [-4.391847794284708]
 2026-05-28 02:34:06,285 [model] Posterior to be computed for parameters {'tep_epsilon_T': 0.001, 'tep_z_T': 3.0, 'H0': 67.5, 'omega_b': 0.0224, 'omega_cdm': 0.12, 'tau_reio': 0.054, 'logA': 3.044, 'n_s': 0.966, 'A_planck': 1.0010196078964224, 'calib_100T': 0.9984974654262851, 'calib_217T': 0.9973384777558997, 'A_cib_217': 70.6508444891209, 'xi_sz_cib': 0.07508543283018497, 'A_sz': 8.057660075579271, 'ksz_norm': 3.1451245092196656, 'gal545_A_100': 5.440995985917703, 'gal545_A_143': 8.44210337654071, 'gal545_A_143_217': 18.902928449852094, 'gal545_A_217': 75.18852561036638, 'ps_A_100_100': 284.8889301631244, 'ps_A_143_143': 47.00109989214499, 'ps_A_143_217': 40.58888816693902, 'ps_A_217_217': 94.18040665421216, 'galf_TE_A_100': 0.14454757885430988, 'galf_TE_A_100_143': 0.1734618327478466, 'galf_TE_A_100_217': 0.5510704517511179, 'galf_TE_A_143': 0.10001968545773177, 'galf_TE_A_143_217': 0.6237483727195516, 'galf_TE_A_217': 2.0117225954352107}
 2026-05-28 02:34:06,285 [prior] Evaluating prior at array([1.00000000e-03, 3.00000000e+00, 6.75000000e+01, 2.24000000e-02,
       1.20000000e-01, 5.40000000e-02, 3.04400000e+00, 9.66000000e-01,
       1.00101961e+00, 9.98497465e-01, 9.97338478e-01, 7.06508445e+01,
       7.50854328e-02, 8.05766008e+00, 3.14512451e+00, 5.44099599e+00,
       8.44210338e+00, 1.89029284e+01, 7.51885256e+01, 2.84888930e+02,
       4.70010999e+01, 4.05888882e+01, 9.41804067e+01, 1.44547579e-01,
       1.73461833e-01, 5.51070452e-01, 1.00019685e-01, 6.23748373e-01,
       2.01172260e+00])
 2026-05-28 02:34:06,285 [prior] Got logpriors (internal) = -18.10324193882815
 2026-05-28 02:34:06,285 [prior] Got logpriors (external) = [-4.391847794284708]
 2026-05-28 02:34:06,285 [model] Got input parameters: {'tep_epsilon_T': 0.001, 'tep_z_T': 3.0, 'tep_n_T': 1.0, 'H0': 67.5, 'omega_b': 0.0224, 'omega_cdm': 0.12, 'tau_reio': 0.054, 'logA': 3.044, 'A_s': 2.0989031673191437e-09, 'n_s': 0.966, 'A_planck': 1.0010196078964224, 'calib_100T': 0.9984974654262851, 'calib_217T': 0.9973384777558997, 'A_pol': 1.0, 'calib_100P': 1.021, 'calib_143P': 0.966, 'calib_217P': 1.04, 'cib_index': -1.3, 'A_cib_217': 70.6508444891209, 'xi_sz_cib': 0.07508543283018497, 'A_sz': 8.057660075579271, 'ksz_norm': 3.1451245092196656, 'gal545_A_100': 5.440995985917703, 'gal545_A_143': 8.44210337654071, 'gal545_A_143_217': 18.902928449852094, 'gal545_A_217': 75.18852561036638, 'A_sbpx_100_100_TT': 1.0, 'A_sbpx_143_143_TT': 1.0, 'A_sbpx_143_217_TT': 1.0, 'A_sbpx_217_217_TT': 1.0, 'ps_A_100_100': 284.8889301631244, 'ps_A_143_143': 47.00109989214499, 'ps_A_143_217': 40.58888816693902, 'ps_A_217_217': 94.18040665421216, 'galf_TE_index': -2.4, 'galf_TE_A_100': 0.14454757885430988, 'galf_TE_A_100_143': 0.1734618327478466, 'galf_TE_A_100_217': 0.5510704517511179, 'galf_TE_A_143': 0.10001968545773177, 'galf_TE_A_143_217': 0.6237483727195516, 'galf_TE_A_217': 2.0117225954352107, 'galf_EE_index': -2.4, 'galf_EE_A_100': 0.055, 'galf_EE_A_100_143': 0.04, 'galf_EE_A_100_217': 0.094, 'galf_EE_A_143': 0.086, 'galf_EE_A_143_217': 0.21, 'galf_EE_A_217': 0.7, 'A_cnoise_e2e_100_100_EE': 1.0, 'A_cnoise_e2e_143_143_EE': 1.0, 'A_cnoise_e2e_217_217_EE': 1.0, 'A_sbpx_100_100_EE': 1.0, 'A_sbpx_100_143_EE': 1.0, 'A_sbpx_100_217_EE': 1.0, 'A_sbpx_143_143_EE': 1.0, 'A_sbpx_143_217_EE': 1.0, 'A_sbpx_217_217_EE': 1.0}
 2026-05-28 02:34:06,285 [classy] Got parameters {'tep_epsilon_T': 0.001, 'tep_z_T': 3.0, 'tep_n_T': 1.0, 'H0': 67.5, 'omega_b': 0.0224, 'omega_cdm': 0.12, 'tau_reio': 0.054, 'A_s': 2.0989031673191437e-09, 'n_s': 0.966}
 2026-05-28 02:34:06,285 [classy] Re-using computed results
 2026-05-28 02:34:06,285 [planck_2018_highl_plik.ttteee] Got parameters {'A_planck': 1.0010196078964224, 'calib_100T': 0.9984974654262851, 'calib_217T': 0.9973384777558997, 'A_pol': 1.0, 'calib_100P': 1.021, 'calib_143P': 0.966, 'calib_217P': 1.04, 'cib_index': -1.3, 'A_cib_217': 70.6508444891209, 'xi_sz_cib': 0.07508543283018497, 'A_sz': 8.057660075579271, 'ksz_norm': 3.1451245092196656, 'gal545_A_100': 5.440995985917703, 'gal545_A_143': 8.44210337654071, 'gal545_A_143_217': 18.902928449852094, 'gal545_A_217': 75.18852561036638, 'A_sbpx_100_100_TT': 1.0, 'A_sbpx_143_143_TT': 1.0, 'A_sbpx_143_217_TT': 1.0, 'A_sbpx_217_217_TT': 1.0, 'ps_A_100_100': 284.8889301631244, 'ps_A_143_143': 47.00109989214499, 'ps_A_143_217': 40.58888816693902, 'ps_A_217_217': 94.18040665421216, 'galf_TE_index': -2.4, 'galf_TE_A_100': 0.14454757885430988, 'galf_TE_A_100_143': 0.1734618327478466, 'galf_TE_A_100_217': 0.5510704517511179, 'galf_TE_A_143': 0.10001968545773177, 'galf_TE_A_143_217': 0.6237483727195516, 'galf_TE_A_217': 2.0117225954352107, 'galf_EE_index': -2.4, 'galf_EE_A_100': 0.055, 'galf_EE_A_100_143': 0.04, 'galf_EE_A_100_217': 0.094, 'galf_EE_A_143': 0.086, 'galf_EE_A_143_217': 0.21, 'galf_EE_A_217': 0.7, 'A_cnoise_e2e_100_100_EE': 1.0, 'A_cnoise_e2e_143_143_EE': 1.0, 'A_cnoise_e2e_217_217_EE': 1.0, 'A_sbpx_100_100_EE': 1.0, 'A_sbpx_100_143_EE': 1.0, 'A_sbpx_100_217_EE': 1.0, 'A_sbpx_143_143_EE': 1.0, 'A_sbpx_143_217_EE': 1.0, 'A_sbpx_217_217_EE': 1.0}
 2026-05-28 02:34:06,285 [planck_2018_highl_plik.ttteee] Computing new state
Cl length: 2509
 2026-05-28 02:34:06,292 [planck_2018_highl_plik.ttteee] Computed log-likelihood = -15908742120.568502
 2026-05-28 02:34:06,292 [planck_2018_lowl.tt] Got parameters {'A_planck': 1.0010196078964224}
 2026-05-28 02:34:06,292 [planck_2018_lowl.tt] Computing new state
Cl length: 2509
 2026-05-28 02:34:06,292 [planck_2018_lowl.tt] Computed log-likelihood = -inf
 2026-05-28 02:34:06,292 [planck_2018_lowl.ee] Got parameters {'A_planck': 1.0010196078964224}
 2026-05-28 02:34:06,292 [planck_2018_lowl.ee] Computing new state
Cl length: 2509
 2026-05-28 02:34:06,292 [planck_2018_lowl.ee] Computed log-likelihood = -198.01556322340937
 2026-05-28 02:34:06,292 [core.pantheon_cobaya_likelihood.pantheoncobaya] Got parameters {}
 2026-05-28 02:34:06,292 [core.pantheon_cobaya_likelihood.pantheoncobaya] Re-using computed results
 2026-05-28 02:34:06,292 [model] Computed derived parameters: {'A_s': 2.0989031673191437e-09, 'chi2__CMB': inf}
 2026-05-28 02:34:06,292 [prior] Evaluating prior at array([1.00000000e-03, 3.00000000e+00, 6.75000000e+01, 2.24000000e-02,
       1.20000000e-01, 5.40000000e-02, 3.04400000e+00, 9.66000000e-01,
       9.99046821e-01, 9.99870063e-01, 9.98939088e-01, 8.23883797e+01,
       7.34129030e-02, 6.48021733e+00, 4.25587756e-01, 8.14620036e+00,
       8.11373243e+00, 2.10586528e+01, 7.03431793e+01, 2.52003982e+02,
       3.61528056e+01, 3.87686231e+01, 8.65499839e+01, 6.79164195e-02,
       1.50379488e-01, 5.47693400e-01, 2.31376168e-01, 5.35404315e-01,
       1.29210330e+00])
 2026-05-28 02:34:06,292 [prior] Got logpriors (internal) = -15.96869527247089
 2026-05-28 02:34:06,292 [prior] Got logpriors (external) = [-2.1105657681288252]
 2026-05-28 02:34:06,292 [model] Posterior to be computed for parameters {'tep_epsilon_T': 0.001, 'tep_z_T': 3.0, 'H0': 67.5, 'omega_b': 0.0224, 'omega_cdm': 0.12, 'tau_reio': 0.054, 'logA': 3.044, 'n_s': 0.966, 'A_planck': 0.9990468210128376, 'calib_100T': 0.9998700628365931, 'calib_217T': 0.9989390878639847, 'A_cib_217': 82.38837970844128, 'xi_sz_cib': 0.07341290295053525, 'A_sz': 6.480217328781041, 'ksz_norm': 0.4255877563484234, 'gal545_A_100': 8.146200355877028, 'gal545_A_143': 8.113732425243537, 'gal545_A_143_217': 21.058652759626714, 'gal545_A_217': 70.34317928339064, 'ps_A_100_100': 252.00398165560702, 'ps_A_143_143': 36.15280556264616, 'ps_A_143_217': 38.76862310168112, 'ps_A_217_217': 86.5499838634615, 'galf_TE_A_100': 0.06791641947532544, 'galf_TE_A_100_143': 0.15037948838836568, 'galf_TE_A_100_217': 0.5476934004946981, 'galf_TE_A_143': 0.23137616757571214, 'galf_TE_A_143_217': 0.5354043148216223, 'galf_TE_A_217': 1.292103299340691}
 2026-05-28 02:34:06,292 [prior] Evaluating prior at array([1.00000000e-03, 3.00000000e+00, 6.75000000e+01, 2.24000000e-02,
       1.20000000e-01, 5.40000000e-02, 3.04400000e+00, 9.66000000e-01,
       9.99046821e-01, 9.99870063e-01, 9.98939088e-01, 8.23883797e+01,
       7.34129030e-02, 6.48021733e+00, 4.25587756e-01, 8.14620036e+00,
       8.11373243e+00, 2.10586528e+01, 7.03431793e+01, 2.52003982e+02,
       3.61528056e+01, 3.87686231e+01, 8.65499839e+01, 6.79164195e-02,
       1.50379488e-01, 5.47693400e-01, 2.31376168e-01, 5.35404315e-01,
       1.29210330e+00])
 2026-05-28 02:34:06,293 [prior] Got logpriors (internal) = -15.96869527247089
 2026-05-28 02:34:06,293 [prior] Got logpriors (external) = [-2.1105657681288252]
 2026-05-28 02:34:06,293 [model] Got input parameters: {'tep_epsilon_T': 0.001, 'tep_z_T': 3.0, 'tep_n_T': 1.0, 'H0': 67.5, 'omega_b': 0.0224, 'omega_cdm': 0.12, 'tau_reio': 0.054, 'logA': 3.044, 'A_s': 2.0989031673191437e-09, 'n_s': 0.966, 'A_planck': 0.9990468210128376, 'calib_100T': 0.9998700628365931, 'calib_217T': 0.9989390878639847, 'A_pol': 1.0, 'calib_100P': 1.021, 'calib_143P': 0.966, 'calib_217P': 1.04, 'cib_index': -1.3, 'A_cib_217': 82.38837970844128, 'xi_sz_cib': 0.07341290295053525, 'A_sz': 6.480217328781041, 'ksz_norm': 0.4255877563484234, 'gal545_A_100': 8.146200355877028, 'gal545_A_143': 8.113732425243537, 'gal545_A_143_217': 21.058652759626714, 'gal545_A_217': 70.34317928339064, 'A_sbpx_100_100_TT': 1.0, 'A_sbpx_143_143_TT': 1.0, 'A_sbpx_143_217_TT': 1.0, 'A_sbpx_217_217_TT': 1.0, 'ps_A_100_100': 252.00398165560702, 'ps_A_143_143': 36.15280556264616, 'ps_A_143_217': 38.76862310168112, 'ps_A_217_217': 86.5499838634615, 'galf_TE_index': -2.4, 'galf_TE_A_100': 0.06791641947532544, 'galf_TE_A_100_143': 0.15037948838836568, 'galf_TE_A_100_217': 0.5476934004946981, 'galf_TE_A_143': 0.23137616757571214, 'galf_TE_A_143_217': 0.5354043148216223, 'galf_TE_A_217': 1.292103299340691, 'galf_EE_index': -2.4, 'galf_EE_A_100': 0.055, 'galf_EE_A_100_143': 0.04, 'galf_EE_A_100_217': 0.094, 'galf_EE_A_143': 0.086, 'galf_EE_A_143_217': 0.21, 'galf_EE_A_217': 0.7, 'A_cnoise_e2e_100_100_EE': 1.0, 'A_cnoise_e2e_143_143_EE': 1.0, 'A_cnoise_e2e_217_217_EE': 1.0, 'A_sbpx_100_100_EE': 1.0, 'A_sbpx_100_143_EE': 1.0, 'A_sbpx_100_217_EE': 1.0, 'A_sbpx_143_143_EE': 1.0, 'A_sbpx_143_217_EE': 1.0, 'A_sbpx_217_217_EE': 1.0}
 2026-05-28 02:34:06,293 [classy] Got parameters {'tep_epsilon_T': 0.001, 'tep_z_T': 3.0, 'tep_n_T': 1.0, 'H0': 67.5, 'omega_b': 0.0224, 'omega_cdm': 0.12, 'tau_reio': 0.054, 'A_s': 2.0989031673191437e-09, 'n_s': 0.966}
 2026-05-28 02:34:06,293 [classy] Re-using computed results
 2026-05-28 02:34:06,293 [planck_2018_highl_plik.ttteee] Got parameters {'A_planck': 0.9990468210128376, 'calib_100T': 0.9998700628365931, 'calib_217T': 0.9989390878639847, 'A_pol': 1.0, 'calib_100P': 1.021, 'calib_143P': 0.966, 'calib_217P': 1.04, 'cib_index': -1.3, 'A_cib_217': 82.38837970844128, 'xi_sz_cib': 0.07341290295053525, 'A_sz': 6.480217328781041, 'ksz_norm': 0.4255877563484234, 'gal545_A_100': 8.146200355877028, 'gal545_A_143': 8.113732425243537, 'gal545_A_143_217': 21.058652759626714, 'gal545_A_217': 70.34317928339064, 'A_sbpx_100_100_TT': 1.0, 'A_sbpx_143_143_TT': 1.0, 'A_sbpx_143_217_TT': 1.0, 'A_sbpx_217_217_TT': 1.0, 'ps_A_100_100': 252.00398165560702, 'ps_A_143_143': 36.15280556264616, 'ps_A_143_217': 38.76862310168112, 'ps_A_217_217': 86.5499838634615, 'galf_TE_index': -2.4, 'galf_TE_A_100': 0.06791641947532544, 'galf_TE_A_100_143': 0.15037948838836568, 'galf_TE_A_100_217': 0.5476934004946981, 'galf_TE_A_143': 0.23137616757571214, 'galf_TE_A_143_217': 0.5354043148216223, 'galf_TE_A_217': 1.292103299340691, 'galf_EE_index': -2.4, 'galf_EE_A_100': 0.055, 'galf_EE_A_100_143': 0.04, 'galf_EE_A_100_217': 0.094, 'galf_EE_A_143': 0.086, 'galf_EE_A_143_217': 0.21, 'galf_EE_A_217': 0.7, 'A_cnoise_e2e_100_100_EE': 1.0, 'A_cnoise_e2e_143_143_EE': 1.0, 'A_cnoise_e2e_217_217_EE': 1.0, 'A_sbpx_100_100_EE': 1.0, 'A_sbpx_100_143_EE': 1.0, 'A_sbpx_100_217_EE': 1.0, 'A_sbpx_143_143_EE': 1.0, 'A_sbpx_143_217_EE': 1.0, 'A_sbpx_217_217_EE': 1.0}
 2026-05-28 02:34:06,293 [planck_2018_highl_plik.ttteee] Computing new state
Cl length: 2509
 2026-05-28 02:34:06,299 [planck_2018_highl_plik.ttteee] Computed log-likelihood = -16000705145.005157
 2026-05-28 02:34:06,299 [planck_2018_lowl.tt] Got parameters {'A_planck': 0.9990468210128376}
 2026-05-28 02:34:06,299 [planck_2018_lowl.tt] Computing new state
Cl length: 2509
 2026-05-28 02:34:06,299 [planck_2018_lowl.tt] Computed log-likelihood = -inf
 2026-05-28 02:34:06,299 [planck_2018_lowl.ee] Got parameters {'A_planck': 0.9990468210128376}
 2026-05-28 02:34:06,299 [planck_2018_lowl.ee] Computing new state
Cl length: 2509
 2026-05-28 02:34:06,299 [planck_2018_lowl.ee] Computed log-likelihood = -198.01921972027924
 2026-05-28 02:34:06,299 [core.pantheon_cobaya_likelihood.pantheoncobaya] Got parameters {}
 2026-05-28 02:34:06,299 [core.pantheon_cobaya_likelihood.pantheoncobaya] Re-using computed results
 2026-05-28 02:34:06,299 [model] Computed derived parameters: {'A_s': 2.0989031673191437e-09, 'chi2__CMB': inf}
 2026-05-28 02:34:06,299 [prior] Evaluating prior at array([1.00000000e-03, 3.00000000e+00, 6.75000000e+01, 2.24000000e-02,
       1.20000000e-01, 5.40000000e-02, 3.04400000e+00, 9.66000000e-01,
       1.00351656e+00, 1.00007951e+00, 9.99008317e-01, 6.14873199e+01,
       1.35364420e-01, 1.02474206e+01, 1.50417228e+00, 3.86771749e+00,
       8.41319255e+00, 2.49259353e+01, 7.48380505e+01, 2.43235234e+02,
       4.54056804e+01, 6.07427991e+01, 1.13487216e+02, 1.57072662e-01,
       1.27466013e-01, 7.14664387e-01, 4.26873499e-01, 7.54459835e-01,
       1.87720177e+00])
 2026-05-28 02:34:06,299 [prior] Got logpriors (internal) = -inf
 2026-05-28 02:34:06,300 [prior] Evaluating prior at array([1.00000000e-03, 3.00000000e+00, 6.75000000e+01, 2.24000000e-02,
       1.20000000e-01, 5.40000000e-02, 3.04400000e+00, 9.66000000e-01,
       9.97493066e-01, 1.00024204e+00, 9.96792564e-01, 6.89580290e+01,
       7.07137714e-02, 9.19853075e+00, 6.82147912e-01, 8.67109481e+00,
       1.07625918e+01, 1.65825910e+01, 9.12074378e+01, 2.88491064e+02,
       4.77888420e+01, 2.69024494e+01, 9.72819291e+01, 1.75753139e-01,
       2.24242265e-01, 3.42020377e-01, 2.35802957e-01, 4.38355274e-01,
       1.94948807e+00])
 2026-05-28 02:34:06,300 [prior] Got logpriors (internal) = -21.03326663388533
 2026-05-28 02:34:06,300 [prior] Got logpriors (external) = [-3.9513067086297564]
 2026-05-28 02:34:06,300 [model] Posterior to be computed for parameters {'tep_epsilon_T': 0.001, 'tep_z_T': 3.0, 'H0': 67.5, 'omega_b': 0.0224, 'omega_cdm': 0.12, 'tau_reio': 0.054, 'logA': 3.044, 'n_s': 0.966, 'A_planck': 0.9974930663058947, 'calib_100T': 1.0002420411249022, 'calib_217T': 0.9967925640572588, 'A_cib_217': 68.95802895728532, 'xi_sz_cib': 0.07071377137040202, 'A_sz': 9.198530749823151, 'ksz_norm': 0.6821479121865137, 'gal545_A_100': 8.6710948134595, 'gal545_A_143': 10.762591822197813, 'gal545_A_143_217': 16.582591007744885, 'gal545_A_217': 91.20743779454268, 'ps_A_100_100': 288.4910639180164, 'ps_A_143_143': 47.788841964396624, 'ps_A_143_217': 26.902449444149973, 'ps_A_217_217': 97.28192905413727, 'galf_TE_A_100': 0.1757531388965116, 'galf_TE_A_100_143': 0.2242422650069738, 'galf_TE_A_100_217': 0.3420203774329748, 'galf_TE_A_143': 0.23580295747489494, 'galf_TE_A_143_217': 0.43835527423110227, 'galf_TE_A_217': 1.9494880717582925}
 2026-05-28 02:34:06,300 [prior] Evaluating prior at array([1.00000000e-03, 3.00000000e+00, 6.75000000e+01, 2.24000000e-02,
       1.20000000e-01, 5.40000000e-02, 3.04400000e+00, 9.66000000e-01,
       9.97493066e-01, 1.00024204e+00, 9.96792564e-01, 6.89580290e+01,
       7.07137714e-02, 9.19853075e+00, 6.82147912e-01, 8.67109481e+00,
       1.07625918e+01, 1.65825910e+01, 9.12074378e+01, 2.88491064e+02,
       4.77888420e+01, 2.69024494e+01, 9.72819291e+01, 1.75753139e-01,
       2.24242265e-01, 3.42020377e-01, 2.35802957e-01, 4.38355274e-01,
       1.94948807e+00])
 2026-05-28 02:34:06,300 [prior] Got logpriors (internal) = -21.03326663388533
 2026-05-28 02:34:06,300 [prior] Got logpriors (external) = [-3.9513067086297564]
 2026-05-28 02:34:06,300 [model] Got input parameters: {'tep_epsilon_T': 0.001, 'tep_z_T': 3.0, 'tep_n_T': 1.0, 'H0': 67.5, 'omega_b': 0.0224, 'omega_cdm': 0.12, 'tau_reio': 0.054, 'logA': 3.044, 'A_s': 2.0989031673191437e-09, 'n_s': 0.966, 'A_planck': 0.9974930663058947, 'calib_100T': 1.0002420411249022, 'calib_217T': 0.9967925640572588, 'A_pol': 1.0, 'calib_100P': 1.021, 'calib_143P': 0.966, 'calib_217P': 1.04, 'cib_index': -1.3, 'A_cib_217': 68.95802895728532, 'xi_sz_cib': 0.07071377137040202, 'A_sz': 9.198530749823151, 'ksz_norm': 0.6821479121865137, 'gal545_A_100': 8.6710948134595, 'gal545_A_143': 10.762591822197813, 'gal545_A_143_217': 16.582591007744885, 'gal545_A_217': 91.20743779454268, 'A_sbpx_100_100_TT': 1.0, 'A_sbpx_143_143_TT': 1.0, 'A_sbpx_143_217_TT': 1.0, 'A_sbpx_217_217_TT': 1.0, 'ps_A_100_100': 288.4910639180164, 'ps_A_143_143': 47.788841964396624, 'ps_A_143_217': 26.902449444149973, 'ps_A_217_217': 97.28192905413727, 'galf_TE_index': -2.4, 'galf_TE_A_100': 0.1757531388965116, 'galf_TE_A_100_143': 0.2242422650069738, 'galf_TE_A_100_217': 0.3420203774329748, 'galf_TE_A_143': 0.23580295747489494, 'galf_TE_A_143_217': 0.43835527423110227, 'galf_TE_A_217': 1.9494880717582925, 'galf_EE_index': -2.4, 'galf_EE_A_100': 0.055, 'galf_EE_A_100_143': 0.04, 'galf_EE_A_100_217': 0.094, 'galf_EE_A_143': 0.086, 'galf_EE_A_143_217': 0.21, 'galf_EE_A_217': 0.7, 'A_cnoise_e2e_100_100_EE': 1.0, 'A_cnoise_e2e_143_143_EE': 1.0, 'A_cnoise_e2e_217_217_EE': 1.0, 'A_sbpx_100_100_EE': 1.0, 'A_sbpx_100_143_EE': 1.0, 'A_sbpx_100_217_EE': 1.0, 'A_sbpx_143_143_EE': 1.0, 'A_sbpx_143_217_EE': 1.0, 'A_sbpx_217_217_EE': 1.0}
 2026-05-28 02:34:06,300 [classy] Got parameters {'tep_epsilon_T': 0.001, 'tep_z_T': 3.0, 'tep_n_T': 1.0, 'H0': 67.5, 'omega_b': 0.0224, 'omega_cdm': 0.12, 'tau_reio': 0.054, 'A_s': 2.0989031673191437e-09, 'n_s': 0.966}
 2026-05-28 02:34:06,300 [classy] Re-using computed results
 2026-05-28 02:34:06,300 [planck_2018_highl_plik.ttteee] Got parameters {'A_planck': 0.9974930663058947, 'calib_100T': 1.0002420411249022, 'calib_217T': 0.9967925640572588, 'A_pol': 1.0, 'calib_100P': 1.021, 'calib_143P': 0.966, 'calib_217P': 1.04, 'cib_index': -1.3, 'A_cib_217': 68.95802895728532, 'xi_sz_cib': 0.07071377137040202, 'A_sz': 9.198530749823151, 'ksz_norm': 0.6821479121865137, 'gal545_A_100': 8.6710948134595, 'gal545_A_143': 10.762591822197813, 'gal545_A_143_217': 16.582591007744885, 'gal545_A_217': 91.20743779454268, 'A_sbpx_100_100_TT': 1.0, 'A_sbpx_143_143_TT': 1.0, 'A_sbpx_143_217_TT': 1.0, 'A_sbpx_217_217_TT': 1.0, 'ps_A_100_100': 288.4910639180164, 'ps_A_143_143': 47.788841964396624, 'ps_A_143_217': 26.902449444149973, 'ps_A_217_217': 97.28192905413727, 'galf_TE_index': -2.4, 'galf_TE_A_100': 0.1757531388965116, 'galf_TE_A_100_143': 0.2242422650069738, 'galf_TE_A_100_217': 0.3420203774329748, 'galf_TE_A_143': 0.23580295747489494, 'galf_TE_A_143_217': 0.43835527423110227, 'galf_TE_A_217': 1.9494880717582925, 'galf_EE_index': -2.4, 'galf_EE_A_100': 0.055, 'galf_EE_A_100_143': 0.04, 'galf_EE_A_100_217': 0.094, 'galf_EE_A_143': 0.086, 'galf_EE_A_143_217': 0.21, 'galf_EE_A_217': 0.7, 'A_cnoise_e2e_100_100_EE': 1.0, 'A_cnoise_e2e_143_143_EE': 1.0, 'A_cnoise_e2e_217_217_EE': 1.0, 'A_sbpx_100_100_EE': 1.0, 'A_sbpx_100_143_EE': 1.0, 'A_sbpx_100_217_EE': 1.0, 'A_sbpx_143_143_EE': 1.0, 'A_sbpx_143_217_EE': 1.0, 'A_sbpx_217_217_EE': 1.0}
 2026-05-28 02:34:06,300 [planck_2018_highl_plik.ttteee] Computing new state
Cl length: 2509
 2026-05-28 02:34:06,332 [planck_2018_highl_plik.ttteee] Computed log-likelihood = -16091544469.908403
 2026-05-28 02:34:06,332 [planck_2018_lowl.tt] Got parameters {'A_planck': 0.9974930663058947}
 2026-05-28 02:34:06,332 [planck_2018_lowl.tt] Computing new state
Cl length: 2509
 2026-05-28 02:34:06,332 [planck_2018_lowl.tt] Computed log-likelihood = -inf
 2026-05-28 02:34:06,333 [planck_2018_lowl.ee] Got parameters {'A_planck': 0.9974930663058947}
 2026-05-28 02:34:06,333 [planck_2018_lowl.ee] Computing new state
Cl length: 2509
 2026-05-28 02:34:06,333 [planck_2018_lowl.ee] Computed log-likelihood = -198.01297509915298
 2026-05-28 02:34:06,333 [core.pantheon_cobaya_likelihood.pantheoncobaya] Got parameters {}
 2026-05-28 02:34:06,333 [core.pantheon_cobaya_likelihood.pantheoncobaya] Re-using computed results
 2026-05-28 02:34:06,333 [model] Computed derived parameters: {'A_s': 2.0989031673191437e-09, 'chi2__CMB': inf}
 2026-05-28 02:34:06,334 [prior] Evaluating prior at array([1.00000000e-03, 3.00000000e+00, 6.75000000e+01, 2.24000000e-02,
       1.20000000e-01, 5.40000000e-02, 3.04400000e+00, 9.66000000e-01,
       1.00326546e+00, 1.00255138e+00, 9.96862138e-01, 6.87481347e+01,
       6.67994615e-02, 3.02724142e+00, 3.36562793e+00, 5.24640511e+00,
       1.13292002e+01, 1.75119094e+01, 4.19247551e+01, 2.72945880e+02,
       2.87891001e+01, 4.39657915e+01, 1.10622555e+02, 3.19630714e-01,
       8.39375846e-02, 4.82959790e-01, 3.82894818e-01, 6.80758038e-01,
       1.94138077e+00])
 2026-05-28 02:34:06,335 [prior] Got logpriors (internal) = -36.49375943246317
 2026-05-28 02:34:06,335 [prior] Got logpriors (external) = [-2.1101134878620735]
 2026-05-28 02:34:06,335 [model] Posterior to be computed for parameters {'tep_epsilon_T': 0.001, 'tep_z_T': 3.0, 'H0': 67.5, 'omega_b': 0.0224, 'omega_cdm': 0.12, 'tau_reio': 0.054, 'logA': 3.044, 'n_s': 0.966, 'A_planck': 1.0032654609207272, 'calib_100T': 1.0025513774131267, 'calib_217T': 0.9968621380438765, 'A_cib_217': 68.74813467588828, 'xi_sz_cib': 0.06679946146051825, 'A_sz': 3.0272414191416552, 'ksz_norm': 3.3656279269230573, 'gal545_A_100': 5.246405112935799, 'gal545_A_143': 11.32920018273602, 'gal545_A_143_217': 17.51190939757506, 'gal545_A_217': 41.92475509956941, 'ps_A_100_100': 272.94588026354205, 'ps_A_143_143': 28.789100077832348, 'ps_A_143_217': 43.96579151446133, 'ps_A_217_217': 110.62255482179285, 'galf_TE_A_100': 0.3196307138253819, 'galf_TE_A_100_143': 0.08393758457599834, 'galf_TE_A_100_217': 0.48295979032921293, 'galf_TE_A_143': 0.38289481816836896, 'galf_TE_A_143_217': 0.6807580376985058, 'galf_TE_A_217': 1.9413807682982842}
 2026-05-28 02:34:06,335 [prior] Evaluating prior at array([1.00000000e-03, 3.00000000e+00, 6.75000000e+01, 2.24000000e-02,
       1.20000000e-01, 5.40000000e-02, 3.04400000e+00, 9.66000000e-01,
       1.00326546e+00, 1.00255138e+00, 9.96862138e-01, 6.87481347e+01,
       6.67994615e-02, 3.02724142e+00, 3.36562793e+00, 5.24640511e+00,
       1.13292002e+01, 1.75119094e+01, 4.19247551e+01, 2.72945880e+02,
       2.87891001e+01, 4.39657915e+01, 1.10622555e+02, 3.19630714e-01,
       8.39375846e-02, 4.82959790e-01, 3.82894818e-01, 6.80758038e-01,
       1.94138077e+00])
 2026-05-28 02:34:06,335 [prior] Got logpriors (internal) = -36.49375943246317
 2026-05-28 02:34:06,335 [prior] Got logpriors (external) = [-2.1101134878620735]
 2026-05-28 02:34:06,335 [model] Got input parameters: {'tep_epsilon_T': 0.001, 'tep_z_T': 3.0, 'tep_n_T': 1.0, 'H0': 67.5, 'omega_b': 0.0224, 'omega_cdm': 0.12, 'tau_reio': 0.054, 'logA': 3.044, 'A_s': 2.0989031673191437e-09, 'n_s': 0.966, 'A_planck': 1.0032654609207272, 'calib_100T': 1.0025513774131267, 'calib_217T': 0.9968621380438765, 'A_pol': 1.0, 'calib_100P': 1.021, 'calib_143P': 0.966, 'calib_217P': 1.04, 'cib_index': -1.3, 'A_cib_217': 68.74813467588828, 'xi_sz_cib': 0.06679946146051825, 'A_sz': 3.0272414191416552, 'ksz_norm': 3.3656279269230573, 'gal545_A_100': 5.246405112935799, 'gal545_A_143': 11.32920018273602, 'gal545_A_143_217': 17.51190939757506, 'gal545_A_217': 41.92475509956941, 'A_sbpx_100_100_TT': 1.0, 'A_sbpx_143_143_TT': 1.0, 'A_sbpx_143_217_TT': 1.0, 'A_sbpx_217_217_TT': 1.0, 'ps_A_100_100': 272.94588026354205, 'ps_A_143_143': 28.789100077832348, 'ps_A_143_217': 43.96579151446133, 'ps_A_217_217': 110.62255482179285, 'galf_TE_index': -2.4, 'galf_TE_A_100': 0.3196307138253819, 'galf_TE_A_100_143': 0.08393758457599834, 'galf_TE_A_100_217': 0.48295979032921293, 'galf_TE_A_143': 0.38289481816836896, 'galf_TE_A_143_217': 0.6807580376985058, 'galf_TE_A_217': 1.9413807682982842, 'galf_EE_index': -2.4, 'galf_EE_A_100': 0.055, 'galf_EE_A_100_143': 0.04, 'galf_EE_A_100_217': 0.094, 'galf_EE_A_143': 0.086, 'galf_EE_A_143_217': 0.21, 'galf_EE_A_217': 0.7, 'A_cnoise_e2e_100_100_EE': 1.0, 'A_cnoise_e2e_143_143_EE': 1.0, 'A_cnoise_e2e_217_217_EE': 1.0, 'A_sbpx_100_100_EE': 1.0, 'A_sbpx_100_143_EE': 1.0, 'A_sbpx_100_217_EE': 1.0, 'A_sbpx_143_143_EE': 1.0, 'A_sbpx_143_217_EE': 1.0, 'A_sbpx_217_217_EE': 1.0}
 2026-05-28 02:34:06,335 [classy] Got parameters {'tep_epsilon_T': 0.001, 'tep_z_T': 3.0, 'tep_n_T': 1.0, 'H0': 67.5, 'omega_b': 0.0224, 'omega_cdm': 0.12, 'tau_reio': 0.054, 'A_s': 2.0989031673191437e-09, 'n_s': 0.966}
 2026-05-28 02:34:06,335 [classy] Re-using computed results
 2026-05-28 02:34:06,335 [planck_2018_highl_plik.ttteee] Got parameters {'A_planck': 1.0032654609207272, 'calib_100T': 1.0025513774131267, 'calib_217T': 0.9968621380438765, 'A_pol': 1.0, 'calib_100P': 1.021, 'calib_143P': 0.966, 'calib_217P': 1.04, 'cib_index': -1.3, 'A_cib_217': 68.74813467588828, 'xi_sz_cib': 0.06679946146051825, 'A_sz': 3.0272414191416552, 'ksz_norm': 3.3656279269230573, 'gal545_A_100': 5.246405112935799, 'gal545_A_143': 11.32920018273602, 'gal545_A_143_217': 17.51190939757506, 'gal545_A_217': 41.92475509956941, 'A_sbpx_100_100_TT': 1.0, 'A_sbpx_143_143_TT': 1.0, 'A_sbpx_143_217_TT': 1.0, 'A_sbpx_217_217_TT': 1.0, 'ps_A_100_100': 272.94588026354205, 'ps_A_143_143': 28.789100077832348, 'ps_A_143_217': 43.96579151446133, 'ps_A_217_217': 110.62255482179285, 'galf_TE_index': -2.4, 'galf_TE_A_100': 0.3196307138253819, 'galf_TE_A_100_143': 0.08393758457599834, 'galf_TE_A_100_217': 0.48295979032921293, 'galf_TE_A_143': 0.38289481816836896, 'galf_TE_A_143_217': 0.6807580376985058, 'galf_TE_A_217': 1.9413807682982842, 'galf_EE_index': -2.4, 'galf_EE_A_100': 0.055, 'galf_EE_A_100_143': 0.04, 'galf_EE_A_100_217': 0.094, 'galf_EE_A_143': 0.086, 'galf_EE_A_143_217': 0.21, 'galf_EE_A_217': 0.7, 'A_cnoise_e2e_100_100_EE': 1.0, 'A_cnoise_e2e_143_143_EE': 1.0, 'A_cnoise_e2e_217_217_EE': 1.0, 'A_sbpx_100_100_EE': 1.0, 'A_sbpx_100_143_EE': 1.0, 'A_sbpx_100_217_EE': 1.0, 'A_sbpx_143_143_EE': 1.0, 'A_sbpx_143_217_EE': 1.0, 'A_sbpx_217_217_EE': 1.0}
 2026-05-28 02:34:06,335 [planck_2018_highl_plik.ttteee] Computing new state
Cl length: 2509
 2026-05-28 02:34:06,348 [planck_2018_highl_plik.ttteee] Computed log-likelihood = -15668337422.856747
 2026-05-28 02:34:06,350 [planck_2018_lowl.tt] Got parameters {'A_planck': 1.0032654609207272}
 2026-05-28 02:34:06,350 [planck_2018_lowl.tt] Computing new state
Cl length: 2509
 2026-05-28 02:34:06,351 [planck_2018_lowl.tt] Computed log-likelihood = -inf
 2026-05-28 02:34:06,351 [planck_2018_lowl.ee] Got parameters {'A_planck': 1.0032654609207272}
 2026-05-28 02:34:06,351 [planck_2018_lowl.ee] Computing new state
Cl length: 2509
 2026-05-28 02:34:06,352 [planck_2018_lowl.ee] Computed log-likelihood = -198.01932346981192
 2026-05-28 02:34:06,352 [core.pantheon_cobaya_likelihood.pantheoncobaya] Got parameters {}
 2026-05-28 02:34:06,352 [core.pantheon_cobaya_likelihood.pantheoncobaya] Re-using computed results
 2026-05-28 02:34:06,352 [model] Computed derived parameters: {'A_s': 2.0989031673191437e-09, 'chi2__CMB': inf}
 2026-05-28 02:34:06,357 [prior] Evaluating prior at array([1.00000000e-03, 3.00000000e+00, 6.75000000e+01, 2.24000000e-02,
       1.20000000e-01, 5.40000000e-02, 3.04400000e+00, 9.66000000e-01,
       1.00406134e+00, 1.00140435e+00, 9.98783763e-01, 6.40112692e+01,
       5.87406654e-02, 5.27427351e+00, 5.27327817e+00, 4.84102957e+00,
       9.76987061e+00, 2.12249758e+01, 6.48090402e+01, 2.78364101e+02,
       4.03253461e+01, 2.04714864e+01, 6.27842286e+01, 1.05590495e-01,
       2.06718448e-01, 5.11209079e-01, 2.95135572e-01, 6.64619420e-01,
       2.15949947e+00])
 2026-05-28 02:34:06,359 [prior] Got logpriors (internal) = -19.17048639950994
 2026-05-28 02:34:06,359 [prior] Got logpriors (external) = [-3.0032130114242985]
 2026-05-28 02:34:06,360 [model] Posterior to be computed for parameters {'tep_epsilon_T': 0.001, 'tep_z_T': 3.0, 'H0': 67.5, 'omega_b': 0.0224, 'omega_cdm': 0.12, 'tau_reio': 0.054, 'logA': 3.044, 'n_s': 0.966, 'A_planck': 1.0040613409604622, 'calib_100T': 1.001404348166497, 'calib_217T': 0.9987837629605075, 'A_cib_217': 64.0112691930276, 'xi_sz_cib': 0.05874066539735176, 'A_sz': 5.2742735107314145, 'ksz_norm': 5.273278170878221, 'gal545_A_100': 4.841029571608737, 'gal545_A_143': 9.769870612666733, 'gal545_A_143_217': 21.22497576150694, 'gal545_A_217': 64.80904021308226, 'ps_A_100_100': 278.3641008781191, 'ps_A_143_143': 40.32534607909638, 'ps_A_143_217': 20.47148639546024, 'ps_A_217_217': 62.784228562925975, 'galf_TE_A_100': 0.10559049454748672, 'galf_TE_A_100_143': 0.20671844836480097, 'galf_TE_A_100_217': 0.5112090788226289, 'galf_TE_A_143': 0.2951355723089524, 'galf_TE_A_143_217': 0.6646194200476649, 'galf_TE_A_217': 2.1594994680638715}
 2026-05-28 02:34:06,360 [prior] Evaluating prior at array([1.00000000e-03, 3.00000000e+00, 6.75000000e+01, 2.24000000e-02,
       1.20000000e-01, 5.40000000e-02, 3.04400000e+00, 9.66000000e-01,
       1.00406134e+00, 1.00140435e+00, 9.98783763e-01, 6.40112692e+01,
       5.87406654e-02, 5.27427351e+00, 5.27327817e+00, 4.84102957e+00,
       9.76987061e+00, 2.12249758e+01, 6.48090402e+01, 2.78364101e+02,
       4.03253461e+01, 2.04714864e+01, 6.27842286e+01, 1.05590495e-01,
       2.06718448e-01, 5.11209079e-01, 2.95135572e-01, 6.64619420e-01,
       2.15949947e+00])
 2026-05-28 02:34:06,361 [prior] Got logpriors (internal) = -19.17048639950994
 2026-05-28 02:34:06,362 [prior] Got logpriors (external) = [-3.0032130114242985]
 2026-05-28 02:34:06,364 [model] Got input parameters: {'tep_epsilon_T': 0.001, 'tep_z_T': 3.0, 'tep_n_T': 1.0, 'H0': 67.5, 'omega_b': 0.0224, 'omega_cdm': 0.12, 'tau_reio': 0.054, 'logA': 3.044, 'A_s': 2.0989031673191437e-09, 'n_s': 0.966, 'A_planck': 1.0040613409604622, 'calib_100T': 1.001404348166497, 'calib_217T': 0.9987837629605075, 'A_pol': 1.0, 'calib_100P': 1.021, 'calib_143P': 0.966, 'calib_217P': 1.04, 'cib_index': -1.3, 'A_cib_217': 64.0112691930276, 'xi_sz_cib': 0.05874066539735176, 'A_sz': 5.2742735107314145, 'ksz_norm': 5.273278170878221, 'gal545_A_100': 4.841029571608737, 'gal545_A_143': 9.769870612666733, 'gal545_A_143_217': 21.22497576150694, 'gal545_A_217': 64.80904021308226, 'A_sbpx_100_100_TT': 1.0, 'A_sbpx_143_143_TT': 1.0, 'A_sbpx_143_217_TT': 1.0, 'A_sbpx_217_217_TT': 1.0, 'ps_A_100_100': 278.3641008781191, 'ps_A_143_143': 40.32534607909638, 'ps_A_143_217': 20.47148639546024, 'ps_A_217_217': 62.784228562925975, 'galf_TE_index': -2.4, 'galf_TE_A_100': 0.10559049454748672, 'galf_TE_A_100_143': 0.20671844836480097, 'galf_TE_A_100_217': 0.5112090788226289, 'galf_TE_A_143': 0.2951355723089524, 'galf_TE_A_143_217': 0.6646194200476649, 'galf_TE_A_217': 2.1594994680638715, 'galf_EE_index': -2.4, 'galf_EE_A_100': 0.055, 'galf_EE_A_100_143': 0.04, 'galf_EE_A_100_217': 0.094, 'galf_EE_A_143': 0.086, 'galf_EE_A_143_217': 0.21, 'galf_EE_A_217': 0.7, 'A_cnoise_e2e_100_100_EE': 1.0, 'A_cnoise_e2e_143_143_EE': 1.0, 'A_cnoise_e2e_217_217_EE': 1.0, 'A_sbpx_100_100_EE': 1.0, 'A_sbpx_100_143_EE': 1.0, 'A_sbpx_100_217_EE': 1.0, 'A_sbpx_143_143_EE': 1.0, 'A_sbpx_143_217_EE': 1.0, 'A_sbpx_217_217_EE': 1.0}
 2026-05-28 02:34:06,364 [classy] Got parameters {'tep_epsilon_T': 0.001, 'tep_z_T': 3.0, 'tep_n_T': 1.0, 'H0': 67.5, 'omega_b': 0.0224, 'omega_cdm': 0.12, 'tau_reio': 0.054, 'A_s': 2.0989031673191437e-09, 'n_s': 0.966}
 2026-05-28 02:34:06,364 [classy] Re-using computed results
 2026-05-28 02:34:06,365 [planck_2018_highl_plik.ttteee] Got parameters {'A_planck': 1.0040613409604622, 'calib_100T': 1.001404348166497, 'calib_217T': 0.9987837629605075, 'A_pol': 1.0, 'calib_100P': 1.021, 'calib_143P': 0.966, 'calib_217P': 1.04, 'cib_index': -1.3, 'A_cib_217': 64.0112691930276, 'xi_sz_cib': 0.05874066539735176, 'A_sz': 5.2742735107314145, 'ksz_norm': 5.273278170878221, 'gal545_A_100': 4.841029571608737, 'gal545_A_143': 9.769870612666733, 'gal545_A_143_217': 21.22497576150694, 'gal545_A_217': 64.80904021308226, 'A_sbpx_100_100_TT': 1.0, 'A_sbpx_143_143_TT': 1.0, 'A_sbpx_143_217_TT': 1.0, 'A_sbpx_217_217_TT': 1.0, 'ps_A_100_100': 278.3641008781191, 'ps_A_143_143': 40.32534607909638, 'ps_A_143_217': 20.47148639546024, 'ps_A_217_217': 62.784228562925975, 'galf_TE_index': -2.4, 'galf_TE_A_100': 0.10559049454748672, 'galf_TE_A_100_143': 0.20671844836480097, 'galf_TE_A_100_217': 0.5112090788226289, 'galf_TE_A_143': 0.2951355723089524, 'galf_TE_A_143_217': 0.6646194200476649, 'galf_TE_A_217': 2.1594994680638715, 'galf_EE_index': -2.4, 'galf_EE_A_100': 0.055, 'galf_EE_A_100_143': 0.04, 'galf_EE_A_100_217': 0.094, 'galf_EE_A_143': 0.086, 'galf_EE_A_143_217': 0.21, 'galf_EE_A_217': 0.7, 'A_cnoise_e2e_100_100_EE': 1.0, 'A_cnoise_e2e_143_143_EE': 1.0, 'A_cnoise_e2e_217_217_EE': 1.0, 'A_sbpx_100_100_EE': 1.0, 'A_sbpx_100_143_EE': 1.0, 'A_sbpx_100_217_EE': 1.0, 'A_sbpx_143_143_EE': 1.0, 'A_sbpx_143_217_EE': 1.0, 'A_sbpx_217_217_EE': 1.0}
 2026-05-28 02:34:06,365 [planck_2018_highl_plik.ttteee] Computing new state
Cl length: 2509
 2026-05-28 02:34:06,397 [planck_2018_highl_plik.ttteee] Computed log-likelihood = -15646038369.69056
 2026-05-28 02:34:06,397 [planck_2018_lowl.tt] Got parameters {'A_planck': 1.0040613409604622}
 2026-05-28 02:34:06,397 [planck_2018_lowl.tt] Computing new state
Cl length: 2509
 2026-05-28 02:34:06,397 [planck_2018_lowl.tt] Computed log-likelihood = -inf
 2026-05-28 02:34:06,397 [planck_2018_lowl.ee] Got parameters {'A_planck': 1.0040613409604622}
 2026-05-28 02:34:06,397 [planck_2018_lowl.ee] Computing new state
Cl length: 2509
 2026-05-28 02:34:06,398 [planck_2018_lowl.ee] Computed log-likelihood = -198.01519584852144
 2026-05-28 02:34:06,398 [core.pantheon_cobaya_likelihood.pantheoncobaya] Got parameters {}
 2026-05-28 02:34:06,398 [core.pantheon_cobaya_likelihood.pantheoncobaya] Re-using computed results
 2026-05-28 02:34:06,398 [model] Computed derived parameters: {'A_s': 2.0989031673191437e-09, 'chi2__CMB': inf}
 2026-05-28 02:34:06,399 [prior] Evaluating prior at array([1.00000000e-03, 3.00000000e+00, 6.75000000e+01, 2.24000000e-02,
       1.20000000e-01, 5.40000000e-02, 3.04400000e+00, 9.66000000e-01,
       1.00106085e+00, 9.99159050e-01, 9.99067596e-01, 4.86883920e+01,
       3.31566737e-02, 6.12543560e+00, 3.30995561e+00, 3.86816026e+00,
       1.19968998e+01, 2.92540375e+01, 6.84754847e+01, 2.58808062e+02,
       6.09375964e+01, 5.00121447e+01, 1.09124709e+02, 8.40096045e-02,
       1.73660163e-01, 4.69163679e-01, 2.82880195e-01, 7.27066472e-01,
       1.65267414e+00])
 2026-05-28 02:34:06,399 [prior] Got logpriors (internal) = -17.952282964701254
 2026-05-28 02:34:06,399 [prior] Got logpriors (external) = [-2.7418181538061113]
 2026-05-28 02:34:06,399 [model] Posterior to be computed for parameters {'tep_epsilon_T': 0.001, 'tep_z_T': 3.0, 'H0': 67.5, 'omega_b': 0.0224, 'omega_cdm': 0.12, 'tau_reio': 0.054, 'logA': 3.044, 'n_s': 0.966, 'A_planck': 1.00106084940955, 'calib_100T': 0.9991590497230887, 'calib_217T': 0.9990675964555285, 'A_cib_217': 48.68839200256632, 'xi_sz_cib': 0.03315667371485268, 'A_sz': 6.1254356024461245, 'ksz_norm': 3.309955605193331, 'gal545_A_100': 3.8681602624273417, 'gal545_A_143': 11.996899846310253, 'gal545_A_143_217': 29.25403752883375, 'gal545_A_217': 68.47548467677461, 'ps_A_100_100': 258.808061747157, 'ps_A_143_143': 60.93759640264341, 'ps_A_143_217': 50.012144742167834, 'ps_A_217_217': 109.12470856139421, 'galf_TE_A_100': 0.08400960447738529, 'galf_TE_A_100_143': 0.17366016295151662, 'galf_TE_A_100_217': 0.46916367943902365, 'galf_TE_A_143': 0.2828801953569263, 'galf_TE_A_143_217': 0.7270664721721589, 'galf_TE_A_217': 1.652674140786805}
 2026-05-28 02:34:06,399 [prior] Evaluating prior at array([1.00000000e-03, 3.00000000e+00, 6.75000000e+01, 2.24000000e-02,
       1.20000000e-01, 5.40000000e-02, 3.04400000e+00, 9.66000000e-01,
       1.00106085e+00, 9.99159050e-01, 9.99067596e-01, 4.86883920e+01,
       3.31566737e-02, 6.12543560e+00, 3.30995561e+00, 3.86816026e+00,
       1.19968998e+01, 2.92540375e+01, 6.84754847e+01, 2.58808062e+02,
       6.09375964e+01, 5.00121447e+01, 1.09124709e+02, 8.40096045e-02,
       1.73660163e-01, 4.69163679e-01, 2.82880195e-01, 7.27066472e-01,
       1.65267414e+00])
 2026-05-28 02:34:06,399 [prior] Got logpriors (internal) = -17.952282964701254
 2026-05-28 02:34:06,399 [prior] Got logpriors (external) = [-2.7418181538061113]
 2026-05-28 02:34:06,399 [model] Got input parameters: {'tep_epsilon_T': 0.001, 'tep_z_T': 3.0, 'tep_n_T': 1.0, 'H0': 67.5, 'omega_b': 0.0224, 'omega_cdm': 0.12, 'tau_reio': 0.054, 'logA': 3.044, 'A_s': 2.0989031673191437e-09, 'n_s': 0.966, 'A_planck': 1.00106084940955, 'calib_100T': 0.9991590497230887, 'calib_217T': 0.9990675964555285, 'A_pol': 1.0, 'calib_100P': 1.021, 'calib_143P': 0.966, 'calib_217P': 1.04, 'cib_index': -1.3, 'A_cib_217': 48.68839200256632, 'xi_sz_cib': 0.03315667371485268, 'A_sz': 6.1254356024461245, 'ksz_norm': 3.309955605193331, 'gal545_A_100': 3.8681602624273417, 'gal545_A_143': 11.996899846310253, 'gal545_A_143_217': 29.25403752883375, 'gal545_A_217': 68.47548467677461, 'A_sbpx_100_100_TT': 1.0, 'A_sbpx_143_143_TT': 1.0, 'A_sbpx_143_217_TT': 1.0, 'A_sbpx_217_217_TT': 1.0, 'ps_A_100_100': 258.808061747157, 'ps_A_143_143': 60.93759640264341, 'ps_A_143_217': 50.012144742167834, 'ps_A_217_217': 109.12470856139421, 'galf_TE_index': -2.4, 'galf_TE_A_100': 0.08400960447738529, 'galf_TE_A_100_143': 0.17366016295151662, 'galf_TE_A_100_217': 0.46916367943902365, 'galf_TE_A_143': 0.2828801953569263, 'galf_TE_A_143_217': 0.7270664721721589, 'galf_TE_A_217': 1.652674140786805, 'galf_EE_index': -2.4, 'galf_EE_A_100': 0.055, 'galf_EE_A_100_143': 0.04, 'galf_EE_A_100_217': 0.094, 'galf_EE_A_143': 0.086, 'galf_EE_A_143_217': 0.21, 'galf_EE_A_217': 0.7, 'A_cnoise_e2e_100_100_EE': 1.0, 'A_cnoise_e2e_143_143_EE': 1.0, 'A_cnoise_e2e_217_217_EE': 1.0, 'A_sbpx_100_100_EE': 1.0, 'A_sbpx_100_143_EE': 1.0, 'A_sbpx_100_217_EE': 1.0, 'A_sbpx_143_143_EE': 1.0, 'A_sbpx_143_217_EE': 1.0, 'A_sbpx_217_217_EE': 1.0}
 2026-05-28 02:34:06,399 [classy] Got parameters {'tep_epsilon_T': 0.001, 'tep_z_T': 3.0, 'tep_n_T': 1.0, 'H0': 67.5, 'omega_b': 0.0224, 'omega_cdm': 0.12, 'tau_reio': 0.054, 'A_s': 2.0989031673191437e-09, 'n_s': 0.966}
 2026-05-28 02:34:06,399 [classy] Re-using computed results
 2026-05-28 02:34:06,399 [planck_2018_highl_plik.ttteee] Got parameters {'A_planck': 1.00106084940955, 'calib_100T': 0.9991590497230887, 'calib_217T': 0.9990675964555285, 'A_pol': 1.0, 'calib_100P': 1.021, 'calib_143P': 0.966, 'calib_217P': 1.04, 'cib_index': -1.3, 'A_cib_217': 48.68839200256632, 'xi_sz_cib': 0.03315667371485268, 'A_sz': 6.1254356024461245, 'ksz_norm': 3.309955605193331, 'gal545_A_100': 3.8681602624273417, 'gal545_A_143': 11.996899846310253, 'gal545_A_143_217': 29.25403752883375, 'gal545_A_217': 68.47548467677461, 'A_sbpx_100_100_TT': 1.0, 'A_sbpx_143_143_TT': 1.0, 'A_sbpx_143_217_TT': 1.0, 'A_sbpx_217_217_TT': 1.0, 'ps_A_100_100': 258.808061747157, 'ps_A_143_143': 60.93759640264341, 'ps_A_143_217': 50.012144742167834, 'ps_A_217_217': 109.12470856139421, 'galf_TE_index': -2.4, 'galf_TE_A_100': 0.08400960447738529, 'galf_TE_A_100_143': 0.17366016295151662, 'galf_TE_A_100_217': 0.46916367943902365, 'galf_TE_A_143': 0.2828801953569263, 'galf_TE_A_143_217': 0.7270664721721589, 'galf_TE_A_217': 1.652674140786805, 'galf_EE_index': -2.4, 'galf_EE_A_100': 0.055, 'galf_EE_A_100_143': 0.04, 'galf_EE_A_100_217': 0.094, 'galf_EE_A_143': 0.086, 'galf_EE_A_143_217': 0.21, 'galf_EE_A_217': 0.7, 'A_cnoise_e2e_100_100_EE': 1.0, 'A_cnoise_e2e_143_143_EE': 1.0, 'A_cnoise_e2e_217_217_EE': 1.0, 'A_sbpx_100_100_EE': 1.0, 'A_sbpx_100_143_EE': 1.0, 'A_sbpx_100_217_EE': 1.0, 'A_sbpx_143_143_EE': 1.0, 'A_sbpx_143_217_EE': 1.0, 'A_sbpx_217_217_EE': 1.0}
 2026-05-28 02:34:06,399 [planck_2018_highl_plik.ttteee] Computing new state
Cl length: 2509
 2026-05-28 02:34:06,406 [planck_2018_highl_plik.ttteee] Computed log-likelihood = -15889644426.727795
 2026-05-28 02:34:06,406 [planck_2018_lowl.tt] Got parameters {'A_planck': 1.00106084940955}
 2026-05-28 02:34:06,406 [planck_2018_lowl.tt] Computing new state
Cl length: 2509
 2026-05-28 02:34:06,406 [planck_2018_lowl.tt] Computed log-likelihood = -inf
 2026-05-28 02:34:06,406 [planck_2018_lowl.ee] Got parameters {'A_planck': 1.00106084940955}
 2026-05-28 02:34:06,406 [planck_2018_lowl.ee] Computing new state
Cl length: 2509
 2026-05-28 02:34:06,406 [planck_2018_lowl.ee] Computed log-likelihood = -198.01556322340937
 2026-05-28 02:34:06,406 [core.pantheon_cobaya_likelihood.pantheoncobaya] Got parameters {}
 2026-05-28 02:34:06,406 [core.pantheon_cobaya_likelihood.pantheoncobaya] Re-using computed results
 2026-05-28 02:34:06,406 [model] Computed derived parameters: {'A_s': 2.0989031673191437e-09, 'chi2__CMB': inf}
 2026-05-28 02:34:06,407 [prior] Evaluating prior at array([ 1.00000000e-03,  3.00000000e+00,  6.75000000e+01,  2.24000000e-02,
        1.20000000e-01,  5.40000000e-02,  3.04400000e+00,  9.66000000e-01,
        1.00115089e+00,  1.00031456e+00,  9.97286517e-01,  6.03532504e+01,
        6.05311946e-02,  4.25148728e+00,  3.28466788e+00,  9.95858204e+00,
        9.86041093e+00,  2.37417006e+01,  7.36066664e+01,  2.23531129e+02,
        3.42129474e+01,  4.60739120e+01,  1.14671390e+02, -3.19120356e-02,
        1.53918762e-01,  4.84751208e-01,  2.45288629e-01,  7.34093288e-01,
        1.86447802e+00])
 2026-05-28 02:34:06,407 [prior] Got logpriors (internal) = -18.940427349449173
 2026-05-28 02:34:06,407 [prior] Got logpriors (external) = [-2.0366966444800534]
 2026-05-28 02:34:06,407 [model] Posterior to be computed for parameters {'tep_epsilon_T': 0.001, 'tep_z_T': 3.0, 'H0': 67.5, 'omega_b': 0.0224, 'omega_cdm': 0.12, 'tau_reio': 0.054, 'logA': 3.044, 'n_s': 0.966, 'A_planck': 1.0011508857431857, 'calib_100T': 1.0003145631780581, 'calib_217T': 0.9972865171515424, 'A_cib_217': 60.353250380837395, 'xi_sz_cib': 0.060531194609550365, 'A_sz': 4.251487281940587, 'ksz_norm': 3.284667882686736, 'gal545_A_100': 9.958582038480818, 'gal545_A_143': 9.860410928905852, 'gal545_A_143_217': 23.741700614113626, 'gal545_A_217': 73.60666640547313, 'ps_A_100_100': 223.5311292026204, 'ps_A_143_143': 34.21294742362729, 'ps_A_143_217': 46.07391203204685, 'ps_A_217_217': 114.67138960072691, 'galf_TE_A_100': -0.031912035630200314, 'galf_TE_A_100_143': 0.1539187615674953, 'galf_TE_A_100_217': 0.48475120809763445, 'galf_TE_A_143': 0.2452886287879728, 'galf_TE_A_143_217': 0.7340932883471307, 'galf_TE_A_217': 1.864478022585444}
 2026-05-28 02:34:06,407 [prior] Evaluating prior at array([ 1.00000000e-03,  3.00000000e+00,  6.75000000e+01,  2.24000000e-02,
        1.20000000e-01,  5.40000000e-02,  3.04400000e+00,  9.66000000e-01,
        1.00115089e+00,  1.00031456e+00,  9.97286517e-01,  6.03532504e+01,
        6.05311946e-02,  4.25148728e+00,  3.28466788e+00,  9.95858204e+00,
        9.86041093e+00,  2.37417006e+01,  7.36066664e+01,  2.23531129e+02,
        3.42129474e+01,  4.60739120e+01,  1.14671390e+02, -3.19120356e-02,
        1.53918762e-01,  4.84751208e-01,  2.45288629e-01,  7.34093288e-01,
        1.86447802e+00])
 2026-05-28 02:34:06,407 [prior] Got logpriors (internal) = -18.940427349449173
 2026-05-28 02:34:06,407 [prior] Got logpriors (external) = [-2.0366966444800534]
 2026-05-28 02:34:06,407 [model] Got input parameters: {'tep_epsilon_T': 0.001, 'tep_z_T': 3.0, 'tep_n_T': 1.0, 'H0': 67.5, 'omega_b': 0.0224, 'omega_cdm': 0.12, 'tau_reio': 0.054, 'logA': 3.044, 'A_s': 2.0989031673191437e-09, 'n_s': 0.966, 'A_planck': 1.0011508857431857, 'calib_100T': 1.0003145631780581, 'calib_217T': 0.9972865171515424, 'A_pol': 1.0, 'calib_100P': 1.021, 'calib_143P': 0.966, 'calib_217P': 1.04, 'cib_index': -1.3, 'A_cib_217': 60.353250380837395, 'xi_sz_cib': 0.060531194609550365, 'A_sz': 4.251487281940587, 'ksz_norm': 3.284667882686736, 'gal545_A_100': 9.958582038480818, 'gal545_A_143': 9.860410928905852, 'gal545_A_143_217': 23.741700614113626, 'gal545_A_217': 73.60666640547313, 'A_sbpx_100_100_TT': 1.0, 'A_sbpx_143_143_TT': 1.0, 'A_sbpx_143_217_TT': 1.0, 'A_sbpx_217_217_TT': 1.0, 'ps_A_100_100': 223.5311292026204, 'ps_A_143_143': 34.21294742362729, 'ps_A_143_217': 46.07391203204685, 'ps_A_217_217': 114.67138960072691, 'galf_TE_index': -2.4, 'galf_TE_A_100': -0.031912035630200314, 'galf_TE_A_100_143': 0.1539187615674953, 'galf_TE_A_100_217': 0.48475120809763445, 'galf_TE_A_143': 0.2452886287879728, 'galf_TE_A_143_217': 0.7340932883471307, 'galf_TE_A_217': 1.864478022585444, 'galf_EE_index': -2.4, 'galf_EE_A_100': 0.055, 'galf_EE_A_100_143': 0.04, 'galf_EE_A_100_217': 0.094, 'galf_EE_A_143': 0.086, 'galf_EE_A_143_217': 0.21, 'galf_EE_A_217': 0.7, 'A_cnoise_e2e_100_100_EE': 1.0, 'A_cnoise_e2e_143_143_EE': 1.0, 'A_cnoise_e2e_217_217_EE': 1.0, 'A_sbpx_100_100_EE': 1.0, 'A_sbpx_100_143_EE': 1.0, 'A_sbpx_100_217_EE': 1.0, 'A_sbpx_143_143_EE': 1.0, 'A_sbpx_143_217_EE': 1.0, 'A_sbpx_217_217_EE': 1.0}
 2026-05-28 02:34:06,407 [classy] Got parameters {'tep_epsilon_T': 0.001, 'tep_z_T': 3.0, 'tep_n_T': 1.0, 'H0': 67.5, 'omega_b': 0.0224, 'omega_cdm': 0.12, 'tau_reio': 0.054, 'A_s': 2.0989031673191437e-09, 'n_s': 0.966}
 2026-05-28 02:34:06,407 [classy] Re-using computed results
 2026-05-28 02:34:06,407 [planck_2018_highl_plik.ttteee] Got parameters {'A_planck': 1.0011508857431857, 'calib_100T': 1.0003145631780581, 'calib_217T': 0.9972865171515424, 'A_pol': 1.0, 'calib_100P': 1.021, 'calib_143P': 0.966, 'calib_217P': 1.04, 'cib_index': -1.3, 'A_cib_217': 60.353250380837395, 'xi_sz_cib': 0.060531194609550365, 'A_sz': 4.251487281940587, 'ksz_norm': 3.284667882686736, 'gal545_A_100': 9.958582038480818, 'gal545_A_143': 9.860410928905852, 'gal545_A_143_217': 23.741700614113626, 'gal545_A_217': 73.60666640547313, 'A_sbpx_100_100_TT': 1.0, 'A_sbpx_143_143_TT': 1.0, 'A_sbpx_143_217_TT': 1.0, 'A_sbpx_217_217_TT': 1.0, 'ps_A_100_100': 223.5311292026204, 'ps_A_143_143': 34.21294742362729, 'ps_A_143_217': 46.07391203204685, 'ps_A_217_217': 114.67138960072691, 'galf_TE_index': -2.4, 'galf_TE_A_100': -0.031912035630200314, 'galf_TE_A_100_143': 0.1539187615674953, 'galf_TE_A_100_217': 0.48475120809763445, 'galf_TE_A_143': 0.2452886287879728, 'galf_TE_A_143_217': 0.7340932883471307, 'galf_TE_A_217': 1.864478022585444, 'galf_EE_index': -2.4, 'galf_EE_A_100': 0.055, 'galf_EE_A_100_143': 0.04, 'galf_EE_A_100_217': 0.094, 'galf_EE_A_143': 0.086, 'galf_EE_A_143_217': 0.21, 'galf_EE_A_217': 0.7, 'A_cnoise_e2e_100_100_EE': 1.0, 'A_cnoise_e2e_143_143_EE': 1.0, 'A_cnoise_e2e_217_217_EE': 1.0, 'A_sbpx_100_100_EE': 1.0, 'A_sbpx_100_143_EE': 1.0, 'A_sbpx_100_217_EE': 1.0, 'A_sbpx_143_143_EE': 1.0, 'A_sbpx_143_217_EE': 1.0, 'A_sbpx_217_217_EE': 1.0}
 2026-05-28 02:34:06,407 [planck_2018_highl_plik.ttteee] Computing new state
Cl length: 2509
 2026-05-28 02:34:06,426 [planck_2018_highl_plik.ttteee] Computed log-likelihood = -15855536528.38898
 2026-05-28 02:34:06,426 [planck_2018_lowl.tt] Got parameters {'A_planck': 1.0011508857431857}
 2026-05-28 02:34:06,426 [planck_2018_lowl.tt] Computing new state
Cl length: 2509
 2026-05-28 02:34:06,426 [planck_2018_lowl.tt] Computed log-likelihood = -inf
 2026-05-28 02:34:06,426 [planck_2018_lowl.ee] Got parameters {'A_planck': 1.0011508857431857}
 2026-05-28 02:34:06,426 [planck_2018_lowl.ee] Computing new state
Cl length: 2509
 2026-05-28 02:34:06,428 [planck_2018_lowl.ee] Computed log-likelihood = -198.01556322340937
 2026-05-28 02:34:06,428 [core.pantheon_cobaya_likelihood.pantheoncobaya] Got parameters {}
 2026-05-28 02:34:06,428 [core.pantheon_cobaya_likelihood.pantheoncobaya] Re-using computed results
 2026-05-28 02:34:06,428 [model] Computed derived parameters: {'A_s': 2.0989031673191437e-09, 'chi2__CMB': inf}
 2026-05-28 02:34:06,428 [prior] Evaluating prior at array([1.00000000e-03, 3.00000000e+00, 6.75000000e+01, 2.24000000e-02,
       1.20000000e-01, 5.40000000e-02, 3.04400000e+00, 9.66000000e-01,
       1.00228412e+00, 1.00219827e+00, 1.00030291e+00, 8.09302759e+01,
       5.22491660e-02, 8.89067922e+00, 4.73120903e+00, 7.90432655e+00,
       7.80349296e+00, 2.17451615e+01, 6.61144137e+01, 2.84711688e+02,
       3.97945610e+01, 4.71744768e+01, 1.15017423e+02, 1.76614023e-01,
       1.05081747e-01, 1.24252100e-01, 2.73286118e-01, 8.71238273e-01,
       1.93452613e+00])
 2026-05-28 02:34:06,428 [prior] Got logpriors (internal) = -32.1079081078138
 2026-05-28 02:34:06,428 [prior] Got logpriors (external) = [-6.985413592333318]
 2026-05-28 02:34:06,428 [model] Posterior to be computed for parameters {'tep_epsilon_T': 0.001, 'tep_z_T': 3.0, 'H0': 67.5, 'omega_b': 0.0224, 'omega_cdm': 0.12, 'tau_reio': 0.054, 'logA': 3.044, 'n_s': 0.966, 'A_planck': 1.0022841173840438, 'calib_100T': 1.002198270641476, 'calib_217T': 1.0003029133256622, 'A_cib_217': 80.9302759181958, 'xi_sz_cib': 0.0522491660222592, 'A_sz': 8.890679217579873, 'ksz_norm': 4.731209031314049, 'gal545_A_100': 7.9043265450995195, 'gal545_A_143': 7.803492958456226, 'gal545_A_143_217': 21.745161499498124, 'gal545_A_217': 66.11441372235416, 'ps_A_100_100': 284.7116883329851, 'ps_A_143_143': 39.79456102846409, 'ps_A_143_217': 47.17447675699758, 'ps_A_217_217': 115.01742266602031, 'galf_TE_A_100': 0.1766140234367931, 'galf_TE_A_100_143': 0.10508174719739759, 'galf_TE_A_100_217': 0.12425210029447065, 'galf_TE_A_143': 0.27328611761724514, 'galf_TE_A_143_217': 0.8712382730907688, 'galf_TE_A_217': 1.9345261269370806}
 2026-05-28 02:34:06,428 [prior] Evaluating prior at array([1.00000000e-03, 3.00000000e+00, 6.75000000e+01, 2.24000000e-02,
       1.20000000e-01, 5.40000000e-02, 3.04400000e+00, 9.66000000e-01,
       1.00228412e+00, 1.00219827e+00, 1.00030291e+00, 8.09302759e+01,
       5.22491660e-02, 8.89067922e+00, 4.73120903e+00, 7.90432655e+00,
       7.80349296e+00, 2.17451615e+01, 6.61144137e+01, 2.84711688e+02,
       3.97945610e+01, 4.71744768e+01, 1.15017423e+02, 1.76614023e-01,
       1.05081747e-01, 1.24252100e-01, 2.73286118e-01, 8.71238273e-01,
       1.93452613e+00])
 2026-05-28 02:34:06,428 [prior] Got logpriors (internal) = -32.1079081078138
 2026-05-28 02:34:06,428 [prior] Got logpriors (external) = [-6.985413592333318]
 2026-05-28 02:34:06,428 [model] Got input parameters: {'tep_epsilon_T': 0.001, 'tep_z_T': 3.0, 'tep_n_T': 1.0, 'H0': 67.5, 'omega_b': 0.0224, 'omega_cdm': 0.12, 'tau_reio': 0.054, 'logA': 3.044, 'A_s': 2.0989031673191437e-09, 'n_s': 0.966, 'A_planck': 1.0022841173840438, 'calib_100T': 1.002198270641476, 'calib_217T': 1.0003029133256622, 'A_pol': 1.0, 'calib_100P': 1.021, 'calib_143P': 0.966, 'calib_217P': 1.04, 'cib_index': -1.3, 'A_cib_217': 80.9302759181958, 'xi_sz_cib': 0.0522491660222592, 'A_sz': 8.890679217579873, 'ksz_norm': 4.731209031314049, 'gal545_A_100': 7.9043265450995195, 'gal545_A_143': 7.803492958456226, 'gal545_A_143_217': 21.745161499498124, 'gal545_A_217': 66.11441372235416, 'A_sbpx_100_100_TT': 1.0, 'A_sbpx_143_143_TT': 1.0, 'A_sbpx_143_217_TT': 1.0, 'A_sbpx_217_217_TT': 1.0, 'ps_A_100_100': 284.7116883329851, 'ps_A_143_143': 39.79456102846409, 'ps_A_143_217': 47.17447675699758, 'ps_A_217_217': 115.01742266602031, 'galf_TE_index': -2.4, 'galf_TE_A_100': 0.1766140234367931, 'galf_TE_A_100_143': 0.10508174719739759, 'galf_TE_A_100_217': 0.12425210029447065, 'galf_TE_A_143': 0.27328611761724514, 'galf_TE_A_143_217': 0.8712382730907688, 'galf_TE_A_217': 1.9345261269370806, 'galf_EE_index': -2.4, 'galf_EE_A_100': 0.055, 'galf_EE_A_100_143': 0.04, 'galf_EE_A_100_217': 0.094, 'galf_EE_A_143': 0.086, 'galf_EE_A_143_217': 0.21, 'galf_EE_A_217': 0.7, 'A_cnoise_e2e_100_100_EE': 1.0, 'A_cnoise_e2e_143_143_EE': 1.0, 'A_cnoise_e2e_217_217_EE': 1.0, 'A_sbpx_100_100_EE': 1.0, 'A_sbpx_100_143_EE': 1.0, 'A_sbpx_100_217_EE': 1.0, 'A_sbpx_143_143_EE': 1.0, 'A_sbpx_143_217_EE': 1.0, 'A_sbpx_217_217_EE': 1.0}
 2026-05-28 02:34:06,428 [classy] Got parameters {'tep_epsilon_T': 0.001, 'tep_z_T': 3.0, 'tep_n_T': 1.0, 'H0': 67.5, 'omega_b': 0.0224, 'omega_cdm': 0.12, 'tau_reio': 0.054, 'A_s': 2.0989031673191437e-09, 'n_s': 0.966}
 2026-05-28 02:34:06,428 [classy] Re-using computed results
 2026-05-28 02:34:06,428 [planck_2018_highl_plik.ttteee] Got parameters {'A_planck': 1.0022841173840438, 'calib_100T': 1.002198270641476, 'calib_217T': 1.0003029133256622, 'A_pol': 1.0, 'calib_100P': 1.021, 'calib_143P': 0.966, 'calib_217P': 1.04, 'cib_index': -1.3, 'A_cib_217': 80.9302759181958, 'xi_sz_cib': 0.0522491660222592, 'A_sz': 8.890679217579873, 'ksz_norm': 4.731209031314049, 'gal545_A_100': 7.9043265450995195, 'gal545_A_143': 7.803492958456226, 'gal545_A_143_217': 21.745161499498124, 'gal545_A_217': 66.11441372235416, 'A_sbpx_100_100_TT': 1.0, 'A_sbpx_143_143_TT': 1.0, 'A_sbpx_143_217_TT': 1.0, 'A_sbpx_217_217_TT': 1.0, 'ps_A_100_100': 284.7116883329851, 'ps_A_143_143': 39.79456102846409, 'ps_A_143_217': 47.17447675699758, 'ps_A_217_217': 115.01742266602031, 'galf_TE_index': -2.4, 'galf_TE_A_100': 0.1766140234367931, 'galf_TE_A_100_143': 0.10508174719739759, 'galf_TE_A_100_217': 0.12425210029447065, 'galf_TE_A_143': 0.27328611761724514, 'galf_TE_A_143_217': 0.8712382730907688, 'galf_TE_A_217': 1.9345261269370806, 'galf_EE_index': -2.4, 'galf_EE_A_100': 0.055, 'galf_EE_A_100_143': 0.04, 'galf_EE_A_100_217': 0.094, 'galf_EE_A_143': 0.086, 'galf_EE_A_143_217': 0.21, 'galf_EE_A_217': 0.7, 'A_cnoise_e2e_100_100_EE': 1.0, 'A_cnoise_e2e_143_143_EE': 1.0, 'A_cnoise_e2e_217_217_EE': 1.0, 'A_sbpx_100_100_EE': 1.0, 'A_sbpx_100_143_EE': 1.0, 'A_sbpx_100_217_EE': 1.0, 'A_sbpx_143_143_EE': 1.0, 'A_sbpx_143_217_EE': 1.0, 'A_sbpx_217_217_EE': 1.0}
 2026-05-28 02:34:06,429 [planck_2018_highl_plik.ttteee] Computing new state
Cl length: 2509
 2026-05-28 02:34:06,435 [planck_2018_highl_plik.ttteee] Computed log-likelihood = -15738674867.485529
 2026-05-28 02:34:06,435 [planck_2018_lowl.tt] Got parameters {'A_planck': 1.0022841173840438}
 2026-05-28 02:34:06,435 [planck_2018_lowl.tt] Computing new state
Cl length: 2509
 2026-05-28 02:34:06,435 [planck_2018_lowl.tt] Computed log-likelihood = -inf
 2026-05-28 02:34:06,435 [planck_2018_lowl.ee] Got parameters {'A_planck': 1.0022841173840438}
 2026-05-28 02:34:06,435 [planck_2018_lowl.ee] Computing new state
Cl length: 2509
 2026-05-28 02:34:06,435 [planck_2018_lowl.ee] Computed log-likelihood = -198.0217117844701
 2026-05-28 02:34:06,435 [core.pantheon_cobaya_likelihood.pantheoncobaya] Got parameters {}
 2026-05-28 02:34:06,435 [core.pantheon_cobaya_likelihood.pantheoncobaya] Re-using computed results
 2026-05-28 02:34:06,435 [model] Computed derived parameters: {'A_s': 2.0989031673191437e-09, 'chi2__CMB': inf}
 2026-05-28 02:34:06,435 [prior] Evaluating prior at array([1.00000000e-03, 3.00000000e+00, 6.75000000e+01, 2.24000000e-02,
       1.20000000e-01, 5.40000000e-02, 3.04400000e+00, 9.66000000e-01,
       1.00096790e+00, 1.00009113e+00, 9.98364947e-01, 6.64017332e+01,
       6.22268860e-02, 8.55056017e+00, 6.45570957e-01, 5.90898474e+00,
       8.82561441e+00, 2.21335920e+01, 1.10657368e+02, 2.56766194e+02,
       4.98449795e+01, 3.97368078e+01, 7.94156526e+01, 2.64122130e-01,
       1.55970857e-01, 5.31725726e-01, 2.08756501e-01, 5.12863494e-01,
       2.10715335e+00])
 2026-05-28 02:34:06,436 [prior] Got logpriors (internal) = -19.072288234288955
 2026-05-28 02:34:06,436 [prior] Got logpriors (external) = [-3.3117055954917243]
 2026-05-28 02:34:06,436 [model] Posterior to be computed for parameters {'tep_epsilon_T': 0.001, 'tep_z_T': 3.0, 'H0': 67.5, 'omega_b': 0.0224, 'omega_cdm': 0.12, 'tau_reio': 0.054, 'logA': 3.044, 'n_s': 0.966, 'A_planck': 1.0009678997367564, 'calib_100T': 1.000091126743216, 'calib_217T': 0.998364947058492, 'A_cib_217': 66.40173323248187, 'xi_sz_cib': 0.06222688601134205, 'A_sz': 8.550560170742152, 'ksz_norm': 0.6455709571106113, 'gal545_A_100': 5.908984739062458, 'gal545_A_143': 8.825614412309912, 'gal545_A_143_217': 22.133592035595097, 'gal545_A_217': 110.65736777314743, 'ps_A_100_100': 256.76619421414125, 'ps_A_143_143': 49.84497949802553, 'ps_A_143_217': 39.73680778786819, 'ps_A_217_217': 79.41565263381038, 'galf_TE_A_100': 0.2641221299489393, 'galf_TE_A_100_143': 0.1559708572078018, 'galf_TE_A_100_217': 0.5317257261663937, 'galf_TE_A_143': 0.20875650050873337, 'galf_TE_A_143_217': 0.5128634943895797, 'galf_TE_A_217': 2.1071533495599923}
 2026-05-28 02:34:06,436 [prior] Evaluating prior at array([1.00000000e-03, 3.00000000e+00, 6.75000000e+01, 2.24000000e-02,
       1.20000000e-01, 5.40000000e-02, 3.04400000e+00, 9.66000000e-01,
       1.00096790e+00, 1.00009113e+00, 9.98364947e-01, 6.64017332e+01,
       6.22268860e-02, 8.55056017e+00, 6.45570957e-01, 5.90898474e+00,
       8.82561441e+00, 2.21335920e+01, 1.10657368e+02, 2.56766194e+02,
       4.98449795e+01, 3.97368078e+01, 7.94156526e+01, 2.64122130e-01,
       1.55970857e-01, 5.31725726e-01, 2.08756501e-01, 5.12863494e-01,
       2.10715335e+00])
 2026-05-28 02:34:06,436 [prior] Got logpriors (internal) = -19.072288234288955
 2026-05-28 02:34:06,436 [prior] Got logpriors (external) = [-3.3117055954917243]
 2026-05-28 02:34:06,436 [model] Got input parameters: {'tep_epsilon_T': 0.001, 'tep_z_T': 3.0, 'tep_n_T': 1.0, 'H0': 67.5, 'omega_b': 0.0224, 'omega_cdm': 0.12, 'tau_reio': 0.054, 'logA': 3.044, 'A_s': 2.0989031673191437e-09, 'n_s': 0.966, 'A_planck': 1.0009678997367564, 'calib_100T': 1.000091126743216, 'calib_217T': 0.998364947058492, 'A_pol': 1.0, 'calib_100P': 1.021, 'calib_143P': 0.966, 'calib_217P': 1.04, 'cib_index': -1.3, 'A_cib_217': 66.40173323248187, 'xi_sz_cib': 0.06222688601134205, 'A_sz': 8.550560170742152, 'ksz_norm': 0.6455709571106113, 'gal545_A_100': 5.908984739062458, 'gal545_A_143': 8.825614412309912, 'gal545_A_143_217': 22.133592035595097, 'gal545_A_217': 110.65736777314743, 'A_sbpx_100_100_TT': 1.0, 'A_sbpx_143_143_TT': 1.0, 'A_sbpx_143_217_TT': 1.0, 'A_sbpx_217_217_TT': 1.0, 'ps_A_100_100': 256.76619421414125, 'ps_A_143_143': 49.84497949802553, 'ps_A_143_217': 39.73680778786819, 'ps_A_217_217': 79.41565263381038, 'galf_TE_index': -2.4, 'galf_TE_A_100': 0.2641221299489393, 'galf_TE_A_100_143': 0.1559708572078018, 'galf_TE_A_100_217': 0.5317257261663937, 'galf_TE_A_143': 0.20875650050873337, 'galf_TE_A_143_217': 0.5128634943895797, 'galf_TE_A_217': 2.1071533495599923, 'galf_EE_index': -2.4, 'galf_EE_A_100': 0.055, 'galf_EE_A_100_143': 0.04, 'galf_EE_A_100_217': 0.094, 'galf_EE_A_143': 0.086, 'galf_EE_A_143_217': 0.21, 'galf_EE_A_217': 0.7, 'A_cnoise_e2e_100_100_EE': 1.0, 'A_cnoise_e2e_143_143_EE': 1.0, 'A_cnoise_e2e_217_217_EE': 1.0, 'A_sbpx_100_100_EE': 1.0, 'A_sbpx_100_143_EE': 1.0, 'A_sbpx_100_217_EE': 1.0, 'A_sbpx_143_143_EE': 1.0, 'A_sbpx_143_217_EE': 1.0, 'A_sbpx_217_217_EE': 1.0}
 2026-05-28 02:34:06,436 [classy] Got parameters {'tep_epsilon_T': 0.001, 'tep_z_T': 3.0, 'tep_n_T': 1.0, 'H0': 67.5, 'omega_b': 0.0224, 'omega_cdm': 0.12, 'tau_reio': 0.054, 'A_s': 2.0989031673191437e-09, 'n_s': 0.966}
 2026-05-28 02:34:06,436 [classy] Re-using computed results
 2026-05-28 02:34:06,436 [planck_2018_highl_plik.ttteee] Got parameters {'A_planck': 1.0009678997367564, 'calib_100T': 1.000091126743216, 'calib_217T': 0.998364947058492, 'A_pol': 1.0, 'calib_100P': 1.021, 'calib_143P': 0.966, 'calib_217P': 1.04, 'cib_index': -1.3, 'A_cib_217': 66.40173323248187, 'xi_sz_cib': 0.06222688601134205, 'A_sz': 8.550560170742152, 'ksz_norm': 0.6455709571106113, 'gal545_A_100': 5.908984739062458, 'gal545_A_143': 8.825614412309912, 'gal545_A_143_217': 22.133592035595097, 'gal545_A_217': 110.65736777314743, 'A_sbpx_100_100_TT': 1.0, 'A_sbpx_143_143_TT': 1.0, 'A_sbpx_143_217_TT': 1.0, 'A_sbpx_217_217_TT': 1.0, 'ps_A_100_100': 256.76619421414125, 'ps_A_143_143': 49.84497949802553, 'ps_A_143_217': 39.73680778786819, 'ps_A_217_217': 79.41565263381038, 'galf_TE_index': -2.4, 'galf_TE_A_100': 0.2641221299489393, 'galf_TE_A_100_143': 0.1559708572078018, 'galf_TE_A_100_217': 0.5317257261663937, 'galf_TE_A_143': 0.20875650050873337, 'galf_TE_A_143_217': 0.5128634943895797, 'galf_TE_A_217': 2.1071533495599923, 'galf_EE_index': -2.4, 'galf_EE_A_100': 0.055, 'galf_EE_A_100_143': 0.04, 'galf_EE_A_100_217': 0.094, 'galf_EE_A_143': 0.086, 'galf_EE_A_143_217': 0.21, 'galf_EE_A_217': 0.7, 'A_cnoise_e2e_100_100_EE': 1.0, 'A_cnoise_e2e_143_143_EE': 1.0, 'A_cnoise_e2e_217_217_EE': 1.0, 'A_sbpx_100_100_EE': 1.0, 'A_sbpx_100_143_EE': 1.0, 'A_sbpx_100_217_EE': 1.0, 'A_sbpx_143_143_EE': 1.0, 'A_sbpx_143_217_EE': 1.0, 'A_sbpx_217_217_EE': 1.0}
 2026-05-28 02:34:06,436 [planck_2018_highl_plik.ttteee] Computing new state
Cl length: 2509
 2026-05-28 02:34:06,442 [planck_2018_highl_plik.ttteee] Computed log-likelihood = -15872689188.729568
 2026-05-28 02:34:06,442 [planck_2018_lowl.tt] Got parameters {'A_planck': 1.0009678997367564}
 2026-05-28 02:34:06,442 [planck_2018_lowl.tt] Computing new state
Cl length: 2509
 2026-05-28 02:34:06,442 [planck_2018_lowl.tt] Computed log-likelihood = -inf
 2026-05-28 02:34:06,442 [planck_2018_lowl.ee] Got parameters {'A_planck': 1.0009678997367564}
 2026-05-28 02:34:06,442 [planck_2018_lowl.ee] Computing new state
Cl length: 2509
 2026-05-28 02:34:06,442 [planck_2018_lowl.ee] Computed log-likelihood = -198.01556322340937
 2026-05-28 02:34:06,442 [core.pantheon_cobaya_likelihood.pantheoncobaya] Got parameters {}
 2026-05-28 02:34:06,442 [core.pantheon_cobaya_likelihood.pantheoncobaya] Re-using computed results
 2026-05-28 02:34:06,442 [model] Computed derived parameters: {'A_s': 2.0989031673191437e-09, 'chi2__CMB': inf}
 2026-05-28 02:34:06,443 [prior] Evaluating prior at array([1.00000000e-03, 3.00000000e+00, 6.75000000e+01, 2.24000000e-02,
       1.20000000e-01, 5.40000000e-02, 3.04400000e+00, 9.66000000e-01,
       1.00099522e+00, 1.00116805e+00, 9.98178474e-01, 5.62766925e+01,
       1.46141798e-01, 6.70149454e+00, 2.27480660e-01, 1.09265415e+01,
       7.26830089e+00, 1.95671398e+01, 5.09591519e+01, 2.90525302e+02,
       3.84742558e+01, 3.27712317e+01, 1.12878002e+02, 1.43477821e-01,
       1.74427298e-01, 4.48610482e-01, 1.47258349e-01, 9.20377617e-01,
       2.28933890e+00])
 2026-05-28 02:34:06,443 [prior] Got logpriors (internal) = -19.427937118852988
 2026-05-28 02:34:06,443 [prior] Got logpriors (external) = [-2.1343357431197227]
 2026-05-28 02:34:06,443 [model] Posterior to be computed for parameters {'tep_epsilon_T': 0.001, 'tep_z_T': 3.0, 'H0': 67.5, 'omega_b': 0.0224, 'omega_cdm': 0.12, 'tau_reio': 0.054, 'logA': 3.044, 'n_s': 0.966, 'A_planck': 1.0009952214595381, 'calib_100T': 1.0011680465599515, 'calib_217T': 0.9981784744613962, 'A_cib_217': 56.276692545583806, 'xi_sz_cib': 0.14614179773674393, 'A_sz': 6.70149453678349, 'ksz_norm': 0.22748066047064922, 'gal545_A_100': 10.926541509867171, 'gal545_A_143': 7.268300889616334, 'gal545_A_143_217': 19.567139757785696, 'gal545_A_217': 50.959151944792744, 'ps_A_100_100': 290.52530217674143, 'ps_A_143_143': 38.47425576115292, 'ps_A_143_217': 32.771231695947144, 'ps_A_217_217': 112.87800185431216, 'galf_TE_A_100': 0.14347782079162624, 'galf_TE_A_100_143': 0.1744272979732412, 'galf_TE_A_100_217': 0.44861048160962796, 'galf_TE_A_143': 0.1472583493956587, 'galf_TE_A_143_217': 0.9203776171713544, 'galf_TE_A_217': 2.2893389028086712}
 2026-05-28 02:34:06,443 [prior] Evaluating prior at array([1.00000000e-03, 3.00000000e+00, 6.75000000e+01, 2.24000000e-02,
       1.20000000e-01, 5.40000000e-02, 3.04400000e+00, 9.66000000e-01,
       1.00099522e+00, 1.00116805e+00, 9.98178474e-01, 5.62766925e+01,
       1.46141798e-01, 6.70149454e+00, 2.27480660e-01, 1.09265415e+01,
       7.26830089e+00, 1.95671398e+01, 5.09591519e+01, 2.90525302e+02,
       3.84742558e+01, 3.27712317e+01, 1.12878002e+02, 1.43477821e-01,
       1.74427298e-01, 4.48610482e-01, 1.47258349e-01, 9.20377617e-01,
       2.28933890e+00])
 2026-05-28 02:34:06,443 [prior] Got logpriors (internal) = -19.427937118852988
 2026-05-28 02:34:06,443 [prior] Got logpriors (external) = [-2.1343357431197227]
 2026-05-28 02:34:06,443 [model] Got input parameters: {'tep_epsilon_T': 0.001, 'tep_z_T': 3.0, 'tep_n_T': 1.0, 'H0': 67.5, 'omega_b': 0.0224, 'omega_cdm': 0.12, 'tau_reio': 0.054, 'logA': 3.044, 'A_s': 2.0989031673191437e-09, 'n_s': 0.966, 'A_planck': 1.0009952214595381, 'calib_100T': 1.0011680465599515, 'calib_217T': 0.9981784744613962, 'A_pol': 1.0, 'calib_100P': 1.021, 'calib_143P': 0.966, 'calib_217P': 1.04, 'cib_index': -1.3, 'A_cib_217': 56.276692545583806, 'xi_sz_cib': 0.14614179773674393, 'A_sz': 6.70149453678349, 'ksz_norm': 0.22748066047064922, 'gal545_A_100': 10.926541509867171, 'gal545_A_143': 7.268300889616334, 'gal545_A_143_217': 19.567139757785696, 'gal545_A_217': 50.959151944792744, 'A_sbpx_100_100_TT': 1.0, 'A_sbpx_143_143_TT': 1.0, 'A_sbpx_143_217_TT': 1.0, 'A_sbpx_217_217_TT': 1.0, 'ps_A_100_100': 290.52530217674143, 'ps_A_143_143': 38.47425576115292, 'ps_A_143_217': 32.771231695947144, 'ps_A_217_217': 112.87800185431216, 'galf_TE_index': -2.4, 'galf_TE_A_100': 0.14347782079162624, 'galf_TE_A_100_143': 0.1744272979732412, 'galf_TE_A_100_217': 0.44861048160962796, 'galf_TE_A_143': 0.1472583493956587, 'galf_TE_A_143_217': 0.9203776171713544, 'galf_TE_A_217': 2.2893389028086712, 'galf_EE_index': -2.4, 'galf_EE_A_100': 0.055, 'galf_EE_A_100_143': 0.04, 'galf_EE_A_100_217': 0.094, 'galf_EE_A_143': 0.086, 'galf_EE_A_143_217': 0.21, 'galf_EE_A_217': 0.7, 'A_cnoise_e2e_100_100_EE': 1.0, 'A_cnoise_e2e_143_143_EE': 1.0, 'A_cnoise_e2e_217_217_EE': 1.0, 'A_sbpx_100_100_EE': 1.0, 'A_sbpx_100_143_EE': 1.0, 'A_sbpx_100_217_EE': 1.0, 'A_sbpx_143_143_EE': 1.0, 'A_sbpx_143_217_EE': 1.0, 'A_sbpx_217_217_EE': 1.0}
 2026-05-28 02:34:06,443 [classy] Got parameters {'tep_epsilon_T': 0.001, 'tep_z_T': 3.0, 'tep_n_T': 1.0, 'H0': 67.5, 'omega_b': 0.0224, 'omega_cdm': 0.12, 'tau_reio': 0.054, 'A_s': 2.0989031673191437e-09, 'n_s': 0.966}
 2026-05-28 02:34:06,443 [classy] Re-using computed results
 2026-05-28 02:34:06,443 [planck_2018_highl_plik.ttteee] Got parameters {'A_planck': 1.0009952214595381, 'calib_100T': 1.0011680465599515, 'calib_217T': 0.9981784744613962, 'A_pol': 1.0, 'calib_100P': 1.021, 'calib_143P': 0.966, 'calib_217P': 1.04, 'cib_index': -1.3, 'A_cib_217': 56.276692545583806, 'xi_sz_cib': 0.14614179773674393, 'A_sz': 6.70149453678349, 'ksz_norm': 0.22748066047064922, 'gal545_A_100': 10.926541509867171, 'gal545_A_143': 7.268300889616334, 'gal545_A_143_217': 19.567139757785696, 'gal545_A_217': 50.959151944792744, 'A_sbpx_100_100_TT': 1.0, 'A_sbpx_143_143_TT': 1.0, 'A_sbpx_143_217_TT': 1.0, 'A_sbpx_217_217_TT': 1.0, 'ps_A_100_100': 290.52530217674143, 'ps_A_143_143': 38.47425576115292, 'ps_A_143_217': 32.771231695947144, 'ps_A_217_217': 112.87800185431216, 'galf_TE_index': -2.4, 'galf_TE_A_100': 0.14347782079162624, 'galf_TE_A_100_143': 0.1744272979732412, 'galf_TE_A_100_217': 0.44861048160962796, 'galf_TE_A_143': 0.1472583493956587, 'galf_TE_A_143_217': 0.9203776171713544, 'galf_TE_A_217': 2.2893389028086712, 'galf_EE_index': -2.4, 'galf_EE_A_100': 0.055, 'galf_EE_A_100_143': 0.04, 'galf_EE_A_100_217': 0.094, 'galf_EE_A_143': 0.086, 'galf_EE_A_143_217': 0.21, 'galf_EE_A_217': 0.7, 'A_cnoise_e2e_100_100_EE': 1.0, 'A_cnoise_e2e_143_143_EE': 1.0, 'A_cnoise_e2e_217_217_EE': 1.0, 'A_sbpx_100_100_EE': 1.0, 'A_sbpx_100_143_EE': 1.0, 'A_sbpx_100_217_EE': 1.0, 'A_sbpx_143_143_EE': 1.0, 'A_sbpx_143_217_EE': 1.0, 'A_sbpx_217_217_EE': 1.0}
 2026-05-28 02:34:06,443 [planck_2018_highl_plik.ttteee] Computing new state
Cl length: 2509
 2026-05-28 02:34:06,450 [planck_2018_highl_plik.ttteee] Computed log-likelihood = -15844537997.304613
 2026-05-28 02:34:06,450 [planck_2018_lowl.tt] Got parameters {'A_planck': 1.0009952214595381}
 2026-05-28 02:34:06,450 [planck_2018_lowl.tt] Computing new state
Cl length: 2509
 2026-05-28 02:34:06,450 [planck_2018_lowl.tt] Computed log-likelihood = -inf
 2026-05-28 02:34:06,450 [planck_2018_lowl.ee] Got parameters {'A_planck': 1.0009952214595381}
 2026-05-28 02:34:06,450 [planck_2018_lowl.ee] Computing new state
Cl length: 2509
 2026-05-28 02:34:06,450 [planck_2018_lowl.ee] Computed log-likelihood = -198.01556322340937
 2026-05-28 02:34:06,450 [core.pantheon_cobaya_likelihood.pantheoncobaya] Got parameters {}
 2026-05-28 02:34:06,450 [core.pantheon_cobaya_likelihood.pantheoncobaya] Re-using computed results
 2026-05-28 02:34:06,450 [model] Computed derived parameters: {'A_s': 2.0989031673191437e-09, 'chi2__CMB': inf}
 2026-05-28 02:34:06,451 [prior] Evaluating prior at array([1.00000000e-03, 3.00000000e+00, 6.75000000e+01, 2.24000000e-02,
       1.20000000e-01, 5.40000000e-02, 3.04400000e+00, 9.66000000e-01,
       1.00271623e+00, 1.00163005e+00, 9.95651458e-01, 7.17527809e+01,
       1.46798178e-01, 4.01017827e+00, 2.96628226e+00, 7.12590278e+00,
       8.95361866e+00, 2.08745521e+01, 6.98322342e+01, 2.90481804e+02,
       3.91061568e+01, 4.68977667e+01, 9.91870446e+01, 1.72635472e-01,
       1.92674905e-01, 5.82074033e-01, 3.05921743e-01, 8.66352439e-01,
       2.41581798e+00])
 2026-05-28 02:34:06,451 [prior] Got logpriors (internal) = -26.411382779649404
 2026-05-28 02:34:06,451 [prior] Got logpriors (external) = [-2.0183169548950204]
 2026-05-28 02:34:06,451 [model] Posterior to be computed for parameters {'tep_epsilon_T': 0.001, 'tep_z_T': 3.0, 'H0': 67.5, 'omega_b': 0.0224, 'omega_cdm': 0.12, 'tau_reio': 0.054, 'logA': 3.044, 'n_s': 0.966, 'A_planck': 1.0027162278502832, 'calib_100T': 1.0016300541735264, 'calib_217T': 0.995651458105132, 'A_cib_217': 71.75278089058297, 'xi_sz_cib': 0.14679817837594789, 'A_sz': 4.010178267023349, 'ksz_norm': 2.9662822627822503, 'gal545_A_100': 7.125902779653771, 'gal545_A_143': 8.95361866418624, 'gal545_A_143_217': 20.8745520576028, 'gal545_A_217': 69.83223416104104, 'ps_A_100_100': 290.4818044254986, 'ps_A_143_143': 39.106156775825866, 'ps_A_143_217': 46.89776674345829, 'ps_A_217_217': 99.18704461565017, 'galf_TE_A_100': 0.17263547176265195, 'galf_TE_A_100_143': 0.19267490485181893, 'galf_TE_A_100_217': 0.582074033088138, 'galf_TE_A_143': 0.30592174251424953, 'galf_TE_A_143_217': 0.8663524391340505, 'galf_TE_A_217': 2.415817982830518}
 2026-05-28 02:34:06,451 [prior] Evaluating prior at array([1.00000000e-03, 3.00000000e+00, 6.75000000e+01, 2.24000000e-02,
       1.20000000e-01, 5.40000000e-02, 3.04400000e+00, 9.66000000e-01,
       1.00271623e+00, 1.00163005e+00, 9.95651458e-01, 7.17527809e+01,
       1.46798178e-01, 4.01017827e+00, 2.96628226e+00, 7.12590278e+00,
       8.95361866e+00, 2.08745521e+01, 6.98322342e+01, 2.90481804e+02,
       3.91061568e+01, 4.68977667e+01, 9.91870446e+01, 1.72635472e-01,
       1.92674905e-01, 5.82074033e-01, 3.05921743e-01, 8.66352439e-01,
       2.41581798e+00])
 2026-05-28 02:34:06,451 [prior] Got logpriors (internal) = -26.411382779649404
 2026-05-28 02:34:06,451 [prior] Got logpriors (external) = [-2.0183169548950204]
 2026-05-28 02:34:06,451 [model] Got input parameters: {'tep_epsilon_T': 0.001, 'tep_z_T': 3.0, 'tep_n_T': 1.0, 'H0': 67.5, 'omega_b': 0.0224, 'omega_cdm': 0.12, 'tau_reio': 0.054, 'logA': 3.044, 'A_s': 2.0989031673191437e-09, 'n_s': 0.966, 'A_planck': 1.0027162278502832, 'calib_100T': 1.0016300541735264, 'calib_217T': 0.995651458105132, 'A_pol': 1.0, 'calib_100P': 1.021, 'calib_143P': 0.966, 'calib_217P': 1.04, 'cib_index': -1.3, 'A_cib_217': 71.75278089058297, 'xi_sz_cib': 0.14679817837594789, 'A_sz': 4.010178267023349, 'ksz_norm': 2.9662822627822503, 'gal545_A_100': 7.125902779653771, 'gal545_A_143': 8.95361866418624, 'gal545_A_143_217': 20.8745520576028, 'gal545_A_217': 69.83223416104104, 'A_sbpx_100_100_TT': 1.0, 'A_sbpx_143_143_TT': 1.0, 'A_sbpx_143_217_TT': 1.0, 'A_sbpx_217_217_TT': 1.0, 'ps_A_100_100': 290.4818044254986, 'ps_A_143_143': 39.106156775825866, 'ps_A_143_217': 46.89776674345829, 'ps_A_217_217': 99.18704461565017, 'galf_TE_index': -2.4, 'galf_TE_A_100': 0.17263547176265195, 'galf_TE_A_100_143': 0.19267490485181893, 'galf_TE_A_100_217': 0.582074033088138, 'galf_TE_A_143': 0.30592174251424953, 'galf_TE_A_143_217': 0.8663524391340505, 'galf_TE_A_217': 2.415817982830518, 'galf_EE_index': -2.4, 'galf_EE_A_100': 0.055, 'galf_EE_A_100_143': 0.04, 'galf_EE_A_100_217': 0.094, 'galf_EE_A_143': 0.086, 'galf_EE_A_143_217': 0.21, 'galf_EE_A_217': 0.7, 'A_cnoise_e2e_100_100_EE': 1.0, 'A_cnoise_e2e_143_143_EE': 1.0, 'A_cnoise_e2e_217_217_EE': 1.0, 'A_sbpx_100_100_EE': 1.0, 'A_sbpx_100_143_EE': 1.0, 'A_sbpx_100_217_EE': 1.0, 'A_sbpx_143_143_EE': 1.0, 'A_sbpx_143_217_EE': 1.0, 'A_sbpx_217_217_EE': 1.0}
 2026-05-28 02:34:06,451 [classy] Got parameters {'tep_epsilon_T': 0.001, 'tep_z_T': 3.0, 'tep_n_T': 1.0, 'H0': 67.5, 'omega_b': 0.0224, 'omega_cdm': 0.12, 'tau_reio': 0.054, 'A_s': 2.0989031673191437e-09, 'n_s': 0.966}
 2026-05-28 02:34:06,451 [classy] Re-using computed results
 2026-05-28 02:34:06,452 [planck_2018_highl_plik.ttteee] Got parameters {'A_planck': 1.0027162278502832, 'calib_100T': 1.0016300541735264, 'calib_217T': 0.995651458105132, 'A_pol': 1.0, 'calib_100P': 1.021, 'calib_143P': 0.966, 'calib_217P': 1.04, 'cib_index': -1.3, 'A_cib_217': 71.75278089058297, 'xi_sz_cib': 0.14679817837594789, 'A_sz': 4.010178267023349, 'ksz_norm': 2.9662822627822503, 'gal545_A_100': 7.125902779653771, 'gal545_A_143': 8.95361866418624, 'gal545_A_143_217': 20.8745520576028, 'gal545_A_217': 69.83223416104104, 'A_sbpx_100_100_TT': 1.0, 'A_sbpx_143_143_TT': 1.0, 'A_sbpx_143_217_TT': 1.0, 'A_sbpx_217_217_TT': 1.0, 'ps_A_100_100': 290.4818044254986, 'ps_A_143_143': 39.106156775825866, 'ps_A_143_217': 46.89776674345829, 'ps_A_217_217': 99.18704461565017, 'galf_TE_index': -2.4, 'galf_TE_A_100': 0.17263547176265195, 'galf_TE_A_100_143': 0.19267490485181893, 'galf_TE_A_100_217': 0.582074033088138, 'galf_TE_A_143': 0.30592174251424953, 'galf_TE_A_143_217': 0.8663524391340505, 'galf_TE_A_217': 2.415817982830518, 'galf_EE_index': -2.4, 'galf_EE_A_100': 0.055, 'galf_EE_A_100_143': 0.04, 'galf_EE_A_100_217': 0.094, 'galf_EE_A_143': 0.086, 'galf_EE_A_143_217': 0.21, 'galf_EE_A_217': 0.7, 'A_cnoise_e2e_100_100_EE': 1.0, 'A_cnoise_e2e_143_143_EE': 1.0, 'A_cnoise_e2e_217_217_EE': 1.0, 'A_sbpx_100_100_EE': 1.0, 'A_sbpx_100_143_EE': 1.0, 'A_sbpx_100_217_EE': 1.0, 'A_sbpx_143_143_EE': 1.0, 'A_sbpx_143_217_EE': 1.0, 'A_sbpx_217_217_EE': 1.0}
 2026-05-28 02:34:06,452 [planck_2018_highl_plik.ttteee] Computing new state
Cl length: 2509
 2026-05-28 02:34:06,459 [planck_2018_highl_plik.ttteee] Computed log-likelihood = -15724979738.94461
 2026-05-28 02:34:06,459 [planck_2018_lowl.tt] Got parameters {'A_planck': 1.0027162278502832}
 2026-05-28 02:34:06,459 [planck_2018_lowl.tt] Computing new state
Cl length: 2509
 2026-05-28 02:34:06,459 [planck_2018_lowl.tt] Computed log-likelihood = -inf
 2026-05-28 02:34:06,459 [planck_2018_lowl.ee] Got parameters {'A_planck': 1.0027162278502832}
 2026-05-28 02:34:06,459 [planck_2018_lowl.ee] Computing new state
Cl length: 2509
 2026-05-28 02:34:06,459 [planck_2018_lowl.ee] Computed log-likelihood = -198.0157902382465
 2026-05-28 02:34:06,459 [core.pantheon_cobaya_likelihood.pantheoncobaya] Got parameters {}
 2026-05-28 02:34:06,459 [core.pantheon_cobaya_likelihood.pantheoncobaya] Re-using computed results
 2026-05-28 02:34:06,459 [model] Computed derived parameters: {'A_s': 2.0989031673191437e-09, 'chi2__CMB': inf}
 2026-05-28 02:34:06,459 [prior] Evaluating prior at array([ 1.00000000e-03,  3.00000000e+00,  6.75000000e+01,  2.24000000e-02,
        1.20000000e-01,  5.40000000e-02,  3.04400000e+00,  9.66000000e-01,
        9.96137336e-01,  9.99459511e-01,  9.98935093e-01,  6.43353532e+01,
        4.27358823e-02,  2.30022838e+00,  2.93759938e-01,  5.91944475e+00,
        8.41085368e+00,  2.51211466e+01,  5.85918643e+01,  1.99131615e+02,
        5.41762681e+01,  4.30676368e+01,  1.06060788e+02,  6.61983026e-02,
       -1.69932545e-02,  3.31511123e-01,  3.22708331e-01,  8.02404755e-01,
        2.02532435e+00])
 2026-05-28 02:34:06,460 [prior] Got logpriors (internal) = -27.62921097004137
 2026-05-28 02:34:06,460 [prior] Got logpriors (external) = [-3.7139558606241208]
 2026-05-28 02:34:06,460 [model] Posterior to be computed for parameters {'tep_epsilon_T': 0.001, 'tep_z_T': 3.0, 'H0': 67.5, 'omega_b': 0.0224, 'omega_cdm': 0.12, 'tau_reio': 0.054, 'logA': 3.044, 'n_s': 0.966, 'A_planck': 0.9961373361924718, 'calib_100T': 0.9994595108398725, 'calib_217T': 0.9989350934045136, 'A_cib_217': 64.33535318510764, 'xi_sz_cib': 0.04273588228999467, 'A_sz': 2.300228379722345, 'ksz_norm': 0.2937599379190388, 'gal545_A_100': 5.919444751975705, 'gal545_A_143': 8.410853679911504, 'gal545_A_143_217': 25.121146570358757, 'gal545_A_217': 58.59186429244728, 'ps_A_100_100': 199.13161489787998, 'ps_A_143_143': 54.17626807107436, 'ps_A_143_217': 43.06763675718048, 'ps_A_217_217': 106.06078831707667, 'galf_TE_A_100': 0.06619830256679578, 'galf_TE_A_100_143': -0.016993254545674213, 'galf_TE_A_100_217': 0.3315111225762115, 'galf_TE_A_143': 0.3227083310365104, 'galf_TE_A_143_217': 0.80240475538827, 'galf_TE_A_217': 2.025324351608922}
 2026-05-28 02:34:06,460 [prior] Evaluating prior at array([ 1.00000000e-03,  3.00000000e+00,  6.75000000e+01,  2.24000000e-02,
        1.20000000e-01,  5.40000000e-02,  3.04400000e+00,  9.66000000e-01,
        9.96137336e-01,  9.99459511e-01,  9.98935093e-01,  6.43353532e+01,
        4.27358823e-02,  2.30022838e+00,  2.93759938e-01,  5.91944475e+00,
        8.41085368e+00,  2.51211466e+01,  5.85918643e+01,  1.99131615e+02,
        5.41762681e+01,  4.30676368e+01,  1.06060788e+02,  6.61983026e-02,
       -1.69932545e-02,  3.31511123e-01,  3.22708331e-01,  8.02404755e-01,
        2.02532435e+00])
 2026-05-28 02:34:06,460 [prior] Got logpriors (internal) = -27.62921097004137
 2026-05-28 02:34:06,460 [prior] Got logpriors (external) = [-3.7139558606241208]
 2026-05-28 02:34:06,460 [model] Got input parameters: {'tep_epsilon_T': 0.001, 'tep_z_T': 3.0, 'tep_n_T': 1.0, 'H0': 67.5, 'omega_b': 0.0224, 'omega_cdm': 0.12, 'tau_reio': 0.054, 'logA': 3.044, 'A_s': 2.0989031673191437e-09, 'n_s': 0.966, 'A_planck': 0.9961373361924718, 'calib_100T': 0.9994595108398725, 'calib_217T': 0.9989350934045136, 'A_pol': 1.0, 'calib_100P': 1.021, 'calib_143P': 0.966, 'calib_217P': 1.04, 'cib_index': -1.3, 'A_cib_217': 64.33535318510764, 'xi_sz_cib': 0.04273588228999467, 'A_sz': 2.300228379722345, 'ksz_norm': 0.2937599379190388, 'gal545_A_100': 5.919444751975705, 'gal545_A_143': 8.410853679911504, 'gal545_A_143_217': 25.121146570358757, 'gal545_A_217': 58.59186429244728, 'A_sbpx_100_100_TT': 1.0, 'A_sbpx_143_143_TT': 1.0, 'A_sbpx_143_217_TT': 1.0, 'A_sbpx_217_217_TT': 1.0, 'ps_A_100_100': 199.13161489787998, 'ps_A_143_143': 54.17626807107436, 'ps_A_143_217': 43.06763675718048, 'ps_A_217_217': 106.06078831707667, 'galf_TE_index': -2.4, 'galf_TE_A_100': 0.06619830256679578, 'galf_TE_A_100_143': -0.016993254545674213, 'galf_TE_A_100_217': 0.3315111225762115, 'galf_TE_A_143': 0.3227083310365104, 'galf_TE_A_143_217': 0.80240475538827, 'galf_TE_A_217': 2.025324351608922, 'galf_EE_index': -2.4, 'galf_EE_A_100': 0.055, 'galf_EE_A_100_143': 0.04, 'galf_EE_A_100_217': 0.094, 'galf_EE_A_143': 0.086, 'galf_EE_A_143_217': 0.21, 'galf_EE_A_217': 0.7, 'A_cnoise_e2e_100_100_EE': 1.0, 'A_cnoise_e2e_143_143_EE': 1.0, 'A_cnoise_e2e_217_217_EE': 1.0, 'A_sbpx_100_100_EE': 1.0, 'A_sbpx_100_143_EE': 1.0, 'A_sbpx_100_217_EE': 1.0, 'A_sbpx_143_143_EE': 1.0, 'A_sbpx_143_217_EE': 1.0, 'A_sbpx_217_217_EE': 1.0}
 2026-05-28 02:34:06,460 [classy] Got parameters {'tep_epsilon_T': 0.001, 'tep_z_T': 3.0, 'tep_n_T': 1.0, 'H0': 67.5, 'omega_b': 0.0224, 'omega_cdm': 0.12, 'tau_reio': 0.054, 'A_s': 2.0989031673191437e-09, 'n_s': 0.966}
 2026-05-28 02:34:06,460 [classy] Re-using computed results
 2026-05-28 02:34:06,460 [planck_2018_highl_plik.ttteee] Got parameters {'A_planck': 0.9961373361924718, 'calib_100T': 0.9994595108398725, 'calib_217T': 0.9989350934045136, 'A_pol': 1.0, 'calib_100P': 1.021, 'calib_143P': 0.966, 'calib_217P': 1.04, 'cib_index': -1.3, 'A_cib_217': 64.33535318510764, 'xi_sz_cib': 0.04273588228999467, 'A_sz': 2.300228379722345, 'ksz_norm': 0.2937599379190388, 'gal545_A_100': 5.919444751975705, 'gal545_A_143': 8.410853679911504, 'gal545_A_143_217': 25.121146570358757, 'gal545_A_217': 58.59186429244728, 'A_sbpx_100_100_TT': 1.0, 'A_sbpx_143_143_TT': 1.0, 'A_sbpx_143_217_TT': 1.0, 'A_sbpx_217_217_TT': 1.0, 'ps_A_100_100': 199.13161489787998, 'ps_A_143_143': 54.17626807107436, 'ps_A_143_217': 43.06763675718048, 'ps_A_217_217': 106.06078831707667, 'galf_TE_index': -2.4, 'galf_TE_A_100': 0.06619830256679578, 'galf_TE_A_100_143': -0.016993254545674213, 'galf_TE_A_100_217': 0.3315111225762115, 'galf_TE_A_143': 0.3227083310365104, 'galf_TE_A_143_217': 0.80240475538827, 'galf_TE_A_217': 2.025324351608922, 'galf_EE_index': -2.4, 'galf_EE_A_100': 0.055, 'galf_EE_A_100_143': 0.04, 'galf_EE_A_100_217': 0.094, 'galf_EE_A_143': 0.086, 'galf_EE_A_143_217': 0.21, 'galf_EE_A_217': 0.7, 'A_cnoise_e2e_100_100_EE': 1.0, 'A_cnoise_e2e_143_143_EE': 1.0, 'A_cnoise_e2e_217_217_EE': 1.0, 'A_sbpx_100_100_EE': 1.0, 'A_sbpx_100_143_EE': 1.0, 'A_sbpx_100_217_EE': 1.0, 'A_sbpx_143_143_EE': 1.0, 'A_sbpx_143_217_EE': 1.0, 'A_sbpx_217_217_EE': 1.0}
 2026-05-28 02:34:06,460 [planck_2018_highl_plik.ttteee] Computing new state
Cl length: 2509
 2026-05-28 02:34:06,467 [planck_2018_highl_plik.ttteee] Computed log-likelihood = -16198828256.238535
 2026-05-28 02:34:06,467 [planck_2018_lowl.tt] Got parameters {'A_planck': 0.9961373361924718}
 2026-05-28 02:34:06,467 [planck_2018_lowl.tt] Computing new state
Cl length: 2509
 2026-05-28 02:34:06,467 [planck_2018_lowl.tt] Computed log-likelihood = -inf
 2026-05-28 02:34:06,467 [planck_2018_lowl.ee] Got parameters {'A_planck': 0.9961373361924718}
 2026-05-28 02:34:06,467 [planck_2018_lowl.ee] Computing new state
Cl length: 2509
 2026-05-28 02:34:06,467 [planck_2018_lowl.ee] Computed log-likelihood = -198.00351247748432
 2026-05-28 02:34:06,467 [core.pantheon_cobaya_likelihood.pantheoncobaya] Got parameters {}
 2026-05-28 02:34:06,467 [core.pantheon_cobaya_likelihood.pantheoncobaya] Re-using computed results
 2026-05-28 02:34:06,467 [model] Computed derived parameters: {'A_s': 2.0989031673191437e-09, 'chi2__CMB': inf}
 2026-05-28 02:34:06,468 [prior] Evaluating prior at array([ 1.00000000e-03,  3.00000000e+00,  6.75000000e+01,  2.24000000e-02,
        1.20000000e-01,  5.40000000e-02,  3.04400000e+00,  9.66000000e-01,
        1.00062466e+00,  9.99884518e-01,  9.97751304e-01,  7.38070691e+01,
        6.95279638e-02,  9.85850760e+00,  2.34595062e+00,  7.57704370e+00,
        6.88146346e+00,  2.37577635e+01,  8.28637473e+01,  2.72102197e+02,
        5.22884664e+01,  4.42962580e+01,  9.83548855e+01, -1.57540455e-01,
        3.23675052e-02,  4.17979127e-01,  3.02505455e-01,  6.76743036e-01,
        1.67883604e+00])
 2026-05-28 02:34:06,468 [prior] Got logpriors (internal) = -39.881167825321484
 2026-05-28 02:34:06,468 [prior] Got logpriors (external) = [-6.145154299626846]
 2026-05-28 02:34:06,468 [model] Posterior to be computed for parameters {'tep_epsilon_T': 0.001, 'tep_z_T': 3.0, 'H0': 67.5, 'omega_b': 0.0224, 'omega_cdm': 0.12, 'tau_reio': 0.054, 'logA': 3.044, 'n_s': 0.966, 'A_planck': 1.00062466403611, 'calib_100T': 0.9998845179950632, 'calib_217T': 0.9977513039729966, 'A_cib_217': 73.80706911970415, 'xi_sz_cib': 0.06952796381194738, 'A_sz': 9.858507602104075, 'ksz_norm': 2.3459506213443815, 'gal545_A_100': 7.577043695454732, 'gal545_A_143': 6.881463462284322, 'gal545_A_143_217': 23.75776351117316, 'gal545_A_217': 82.86374728903857, 'ps_A_100_100': 272.10219693689834, 'ps_A_143_143': 52.28846641043374, 'ps_A_143_217': 44.29625795327741, 'ps_A_217_217': 98.35488554690563, 'galf_TE_A_100': -0.15754045476445694, 'galf_TE_A_100_143': 0.03236750517775734, 'galf_TE_A_100_217': 0.4179791274318765, 'galf_TE_A_143': 0.30250545539224594, 'galf_TE_A_143_217': 0.6767430361782152, 'galf_TE_A_217': 1.6788360435062892}
 2026-05-28 02:34:06,468 [prior] Evaluating prior at array([ 1.00000000e-03,  3.00000000e+00,  6.75000000e+01,  2.24000000e-02,
        1.20000000e-01,  5.40000000e-02,  3.04400000e+00,  9.66000000e-01,
        1.00062466e+00,  9.99884518e-01,  9.97751304e-01,  7.38070691e+01,
        6.95279638e-02,  9.85850760e+00,  2.34595062e+00,  7.57704370e+00,
        6.88146346e+00,  2.37577635e+01,  8.28637473e+01,  2.72102197e+02,
        5.22884664e+01,  4.42962580e+01,  9.83548855e+01, -1.57540455e-01,
        3.23675052e-02,  4.17979127e-01,  3.02505455e-01,  6.76743036e-01,
        1.67883604e+00])
 2026-05-28 02:34:06,468 [prior] Got logpriors (internal) = -39.881167825321484
 2026-05-28 02:34:06,468 [prior] Got logpriors (external) = [-6.145154299626846]
 2026-05-28 02:34:06,468 [model] Got input parameters: {'tep_epsilon_T': 0.001, 'tep_z_T': 3.0, 'tep_n_T': 1.0, 'H0': 67.5, 'omega_b': 0.0224, 'omega_cdm': 0.12, 'tau_reio': 0.054, 'logA': 3.044, 'A_s': 2.0989031673191437e-09, 'n_s': 0.966, 'A_planck': 1.00062466403611, 'calib_100T': 0.9998845179950632, 'calib_217T': 0.9977513039729966, 'A_pol': 1.0, 'calib_100P': 1.021, 'calib_143P': 0.966, 'calib_217P': 1.04, 'cib_index': -1.3, 'A_cib_217': 73.80706911970415, 'xi_sz_cib': 0.06952796381194738, 'A_sz': 9.858507602104075, 'ksz_norm': 2.3459506213443815, 'gal545_A_100': 7.577043695454732, 'gal545_A_143': 6.881463462284322, 'gal545_A_143_217': 23.75776351117316, 'gal545_A_217': 82.86374728903857, 'A_sbpx_100_100_TT': 1.0, 'A_sbpx_143_143_TT': 1.0, 'A_sbpx_143_217_TT': 1.0, 'A_sbpx_217_217_TT': 1.0, 'ps_A_100_100': 272.10219693689834, 'ps_A_143_143': 52.28846641043374, 'ps_A_143_217': 44.29625795327741, 'ps_A_217_217': 98.35488554690563, 'galf_TE_index': -2.4, 'galf_TE_A_100': -0.15754045476445694, 'galf_TE_A_100_143': 0.03236750517775734, 'galf_TE_A_100_217': 0.4179791274318765, 'galf_TE_A_143': 0.30250545539224594, 'galf_TE_A_143_217': 0.6767430361782152, 'galf_TE_A_217': 1.6788360435062892, 'galf_EE_index': -2.4, 'galf_EE_A_100': 0.055, 'galf_EE_A_100_143': 0.04, 'galf_EE_A_100_217': 0.094, 'galf_EE_A_143': 0.086, 'galf_EE_A_143_217': 0.21, 'galf_EE_A_217': 0.7, 'A_cnoise_e2e_100_100_EE': 1.0, 'A_cnoise_e2e_143_143_EE': 1.0, 'A_cnoise_e2e_217_217_EE': 1.0, 'A_sbpx_100_100_EE': 1.0, 'A_sbpx_100_143_EE': 1.0, 'A_sbpx_100_217_EE': 1.0, 'A_sbpx_143_143_EE': 1.0, 'A_sbpx_143_217_EE': 1.0, 'A_sbpx_217_217_EE': 1.0}
 2026-05-28 02:34:06,468 [classy] Got parameters {'tep_epsilon_T': 0.001, 'tep_z_T': 3.0, 'tep_n_T': 1.0, 'H0': 67.5, 'omega_b': 0.0224, 'omega_cdm': 0.12, 'tau_reio': 0.054, 'A_s': 2.0989031673191437e-09, 'n_s': 0.966}
 2026-05-28 02:34:06,468 [classy] Re-using computed results
 2026-05-28 02:34:06,468 [planck_2018_highl_plik.ttteee] Got parameters {'A_planck': 1.00062466403611, 'calib_100T': 0.9998845179950632, 'calib_217T': 0.9977513039729966, 'A_pol': 1.0, 'calib_100P': 1.021, 'calib_143P': 0.966, 'calib_217P': 1.04, 'cib_index': -1.3, 'A_cib_217': 73.80706911970415, 'xi_sz_cib': 0.06952796381194738, 'A_sz': 9.858507602104075, 'ksz_norm': 2.3459506213443815, 'gal545_A_100': 7.577043695454732, 'gal545_A_143': 6.881463462284322, 'gal545_A_143_217': 23.75776351117316, 'gal545_A_217': 82.86374728903857, 'A_sbpx_100_100_TT': 1.0, 'A_sbpx_143_143_TT': 1.0, 'A_sbpx_143_217_TT': 1.0, 'A_sbpx_217_217_TT': 1.0, 'ps_A_100_100': 272.10219693689834, 'ps_A_143_143': 52.28846641043374, 'ps_A_143_217': 44.29625795327741, 'ps_A_217_217': 98.35488554690563, 'galf_TE_index': -2.4, 'galf_TE_A_100': -0.15754045476445694, 'galf_TE_A_100_143': 0.03236750517775734, 'galf_TE_A_100_217': 0.4179791274318765, 'galf_TE_A_143': 0.30250545539224594, 'galf_TE_A_143_217': 0.6767430361782152, 'galf_TE_A_217': 1.6788360435062892, 'galf_EE_index': -2.4, 'galf_EE_A_100': 0.055, 'galf_EE_A_100_143': 0.04, 'galf_EE_A_100_217': 0.094, 'galf_EE_A_143': 0.086, 'galf_EE_A_143_217': 0.21, 'galf_EE_A_217': 0.7, 'A_cnoise_e2e_100_100_EE': 1.0, 'A_cnoise_e2e_143_143_EE': 1.0, 'A_cnoise_e2e_217_217_EE': 1.0, 'A_sbpx_100_100_EE': 1.0, 'A_sbpx_100_143_EE': 1.0, 'A_sbpx_100_217_EE': 1.0, 'A_sbpx_143_143_EE': 1.0, 'A_sbpx_143_217_EE': 1.0, 'A_sbpx_217_217_EE': 1.0}
 2026-05-28 02:34:06,468 [planck_2018_highl_plik.ttteee] Computing new state
Cl length: 2509
 2026-05-28 02:34:06,483 [planck_2018_highl_plik.ttteee] Computed log-likelihood = -15899559415.88808
 2026-05-28 02:34:06,483 [planck_2018_lowl.tt] Got parameters {'A_planck': 1.00062466403611}
 2026-05-28 02:34:06,483 [planck_2018_lowl.tt] Computing new state
Cl length: 2509
 2026-05-28 02:34:06,483 [planck_2018_lowl.tt] Computed log-likelihood = -inf
 2026-05-28 02:34:06,483 [planck_2018_lowl.ee] Got parameters {'A_planck': 1.00062466403611}
 2026-05-28 02:34:06,483 [planck_2018_lowl.ee] Computing new state
Cl length: 2509
 2026-05-28 02:34:06,483 [planck_2018_lowl.ee] Computed log-likelihood = -198.00994377254736
 2026-05-28 02:34:06,483 [core.pantheon_cobaya_likelihood.pantheoncobaya] Got parameters {}
 2026-05-28 02:34:06,483 [core.pantheon_cobaya_likelihood.pantheoncobaya] Re-using computed results
 2026-05-28 02:34:06,483 [model] Computed derived parameters: {'A_s': 2.0989031673191437e-09, 'chi2__CMB': inf}
 2026-05-28 02:34:06,485 [prior] Evaluating prior at array([1.00000000e-03, 3.00000000e+00, 6.75000000e+01, 2.24000000e-02,
       1.20000000e-01, 5.40000000e-02, 3.04400000e+00, 9.66000000e-01,
       9.96936922e-01, 9.98332069e-01, 9.98215782e-01, 7.50300477e+01,
       1.22025998e-01, 1.00020213e+01, 3.00191407e+00, 7.83096635e+00,
       9.93680666e+00, 2.16784064e+01, 8.35987981e+01, 2.28034860e+02,
       5.18060295e+01, 4.67721066e+01, 8.42925079e+01, 7.76020259e-02,
       8.13905417e-02, 4.45227810e-01, 9.60905880e-02, 5.69478491e-01,
       2.12325332e+00])
 2026-05-28 02:34:06,485 [prior] Got logpriors (internal) = -inf
 2026-05-28 02:34:06,486 [prior] Evaluating prior at array([1.00000000e-03, 3.00000000e+00, 6.75000000e+01, 2.24000000e-02,
       1.20000000e-01, 5.40000000e-02, 3.04400000e+00, 9.66000000e-01,
       1.00187552e+00, 9.99305249e-01, 9.96441684e-01, 6.31376262e+01,
       1.67427084e-01, 9.48407946e+00, 1.47082112e+00, 8.03825945e+00,
       9.55024405e+00, 2.28990926e+01, 1.01651837e+02, 2.41956961e+02,
       4.83155199e+01, 3.27508898e+01, 1.23897974e+02, 6.36215411e-02,
       2.06406732e-01, 6.21001875e-01, 3.54835975e-01, 9.93081468e-01,
       1.84372284e+00])
 2026-05-28 02:34:06,486 [prior] Got logpriors (internal) = -26.806356660292522
 2026-05-28 02:34:06,486 [prior] Got logpriors (external) = [-4.853995361256139]
 2026-05-28 02:34:06,486 [model] Posterior to be computed for parameters {'tep_epsilon_T': 0.001, 'tep_z_T': 3.0, 'H0': 67.5, 'omega_b': 0.0224, 'omega_cdm': 0.12, 'tau_reio': 0.054, 'logA': 3.044, 'n_s': 0.966, 'A_planck': 1.001875518050646, 'calib_100T': 0.9993052489251345, 'calib_217T': 0.9964416843397086, 'A_cib_217': 63.137626189480365, 'xi_sz_cib': 0.1674270843955272, 'A_sz': 9.484079463293835, 'ksz_norm': 1.4708211153861082, 'gal545_A_100': 8.038259449470965, 'gal545_A_143': 9.550244051923363, 'gal545_A_143_217': 22.89909261975913, 'gal545_A_217': 101.65183702570098, 'ps_A_100_100': 241.95696149815507, 'ps_A_143_143': 48.31551987150087, 'ps_A_143_217': 32.75088979078318, 'ps_A_217_217': 123.89797357145126, 'galf_TE_A_100': 0.06362154114031189, 'galf_TE_A_100_143': 0.2064067320121009, 'galf_TE_A_100_217': 0.6210018747492039, 'galf_TE_A_143': 0.35483597480706036, 'galf_TE_A_143_217': 0.993081468265207, 'galf_TE_A_217': 1.8437228406166801}
 2026-05-28 02:34:06,486 [prior] Evaluating prior at array([1.00000000e-03, 3.00000000e+00, 6.75000000e+01, 2.24000000e-02,
       1.20000000e-01, 5.40000000e-02, 3.04400000e+00, 9.66000000e-01,
       1.00187552e+00, 9.99305249e-01, 9.96441684e-01, 6.31376262e+01,
       1.67427084e-01, 9.48407946e+00, 1.47082112e+00, 8.03825945e+00,
       9.55024405e+00, 2.28990926e+01, 1.01651837e+02, 2.41956961e+02,
       4.83155199e+01, 3.27508898e+01, 1.23897974e+02, 6.36215411e-02,
       2.06406732e-01, 6.21001875e-01, 3.54835975e-01, 9.93081468e-01,
       1.84372284e+00])
 2026-05-28 02:34:06,486 [prior] Got logpriors (internal) = -26.806356660292522
 2026-05-28 02:34:06,486 [prior] Got logpriors (external) = [-4.853995361256139]
 2026-05-28 02:34:06,486 [model] Got input parameters: {'tep_epsilon_T': 0.001, 'tep_z_T': 3.0, 'tep_n_T': 1.0, 'H0': 67.5, 'omega_b': 0.0224, 'omega_cdm': 0.12, 'tau_reio': 0.054, 'logA': 3.044, 'A_s': 2.0989031673191437e-09, 'n_s': 0.966, 'A_planck': 1.001875518050646, 'calib_100T': 0.9993052489251345, 'calib_217T': 0.9964416843397086, 'A_pol': 1.0, 'calib_100P': 1.021, 'calib_143P': 0.966, 'calib_217P': 1.04, 'cib_index': -1.3, 'A_cib_217': 63.137626189480365, 'xi_sz_cib': 0.1674270843955272, 'A_sz': 9.484079463293835, 'ksz_norm': 1.4708211153861082, 'gal545_A_100': 8.038259449470965, 'gal545_A_143': 9.550244051923363, 'gal545_A_143_217': 22.89909261975913, 'gal545_A_217': 101.65183702570098, 'A_sbpx_100_100_TT': 1.0, 'A_sbpx_143_143_TT': 1.0, 'A_sbpx_143_217_TT': 1.0, 'A_sbpx_217_217_TT': 1.0, 'ps_A_100_100': 241.95696149815507, 'ps_A_143_143': 48.31551987150087, 'ps_A_143_217': 32.75088979078318, 'ps_A_217_217': 123.89797357145126, 'galf_TE_index': -2.4, 'galf_TE_A_100': 0.06362154114031189, 'galf_TE_A_100_143': 0.2064067320121009, 'galf_TE_A_100_217': 0.6210018747492039, 'galf_TE_A_143': 0.35483597480706036, 'galf_TE_A_143_217': 0.993081468265207, 'galf_TE_A_217': 1.8437228406166801, 'galf_EE_index': -2.4, 'galf_EE_A_100': 0.055, 'galf_EE_A_100_143': 0.04, 'galf_EE_A_100_217': 0.094, 'galf_EE_A_143': 0.086, 'galf_EE_A_143_217': 0.21, 'galf_EE_A_217': 0.7, 'A_cnoise_e2e_100_100_EE': 1.0, 'A_cnoise_e2e_143_143_EE': 1.0, 'A_cnoise_e2e_217_217_EE': 1.0, 'A_sbpx_100_100_EE': 1.0, 'A_sbpx_100_143_EE': 1.0, 'A_sbpx_100_217_EE': 1.0, 'A_sbpx_143_143_EE': 1.0, 'A_sbpx_143_217_EE': 1.0, 'A_sbpx_217_217_EE': 1.0}
 2026-05-28 02:34:06,486 [classy] Got parameters {'tep_epsilon_T': 0.001, 'tep_z_T': 3.0, 'tep_n_T': 1.0, 'H0': 67.5, 'omega_b': 0.0224, 'omega_cdm': 0.12, 'tau_reio': 0.054, 'A_s': 2.0989031673191437e-09, 'n_s': 0.966}
 2026-05-28 02:34:06,486 [classy] Re-using computed results
 2026-05-28 02:34:06,486 [planck_2018_highl_plik.ttteee] Got parameters {'A_planck': 1.001875518050646, 'calib_100T': 0.9993052489251345, 'calib_217T': 0.9964416843397086, 'A_pol': 1.0, 'calib_100P': 1.021, 'calib_143P': 0.966, 'calib_217P': 1.04, 'cib_index': -1.3, 'A_cib_217': 63.137626189480365, 'xi_sz_cib': 0.1674270843955272, 'A_sz': 9.484079463293835, 'ksz_norm': 1.4708211153861082, 'gal545_A_100': 8.038259449470965, 'gal545_A_143': 9.550244051923363, 'gal545_A_143_217': 22.89909261975913, 'gal545_A_217': 101.65183702570098, 'A_sbpx_100_100_TT': 1.0, 'A_sbpx_143_143_TT': 1.0, 'A_sbpx_143_217_TT': 1.0, 'A_sbpx_217_217_TT': 1.0, 'ps_A_100_100': 241.95696149815507, 'ps_A_143_143': 48.31551987150087, 'ps_A_143_217': 32.75088979078318, 'ps_A_217_217': 123.89797357145126, 'galf_TE_index': -2.4, 'galf_TE_A_100': 0.06362154114031189, 'galf_TE_A_100_143': 0.2064067320121009, 'galf_TE_A_100_217': 0.6210018747492039, 'galf_TE_A_143': 0.35483597480706036, 'galf_TE_A_143_217': 0.993081468265207, 'galf_TE_A_217': 1.8437228406166801, 'galf_EE_index': -2.4, 'galf_EE_A_100': 0.055, 'galf_EE_A_100_143': 0.04, 'galf_EE_A_100_217': 0.094, 'galf_EE_A_143': 0.086, 'galf_EE_A_143_217': 0.21, 'galf_EE_A_217': 0.7, 'A_cnoise_e2e_100_100_EE': 1.0, 'A_cnoise_e2e_143_143_EE': 1.0, 'A_cnoise_e2e_217_217_EE': 1.0, 'A_sbpx_100_100_EE': 1.0, 'A_sbpx_100_143_EE': 1.0, 'A_sbpx_100_217_EE': 1.0, 'A_sbpx_143_143_EE': 1.0, 'A_sbpx_143_217_EE': 1.0, 'A_sbpx_217_217_EE': 1.0}
 2026-05-28 02:34:06,486 [planck_2018_highl_plik.ttteee] Computing new state
Cl length: 2509
 2026-05-28 02:34:06,496 [planck_2018_highl_plik.ttteee] Computed log-likelihood = -15834578234.192368
 2026-05-28 02:34:06,496 [planck_2018_lowl.tt] Got parameters {'A_planck': 1.001875518050646}
 2026-05-28 02:34:06,496 [planck_2018_lowl.tt] Computing new state
Cl length: 2509
 2026-05-28 02:34:06,496 [planck_2018_lowl.tt] Computed log-likelihood = -inf
 2026-05-28 02:34:06,496 [planck_2018_lowl.ee] Got parameters {'A_planck': 1.001875518050646}
 2026-05-28 02:34:06,496 [planck_2018_lowl.ee] Computing new state
Cl length: 2509
 2026-05-28 02:34:06,496 [planck_2018_lowl.ee] Computed log-likelihood = -198.0064439476787
 2026-05-28 02:34:06,496 [core.pantheon_cobaya_likelihood.pantheoncobaya] Got parameters {}
 2026-05-28 02:34:06,496 [core.pantheon_cobaya_likelihood.pantheoncobaya] Re-using computed results
 2026-05-28 02:34:06,496 [model] Computed derived parameters: {'A_s': 2.0989031673191437e-09, 'chi2__CMB': inf}
 2026-05-28 02:34:06,497 [prior] Evaluating prior at array([1.00000000e-03, 3.00000000e+00, 6.75000000e+01, 2.24000000e-02,
       1.20000000e-01, 5.40000000e-02, 3.04400000e+00, 9.66000000e-01,
       9.98769345e-01, 1.00072919e+00, 9.97405139e-01, 6.93011404e+01,
       9.06360464e-02, 5.24556232e+00, 8.44926699e-01, 6.07770700e+00,
       6.60026996e+00, 2.48066438e+01, 7.92168064e+01, 2.34456618e+02,
       4.06980928e+01, 4.19617446e+01, 1.01240999e+02, 6.14972867e-02,
       1.39191297e-01, 5.60052278e-01, 1.88197072e-01, 6.47250762e-01,
       1.86562194e+00])
 2026-05-28 02:34:06,497 [prior] Got logpriors (internal) = -15.496952765378426
 2026-05-28 02:34:06,497 [prior] Got logpriors (external) = [-2.021369432385205]
 2026-05-28 02:34:06,497 [model] Posterior to be computed for parameters {'tep_epsilon_T': 0.001, 'tep_z_T': 3.0, 'H0': 67.5, 'omega_b': 0.0224, 'omega_cdm': 0.12, 'tau_reio': 0.054, 'logA': 3.044, 'n_s': 0.966, 'A_planck': 0.9987693446761152, 'calib_100T': 1.0007291863918646, 'calib_217T': 0.9974051387116473, 'A_cib_217': 69.30114036549539, 'xi_sz_cib': 0.09063604644960596, 'A_sz': 5.2455623216767755, 'ksz_norm': 0.8449266992646809, 'gal545_A_100': 6.077706995471559, 'gal545_A_143': 6.600269957724057, 'gal545_A_143_217': 24.80664383929283, 'gal545_A_217': 79.2168063668277, 'ps_A_100_100': 234.456618271082, 'ps_A_143_143': 40.69809278472796, 'ps_A_143_217': 41.9617446047783, 'ps_A_217_217': 101.24099904566647, 'galf_TE_A_100': 0.06149728671971068, 'galf_TE_A_100_143': 0.13919129745123818, 'galf_TE_A_100_217': 0.5600522783286561, 'galf_TE_A_143': 0.18819707230041324, 'galf_TE_A_143_217': 0.6472507621715464, 'galf_TE_A_217': 1.8656219405610874}
 2026-05-28 02:34:06,497 [prior] Evaluating prior at array([1.00000000e-03, 3.00000000e+00, 6.75000000e+01, 2.24000000e-02,
       1.20000000e-01, 5.40000000e-02, 3.04400000e+00, 9.66000000e-01,
       9.98769345e-01, 1.00072919e+00, 9.97405139e-01, 6.93011404e+01,
       9.06360464e-02, 5.24556232e+00, 8.44926699e-01, 6.07770700e+00,
       6.60026996e+00, 2.48066438e+01, 7.92168064e+01, 2.34456618e+02,
       4.06980928e+01, 4.19617446e+01, 1.01240999e+02, 6.14972867e-02,
       1.39191297e-01, 5.60052278e-01, 1.88197072e-01, 6.47250762e-01,
       1.86562194e+00])
 2026-05-28 02:34:06,497 [prior] Got logpriors (internal) = -15.496952765378426
 2026-05-28 02:34:06,497 [prior] Got logpriors (external) = [-2.021369432385205]
 2026-05-28 02:34:06,497 [model] Got input parameters: {'tep_epsilon_T': 0.001, 'tep_z_T': 3.0, 'tep_n_T': 1.0, 'H0': 67.5, 'omega_b': 0.0224, 'omega_cdm': 0.12, 'tau_reio': 0.054, 'logA': 3.044, 'A_s': 2.0989031673191437e-09, 'n_s': 0.966, 'A_planck': 0.9987693446761152, 'calib_100T': 1.0007291863918646, 'calib_217T': 0.9974051387116473, 'A_pol': 1.0, 'calib_100P': 1.021, 'calib_143P': 0.966, 'calib_217P': 1.04, 'cib_index': -1.3, 'A_cib_217': 69.30114036549539, 'xi_sz_cib': 0.09063604644960596, 'A_sz': 5.2455623216767755, 'ksz_norm': 0.8449266992646809, 'gal545_A_100': 6.077706995471559, 'gal545_A_143': 6.600269957724057, 'gal545_A_143_217': 24.80664383929283, 'gal545_A_217': 79.2168063668277, 'A_sbpx_100_100_TT': 1.0, 'A_sbpx_143_143_TT': 1.0, 'A_sbpx_143_217_TT': 1.0, 'A_sbpx_217_217_TT': 1.0, 'ps_A_100_100': 234.456618271082, 'ps_A_143_143': 40.69809278472796, 'ps_A_143_217': 41.9617446047783, 'ps_A_217_217': 101.24099904566647, 'galf_TE_index': -2.4, 'galf_TE_A_100': 0.06149728671971068, 'galf_TE_A_100_143': 0.13919129745123818, 'galf_TE_A_100_217': 0.5600522783286561, 'galf_TE_A_143': 0.18819707230041324, 'galf_TE_A_143_217': 0.6472507621715464, 'galf_TE_A_217': 1.8656219405610874, 'galf_EE_index': -2.4, 'galf_EE_A_100': 0.055, 'galf_EE_A_100_143': 0.04, 'galf_EE_A_100_217': 0.094, 'galf_EE_A_143': 0.086, 'galf_EE_A_143_217': 0.21, 'galf_EE_A_217': 0.7, 'A_cnoise_e2e_100_100_EE': 1.0, 'A_cnoise_e2e_143_143_EE': 1.0, 'A_cnoise_e2e_217_217_EE': 1.0, 'A_sbpx_100_100_EE': 1.0, 'A_sbpx_100_143_EE': 1.0, 'A_sbpx_100_217_EE': 1.0, 'A_sbpx_143_143_EE': 1.0, 'A_sbpx_143_217_EE': 1.0, 'A_sbpx_217_217_EE': 1.0}
 2026-05-28 02:34:06,497 [classy] Got parameters {'tep_epsilon_T': 0.001, 'tep_z_T': 3.0, 'tep_n_T': 1.0, 'H0': 67.5, 'omega_b': 0.0224, 'omega_cdm': 0.12, 'tau_reio': 0.054, 'A_s': 2.0989031673191437e-09, 'n_s': 0.966}
 2026-05-28 02:34:06,497 [classy] Re-using computed results
 2026-05-28 02:34:06,497 [planck_2018_highl_plik.ttteee] Got parameters {'A_planck': 0.9987693446761152, 'calib_100T': 1.0007291863918646, 'calib_217T': 0.9974051387116473, 'A_pol': 1.0, 'calib_100P': 1.021, 'calib_143P': 0.966, 'calib_217P': 1.04, 'cib_index': -1.3, 'A_cib_217': 69.30114036549539, 'xi_sz_cib': 0.09063604644960596, 'A_sz': 5.2455623216767755, 'ksz_norm': 0.8449266992646809, 'gal545_A_100': 6.077706995471559, 'gal545_A_143': 6.600269957724057, 'gal545_A_143_217': 24.80664383929283, 'gal545_A_217': 79.2168063668277, 'A_sbpx_100_100_TT': 1.0, 'A_sbpx_143_143_TT': 1.0, 'A_sbpx_143_217_TT': 1.0, 'A_sbpx_217_217_TT': 1.0, 'ps_A_100_100': 234.456618271082, 'ps_A_143_143': 40.69809278472796, 'ps_A_143_217': 41.9617446047783, 'ps_A_217_217': 101.24099904566647, 'galf_TE_index': -2.4, 'galf_TE_A_100': 0.06149728671971068, 'galf_TE_A_100_143': 0.13919129745123818, 'galf_TE_A_100_217': 0.5600522783286561, 'galf_TE_A_143': 0.18819707230041324, 'galf_TE_A_143_217': 0.6472507621715464, 'galf_TE_A_217': 1.8656219405610874, 'galf_EE_index': -2.4, 'galf_EE_A_100': 0.055, 'galf_EE_A_100_143': 0.04, 'galf_EE_A_100_217': 0.094, 'galf_EE_A_143': 0.086, 'galf_EE_A_143_217': 0.21, 'galf_EE_A_217': 0.7, 'A_cnoise_e2e_100_100_EE': 1.0, 'A_cnoise_e2e_143_143_EE': 1.0, 'A_cnoise_e2e_217_217_EE': 1.0, 'A_sbpx_100_100_EE': 1.0, 'A_sbpx_100_143_EE': 1.0, 'A_sbpx_100_217_EE': 1.0, 'A_sbpx_143_143_EE': 1.0, 'A_sbpx_143_217_EE': 1.0, 'A_sbpx_217_217_EE': 1.0}
 2026-05-28 02:34:06,497 [planck_2018_highl_plik.ttteee] Computing new state
Cl length: 2509
 2026-05-28 02:34:06,505 [planck_2018_highl_plik.ttteee] Computed log-likelihood = -15997174688.838215
 2026-05-28 02:34:06,505 [planck_2018_lowl.tt] Got parameters {'A_planck': 0.9987693446761152}
 2026-05-28 02:34:06,505 [planck_2018_lowl.tt] Computing new state
Cl length: 2509
 2026-05-28 02:34:06,505 [planck_2018_lowl.tt] Computed log-likelihood = -inf
 2026-05-28 02:34:06,505 [planck_2018_lowl.ee] Got parameters {'A_planck': 0.9987693446761152}
 2026-05-28 02:34:06,505 [planck_2018_lowl.ee] Computing new state
Cl length: 2509
 2026-05-28 02:34:06,505 [planck_2018_lowl.ee] Computed log-likelihood = -198.02221581137266
 2026-05-28 02:34:06,505 [core.pantheon_cobaya_likelihood.pantheoncobaya] Got parameters {}
 2026-05-28 02:34:06,505 [core.pantheon_cobaya_likelihood.pantheoncobaya] Re-using computed results
 2026-05-28 02:34:06,505 [model] Computed derived parameters: {'A_s': 2.0989031673191437e-09, 'chi2__CMB': inf}
 2026-05-28 02:34:06,505 [prior] Evaluating prior at array([1.00000000e-03, 3.00000000e+00, 6.75000000e+01, 2.24000000e-02,
       1.20000000e-01, 5.40000000e-02, 3.04400000e+00, 9.66000000e-01,
       1.00069255e+00, 1.00102431e+00, 9.97131518e-01, 6.68780507e+01,
       1.58969463e-01, 7.75392206e+00, 7.96499707e+00, 9.42394658e+00,
       5.74791804e+00, 1.49093281e+01, 8.14705417e+01, 2.47829459e+02,
       4.84016981e+01, 4.56027868e+01, 1.22180580e+02, 5.49302387e-02,
       2.13889450e-01, 4.55447914e-01, 1.40564208e-01, 6.52179543e-01,
       1.73952851e+00])
 2026-05-28 02:34:06,506 [prior] Got logpriors (internal) = -19.75323299315941
 2026-05-28 02:34:06,506 [prior] Got logpriors (external) = [-8.583359872528623]
 2026-05-28 02:34:06,506 [model] Posterior to be computed for parameters {'tep_epsilon_T': 0.001, 'tep_z_T': 3.0, 'H0': 67.5, 'omega_b': 0.0224, 'omega_cdm': 0.12, 'tau_reio': 0.054, 'logA': 3.044, 'n_s': 0.966, 'A_planck': 1.00069254692144, 'calib_100T': 1.0010243123305682, 'calib_217T': 0.9971315178335597, 'A_cib_217': 66.87805066995496, 'xi_sz_cib': 0.15896946264617356, 'A_sz': 7.753922060776378, 'ksz_norm': 7.964997071335686, 'gal545_A_100': 9.42394657798959, 'gal545_A_143': 5.747918041316512, 'gal545_A_143_217': 14.909328119457133, 'gal545_A_217': 81.47054169350865, 'ps_A_100_100': 247.82945906565266, 'ps_A_143_143': 48.401698050938826, 'ps_A_143_217': 45.60278678405306, 'ps_A_217_217': 122.18057961776907, 'galf_TE_A_100': 0.05493023867711072, 'galf_TE_A_100_143': 0.21388945006619647, 'galf_TE_A_100_217': 0.455447913827934, 'galf_TE_A_143': 0.14056420827360655, 'galf_TE_A_143_217': 0.6521795427849917, 'galf_TE_A_217': 1.7395285074608076}
 2026-05-28 02:34:06,506 [prior] Evaluating prior at array([1.00000000e-03, 3.00000000e+00, 6.75000000e+01, 2.24000000e-02,
       1.20000000e-01, 5.40000000e-02, 3.04400000e+00, 9.66000000e-01,
       1.00069255e+00, 1.00102431e+00, 9.97131518e-01, 6.68780507e+01,
       1.58969463e-01, 7.75392206e+00, 7.96499707e+00, 9.42394658e+00,
       5.74791804e+00, 1.49093281e+01, 8.14705417e+01, 2.47829459e+02,
       4.84016981e+01, 4.56027868e+01, 1.22180580e+02, 5.49302387e-02,
       2.13889450e-01, 4.55447914e-01, 1.40564208e-01, 6.52179543e-01,
       1.73952851e+00])
 2026-05-28 02:34:06,506 [prior] Got logpriors (internal) = -19.75323299315941
 2026-05-28 02:34:06,506 [prior] Got logpriors (external) = [-8.583359872528623]
 2026-05-28 02:34:06,506 [model] Got input parameters: {'tep_epsilon_T': 0.001, 'tep_z_T': 3.0, 'tep_n_T': 1.0, 'H0': 67.5, 'omega_b': 0.0224, 'omega_cdm': 0.12, 'tau_reio': 0.054, 'logA': 3.044, 'A_s': 2.0989031673191437e-09, 'n_s': 0.966, 'A_planck': 1.00069254692144, 'calib_100T': 1.0010243123305682, 'calib_217T': 0.9971315178335597, 'A_pol': 1.0, 'calib_100P': 1.021, 'calib_143P': 0.966, 'calib_217P': 1.04, 'cib_index': -1.3, 'A_cib_217': 66.87805066995496, 'xi_sz_cib': 0.15896946264617356, 'A_sz': 7.753922060776378, 'ksz_norm': 7.964997071335686, 'gal545_A_100': 9.42394657798959, 'gal545_A_143': 5.747918041316512, 'gal545_A_143_217': 14.909328119457133, 'gal545_A_217': 81.47054169350865, 'A_sbpx_100_100_TT': 1.0, 'A_sbpx_143_143_TT': 1.0, 'A_sbpx_143_217_TT': 1.0, 'A_sbpx_217_217_TT': 1.0, 'ps_A_100_100': 247.82945906565266, 'ps_A_143_143': 48.401698050938826, 'ps_A_143_217': 45.60278678405306, 'ps_A_217_217': 122.18057961776907, 'galf_TE_index': -2.4, 'galf_TE_A_100': 0.05493023867711072, 'galf_TE_A_100_143': 0.21388945006619647, 'galf_TE_A_100_217': 0.455447913827934, 'galf_TE_A_143': 0.14056420827360655, 'galf_TE_A_143_217': 0.6521795427849917, 'galf_TE_A_217': 1.7395285074608076, 'galf_EE_index': -2.4, 'galf_EE_A_100': 0.055, 'galf_EE_A_100_143': 0.04, 'galf_EE_A_100_217': 0.094, 'galf_EE_A_143': 0.086, 'galf_EE_A_143_217': 0.21, 'galf_EE_A_217': 0.7, 'A_cnoise_e2e_100_100_EE': 1.0, 'A_cnoise_e2e_143_143_EE': 1.0, 'A_cnoise_e2e_217_217_EE': 1.0, 'A_sbpx_100_100_EE': 1.0, 'A_sbpx_100_143_EE': 1.0, 'A_sbpx_100_217_EE': 1.0, 'A_sbpx_143_143_EE': 1.0, 'A_sbpx_143_217_EE': 1.0, 'A_sbpx_217_217_EE': 1.0}
 2026-05-28 02:34:06,506 [classy] Got parameters {'tep_epsilon_T': 0.001, 'tep_z_T': 3.0, 'tep_n_T': 1.0, 'H0': 67.5, 'omega_b': 0.0224, 'omega_cdm': 0.12, 'tau_reio': 0.054, 'A_s': 2.0989031673191437e-09, 'n_s': 0.966}
 2026-05-28 02:34:06,506 [classy] Re-using computed results
 2026-05-28 02:34:06,506 [planck_2018_highl_plik.ttteee] Got parameters {'A_planck': 1.00069254692144, 'calib_100T': 1.0010243123305682, 'calib_217T': 0.9971315178335597, 'A_pol': 1.0, 'calib_100P': 1.021, 'calib_143P': 0.966, 'calib_217P': 1.04, 'cib_index': -1.3, 'A_cib_217': 66.87805066995496, 'xi_sz_cib': 0.15896946264617356, 'A_sz': 7.753922060776378, 'ksz_norm': 7.964997071335686, 'gal545_A_100': 9.42394657798959, 'gal545_A_143': 5.747918041316512, 'gal545_A_143_217': 14.909328119457133, 'gal545_A_217': 81.47054169350865, 'A_sbpx_100_100_TT': 1.0, 'A_sbpx_143_143_TT': 1.0, 'A_sbpx_143_217_TT': 1.0, 'A_sbpx_217_217_TT': 1.0, 'ps_A_100_100': 247.82945906565266, 'ps_A_143_143': 48.401698050938826, 'ps_A_143_217': 45.60278678405306, 'ps_A_217_217': 122.18057961776907, 'galf_TE_index': -2.4, 'galf_TE_A_100': 0.05493023867711072, 'galf_TE_A_100_143': 0.21388945006619647, 'galf_TE_A_100_217': 0.455447913827934, 'galf_TE_A_143': 0.14056420827360655, 'galf_TE_A_143_217': 0.6521795427849917, 'galf_TE_A_217': 1.7395285074608076, 'galf_EE_index': -2.4, 'galf_EE_A_100': 0.055, 'galf_EE_A_100_143': 0.04, 'galf_EE_A_100_217': 0.094, 'galf_EE_A_143': 0.086, 'galf_EE_A_143_217': 0.21, 'galf_EE_A_217': 0.7, 'A_cnoise_e2e_100_100_EE': 1.0, 'A_cnoise_e2e_143_143_EE': 1.0, 'A_cnoise_e2e_217_217_EE': 1.0, 'A_sbpx_100_100_EE': 1.0, 'A_sbpx_100_143_EE': 1.0, 'A_sbpx_100_217_EE': 1.0, 'A_sbpx_143_143_EE': 1.0, 'A_sbpx_143_217_EE': 1.0, 'A_sbpx_217_217_EE': 1.0}
 2026-05-28 02:34:06,506 [planck_2018_highl_plik.ttteee] Computing new state
Cl length: 2509
 2026-05-28 02:34:06,516 [planck_2018_highl_plik.ttteee] Computed log-likelihood = -15867383728.177874
 2026-05-28 02:34:06,516 [planck_2018_lowl.tt] Got parameters {'A_planck': 1.00069254692144}
 2026-05-28 02:34:06,516 [planck_2018_lowl.tt] Computing new state
Cl length: 2509
 2026-05-28 02:34:06,516 [planck_2018_lowl.tt] Computed log-likelihood = -inf
 2026-05-28 02:34:06,516 [planck_2018_lowl.ee] Got parameters {'A_planck': 1.00069254692144}
 2026-05-28 02:34:06,516 [planck_2018_lowl.ee] Computing new state
Cl length: 2509
 2026-05-28 02:34:06,516 [planck_2018_lowl.ee] Computed log-likelihood = -198.00994377254736
 2026-05-28 02:34:06,516 [core.pantheon_cobaya_likelihood.pantheoncobaya] Got parameters {}
 2026-05-28 02:34:06,516 [core.pantheon_cobaya_likelihood.pantheoncobaya] Re-using computed results
 2026-05-28 02:34:06,516 [model] Computed derived parameters: {'A_s': 2.0989031673191437e-09, 'chi2__CMB': inf}
 2026-05-28 02:34:06,517 [prior] Evaluating prior at array([1.00000000e-03, 3.00000000e+00, 6.75000000e+01, 2.24000000e-02,
       1.20000000e-01, 5.40000000e-02, 3.04400000e+00, 9.66000000e-01,
       9.98435926e-01, 9.99654964e-01, 9.98688035e-01, 8.04987885e+01,
       8.53229566e-02, 3.21287729e+00, 1.45933050e+00, 6.85521964e+00,
       7.86535006e+00, 1.93129725e+01, 9.24794031e+01, 2.39135195e+02,
       5.80544257e+01, 5.00351194e+00, 1.13075653e+02, 1.25255035e-01,
       8.53008369e-02, 4.38432071e-01, 3.68929939e-01, 7.31014008e-01,
       1.60094355e+00])
 2026-05-28 02:34:06,517 [prior] Got logpriors (internal) = -15.504812813304532
 2026-05-28 02:34:06,517 [prior] Got logpriors (external) = [-2.4847942571102415]
 2026-05-28 02:34:06,517 [model] Posterior to be computed for parameters {'tep_epsilon_T': 0.001, 'tep_z_T': 3.0, 'H0': 67.5, 'omega_b': 0.0224, 'omega_cdm': 0.12, 'tau_reio': 0.054, 'logA': 3.044, 'n_s': 0.966, 'A_planck': 0.9984359262740657, 'calib_100T': 0.9996549636082356, 'calib_217T': 0.9986880349286393, 'A_cib_217': 80.49878849768115, 'xi_sz_cib': 0.08532295659494865, 'A_sz': 3.21287729236639, 'ksz_norm': 1.4593304994654437, 'gal545_A_100': 6.855219643276952, 'gal545_A_143': 7.86535006433669, 'gal545_A_143_217': 19.312972541161574, 'gal545_A_217': 92.47940310322969, 'ps_A_100_100': 239.13519484153775, 'ps_A_143_143': 58.05442569972255, 'ps_A_143_217': 5.00351194252741, 'ps_A_217_217': 113.07565288896798, 'galf_TE_A_100': 0.1252550354983227, 'galf_TE_A_100_143': 0.08530083689710802, 'galf_TE_A_100_217': 0.4384320710199342, 'galf_TE_A_143': 0.36892993851714295, 'galf_TE_A_143_217': 0.7310140076253018, 'galf_TE_A_217': 1.600943551336984}
 2026-05-28 02:34:06,517 [prior] Evaluating prior at array([1.00000000e-03, 3.00000000e+00, 6.75000000e+01, 2.24000000e-02,
       1.20000000e-01, 5.40000000e-02, 3.04400000e+00, 9.66000000e-01,
       9.98435926e-01, 9.99654964e-01, 9.98688035e-01, 8.04987885e+01,
       8.53229566e-02, 3.21287729e+00, 1.45933050e+00, 6.85521964e+00,
       7.86535006e+00, 1.93129725e+01, 9.24794031e+01, 2.39135195e+02,
       5.80544257e+01, 5.00351194e+00, 1.13075653e+02, 1.25255035e-01,
       8.53008369e-02, 4.38432071e-01, 3.68929939e-01, 7.31014008e-01,
       1.60094355e+00])
 2026-05-28 02:34:06,517 [prior] Got logpriors (internal) = -15.504812813304532
 2026-05-28 02:34:06,517 [prior] Got logpriors (external) = [-2.4847942571102415]
 2026-05-28 02:34:06,517 [model] Got input parameters: {'tep_epsilon_T': 0.001, 'tep_z_T': 3.0, 'tep_n_T': 1.0, 'H0': 67.5, 'omega_b': 0.0224, 'omega_cdm': 0.12, 'tau_reio': 0.054, 'logA': 3.044, 'A_s': 2.0989031673191437e-09, 'n_s': 0.966, 'A_planck': 0.9984359262740657, 'calib_100T': 0.9996549636082356, 'calib_217T': 0.9986880349286393, 'A_pol': 1.0, 'calib_100P': 1.021, 'calib_143P': 0.966, 'calib_217P': 1.04, 'cib_index': -1.3, 'A_cib_217': 80.49878849768115, 'xi_sz_cib': 0.08532295659494865, 'A_sz': 3.21287729236639, 'ksz_norm': 1.4593304994654437, 'gal545_A_100': 6.855219643276952, 'gal545_A_143': 7.86535006433669, 'gal545_A_143_217': 19.312972541161574, 'gal545_A_217': 92.47940310322969, 'A_sbpx_100_100_TT': 1.0, 'A_sbpx_143_143_TT': 1.0, 'A_sbpx_143_217_TT': 1.0, 'A_sbpx_217_217_TT': 1.0, 'ps_A_100_100': 239.13519484153775, 'ps_A_143_143': 58.05442569972255, 'ps_A_143_217': 5.00351194252741, 'ps_A_217_217': 113.07565288896798, 'galf_TE_index': -2.4, 'galf_TE_A_100': 0.1252550354983227, 'galf_TE_A_100_143': 0.08530083689710802, 'galf_TE_A_100_217': 0.4384320710199342, 'galf_TE_A_143': 0.36892993851714295, 'galf_TE_A_143_217': 0.7310140076253018, 'galf_TE_A_217': 1.600943551336984, 'galf_EE_index': -2.4, 'galf_EE_A_100': 0.055, 'galf_EE_A_100_143': 0.04, 'galf_EE_A_100_217': 0.094, 'galf_EE_A_143': 0.086, 'galf_EE_A_143_217': 0.21, 'galf_EE_A_217': 0.7, 'A_cnoise_e2e_100_100_EE': 1.0, 'A_cnoise_e2e_143_143_EE': 1.0, 'A_cnoise_e2e_217_217_EE': 1.0, 'A_sbpx_100_100_EE': 1.0, 'A_sbpx_100_143_EE': 1.0, 'A_sbpx_100_217_EE': 1.0, 'A_sbpx_143_143_EE': 1.0, 'A_sbpx_143_217_EE': 1.0, 'A_sbpx_217_217_EE': 1.0}
 2026-05-28 02:34:06,517 [classy] Got parameters {'tep_epsilon_T': 0.001, 'tep_z_T': 3.0, 'tep_n_T': 1.0, 'H0': 67.5, 'omega_b': 0.0224, 'omega_cdm': 0.12, 'tau_reio': 0.054, 'A_s': 2.0989031673191437e-09, 'n_s': 0.966}
 2026-05-28 02:34:06,517 [classy] Re-using computed results
 2026-05-28 02:34:06,517 [planck_2018_highl_plik.ttteee] Got parameters {'A_planck': 0.9984359262740657, 'calib_100T': 0.9996549636082356, 'calib_217T': 0.9986880349286393, 'A_pol': 1.0, 'calib_100P': 1.021, 'calib_143P': 0.966, 'calib_217P': 1.04, 'cib_index': -1.3, 'A_cib_217': 80.49878849768115, 'xi_sz_cib': 0.08532295659494865, 'A_sz': 3.21287729236639, 'ksz_norm': 1.4593304994654437, 'gal545_A_100': 6.855219643276952, 'gal545_A_143': 7.86535006433669, 'gal545_A_143_217': 19.312972541161574, 'gal545_A_217': 92.47940310322969, 'A_sbpx_100_100_TT': 1.0, 'A_sbpx_143_143_TT': 1.0, 'A_sbpx_143_217_TT': 1.0, 'A_sbpx_217_217_TT': 1.0, 'ps_A_100_100': 239.13519484153775, 'ps_A_143_143': 58.05442569972255, 'ps_A_143_217': 5.00351194252741, 'ps_A_217_217': 113.07565288896798, 'galf_TE_index': -2.4, 'galf_TE_A_100': 0.1252550354983227, 'galf_TE_A_100_143': 0.08530083689710802, 'galf_TE_A_100_217': 0.4384320710199342, 'galf_TE_A_143': 0.36892993851714295, 'galf_TE_A_143_217': 0.7310140076253018, 'galf_TE_A_217': 1.600943551336984, 'galf_EE_index': -2.4, 'galf_EE_A_100': 0.055, 'galf_EE_A_100_143': 0.04, 'galf_EE_A_100_217': 0.094, 'galf_EE_A_143': 0.086, 'galf_EE_A_143_217': 0.21, 'galf_EE_A_217': 0.7, 'A_cnoise_e2e_100_100_EE': 1.0, 'A_cnoise_e2e_143_143_EE': 1.0, 'A_cnoise_e2e_217_217_EE': 1.0, 'A_sbpx_100_100_EE': 1.0, 'A_sbpx_100_143_EE': 1.0, 'A_sbpx_100_217_EE': 1.0, 'A_sbpx_143_143_EE': 1.0, 'A_sbpx_143_217_EE': 1.0, 'A_sbpx_217_217_EE': 1.0}
 2026-05-28 02:34:06,517 [planck_2018_highl_plik.ttteee] Computing new state
Cl length: 2509
 2026-05-28 02:34:06,524 [planck_2018_highl_plik.ttteee] Computed log-likelihood = -16045319704.161425
 2026-05-28 02:34:06,524 [planck_2018_lowl.tt] Got parameters {'A_planck': 0.9984359262740657}
 2026-05-28 02:34:06,524 [planck_2018_lowl.tt] Computing new state
Cl length: 2509
 2026-05-28 02:34:06,524 [planck_2018_lowl.tt] Computed log-likelihood = -inf
 2026-05-28 02:34:06,524 [planck_2018_lowl.ee] Got parameters {'A_planck': 0.9984359262740657}
 2026-05-28 02:34:06,524 [planck_2018_lowl.ee] Computing new state
Cl length: 2509
 2026-05-28 02:34:06,524 [planck_2018_lowl.ee] Computed log-likelihood = -198.01567975185867
 2026-05-28 02:34:06,524 [core.pantheon_cobaya_likelihood.pantheoncobaya] Got parameters {}
 2026-05-28 02:34:06,524 [core.pantheon_cobaya_likelihood.pantheoncobaya] Re-using computed results
 2026-05-28 02:34:06,524 [model] Computed derived parameters: {'A_s': 2.0989031673191437e-09, 'chi2__CMB': inf}
 2026-05-28 02:34:06,525 [prior] Evaluating prior at array([ 1.00000000e-03,  3.00000000e+00,  6.75000000e+01,  2.24000000e-02,
        1.20000000e-01,  5.40000000e-02,  3.04400000e+00,  9.66000000e-01,
        1.00412433e+00,  1.00151978e+00,  9.97502755e-01,  8.31017199e+01,
        1.82497283e-02,  6.39268060e+00,  3.32578295e-01,  7.84439006e+00,
        7.03521810e+00,  1.06747501e+01,  7.91198238e+01,  2.58266616e+02,
        5.88470104e+01,  4.88620479e+01,  9.20793870e+01,  4.26057792e-02,
       -7.04602901e-02,  2.85327291e-01,  3.76687293e-02,  7.47294938e-01,
        2.10149136e+00])
 2026-05-28 02:34:06,525 [prior] Got logpriors (internal) = -38.513888229735464
 2026-05-28 02:34:06,525 [prior] Got logpriors (external) = [-2.0800752296613405]
 2026-05-28 02:34:06,525 [model] Posterior to be computed for parameters {'tep_epsilon_T': 0.001, 'tep_z_T': 3.0, 'H0': 67.5, 'omega_b': 0.0224, 'omega_cdm': 0.12, 'tau_reio': 0.054, 'logA': 3.044, 'n_s': 0.966, 'A_planck': 1.0041243274589111, 'calib_100T': 1.0015197766763941, 'calib_217T': 0.9975027551967414, 'A_cib_217': 83.10171990799492, 'xi_sz_cib': 0.018249728259642228, 'A_sz': 6.392680602419392, 'ksz_norm': 0.33257829464629196, 'gal545_A_100': 7.844390060053763, 'gal545_A_143': 7.03521810255706, 'gal545_A_143_217': 10.674750111279687, 'gal545_A_217': 79.11982378414942, 'ps_A_100_100': 258.26661634428586, 'ps_A_143_143': 58.84701038801017, 'ps_A_143_217': 48.86204794849916, 'ps_A_217_217': 92.07938704623274, 'galf_TE_A_100': 0.042605779231201096, 'galf_TE_A_100_143': -0.07046029006013796, 'galf_TE_A_100_217': 0.28532729110617827, 'galf_TE_A_143': 0.03766872931394996, 'galf_TE_A_143_217': 0.747294937669892, 'galf_TE_A_217': 2.1014913630953194}
 2026-05-28 02:34:06,525 [prior] Evaluating prior at array([ 1.00000000e-03,  3.00000000e+00,  6.75000000e+01,  2.24000000e-02,
        1.20000000e-01,  5.40000000e-02,  3.04400000e+00,  9.66000000e-01,
        1.00412433e+00,  1.00151978e+00,  9.97502755e-01,  8.31017199e+01,
        1.82497283e-02,  6.39268060e+00,  3.32578295e-01,  7.84439006e+00,
        7.03521810e+00,  1.06747501e+01,  7.91198238e+01,  2.58266616e+02,
        5.88470104e+01,  4.88620479e+01,  9.20793870e+01,  4.26057792e-02,
       -7.04602901e-02,  2.85327291e-01,  3.76687293e-02,  7.47294938e-01,
        2.10149136e+00])
 2026-05-28 02:34:06,525 [prior] Got logpriors (internal) = -38.513888229735464
 2026-05-28 02:34:06,525 [prior] Got logpriors (external) = [-2.0800752296613405]
 2026-05-28 02:34:06,525 [model] Got input parameters: {'tep_epsilon_T': 0.001, 'tep_z_T': 3.0, 'tep_n_T': 1.0, 'H0': 67.5, 'omega_b': 0.0224, 'omega_cdm': 0.12, 'tau_reio': 0.054, 'logA': 3.044, 'A_s': 2.0989031673191437e-09, 'n_s': 0.966, 'A_planck': 1.0041243274589111, 'calib_100T': 1.0015197766763941, 'calib_217T': 0.9975027551967414, 'A_pol': 1.0, 'calib_100P': 1.021, 'calib_143P': 0.966, 'calib_217P': 1.04, 'cib_index': -1.3, 'A_cib_217': 83.10171990799492, 'xi_sz_cib': 0.018249728259642228, 'A_sz': 6.392680602419392, 'ksz_norm': 0.33257829464629196, 'gal545_A_100': 7.844390060053763, 'gal545_A_143': 7.03521810255706, 'gal545_A_143_217': 10.674750111279687, 'gal545_A_217': 79.11982378414942, 'A_sbpx_100_100_TT': 1.0, 'A_sbpx_143_143_TT': 1.0, 'A_sbpx_143_217_TT': 1.0, 'A_sbpx_217_217_TT': 1.0, 'ps_A_100_100': 258.26661634428586, 'ps_A_143_143': 58.84701038801017, 'ps_A_143_217': 48.86204794849916, 'ps_A_217_217': 92.07938704623274, 'galf_TE_index': -2.4, 'galf_TE_A_100': 0.042605779231201096, 'galf_TE_A_100_143': -0.07046029006013796, 'galf_TE_A_100_217': 0.28532729110617827, 'galf_TE_A_143': 0.03766872931394996, 'galf_TE_A_143_217': 0.747294937669892, 'galf_TE_A_217': 2.1014913630953194, 'galf_EE_index': -2.4, 'galf_EE_A_100': 0.055, 'galf_EE_A_100_143': 0.04, 'galf_EE_A_100_217': 0.094, 'galf_EE_A_143': 0.086, 'galf_EE_A_143_217': 0.21, 'galf_EE_A_217': 0.7, 'A_cnoise_e2e_100_100_EE': 1.0, 'A_cnoise_e2e_143_143_EE': 1.0, 'A_cnoise_e2e_217_217_EE': 1.0, 'A_sbpx_100_100_EE': 1.0, 'A_sbpx_100_143_EE': 1.0, 'A_sbpx_100_217_EE': 1.0, 'A_sbpx_143_143_EE': 1.0, 'A_sbpx_143_217_EE': 1.0, 'A_sbpx_217_217_EE': 1.0}
 2026-05-28 02:34:06,525 [classy] Got parameters {'tep_epsilon_T': 0.001, 'tep_z_T': 3.0, 'tep_n_T': 1.0, 'H0': 67.5, 'omega_b': 0.0224, 'omega_cdm': 0.12, 'tau_reio': 0.054, 'A_s': 2.0989031673191437e-09, 'n_s': 0.966}
 2026-05-28 02:34:06,525 [classy] Re-using computed results
 2026-05-28 02:34:06,525 [planck_2018_highl_plik.ttteee] Got parameters {'A_planck': 1.0041243274589111, 'calib_100T': 1.0015197766763941, 'calib_217T': 0.9975027551967414, 'A_pol': 1.0, 'calib_100P': 1.021, 'calib_143P': 0.966, 'calib_217P': 1.04, 'cib_index': -1.3, 'A_cib_217': 83.10171990799492, 'xi_sz_cib': 0.018249728259642228, 'A_sz': 6.392680602419392, 'ksz_norm': 0.33257829464629196, 'gal545_A_100': 7.844390060053763, 'gal545_A_143': 7.03521810255706, 'gal545_A_143_217': 10.674750111279687, 'gal545_A_217': 79.11982378414942, 'A_sbpx_100_100_TT': 1.0, 'A_sbpx_143_143_TT': 1.0, 'A_sbpx_143_217_TT': 1.0, 'A_sbpx_217_217_TT': 1.0, 'ps_A_100_100': 258.26661634428586, 'ps_A_143_143': 58.84701038801017, 'ps_A_143_217': 48.86204794849916, 'ps_A_217_217': 92.07938704623274, 'galf_TE_index': -2.4, 'galf_TE_A_100': 0.042605779231201096, 'galf_TE_A_100_143': -0.07046029006013796, 'galf_TE_A_100_217': 0.28532729110617827, 'galf_TE_A_143': 0.03766872931394996, 'galf_TE_A_143_217': 0.747294937669892, 'galf_TE_A_217': 2.1014913630953194, 'galf_EE_index': -2.4, 'galf_EE_A_100': 0.055, 'galf_EE_A_100_143': 0.04, 'galf_EE_A_100_217': 0.094, 'galf_EE_A_143': 0.086, 'galf_EE_A_143_217': 0.21, 'galf_EE_A_217': 0.7, 'A_cnoise_e2e_100_100_EE': 1.0, 'A_cnoise_e2e_143_143_EE': 1.0, 'A_cnoise_e2e_217_217_EE': 1.0, 'A_sbpx_100_100_EE': 1.0, 'A_sbpx_100_143_EE': 1.0, 'A_sbpx_100_217_EE': 1.0, 'A_sbpx_143_143_EE': 1.0, 'A_sbpx_143_217_EE': 1.0, 'A_sbpx_217_217_EE': 1.0}
 2026-05-28 02:34:06,525 [planck_2018_highl_plik.ttteee] Computing new state
Cl length: 2509
 2026-05-28 02:34:06,531 [planck_2018_highl_plik.ttteee] Computed log-likelihood = -15639438405.643467
 2026-05-28 02:34:06,532 [planck_2018_lowl.tt] Got parameters {'A_planck': 1.0041243274589111}
 2026-05-28 02:34:06,532 [planck_2018_lowl.tt] Computing new state
Cl length: 2509
 2026-05-28 02:34:06,532 [planck_2018_lowl.tt] Computed log-likelihood = -inf
 2026-05-28 02:34:06,532 [planck_2018_lowl.ee] Got parameters {'A_planck': 1.0041243274589111}
 2026-05-28 02:34:06,532 [planck_2018_lowl.ee] Computing new state
Cl length: 2509
 2026-05-28 02:34:06,532 [planck_2018_lowl.ee] Computed log-likelihood = -198.01519584852144
 2026-05-28 02:34:06,532 [core.pantheon_cobaya_likelihood.pantheoncobaya] Got parameters {}
 2026-05-28 02:34:06,532 [core.pantheon_cobaya_likelihood.pantheoncobaya] Re-using computed results
 2026-05-28 02:34:06,532 [model] Computed derived parameters: {'A_s': 2.0989031673191437e-09, 'chi2__CMB': inf}
 2026-05-28 02:34:06,532 [prior] Evaluating prior at array([1.00000000e-03, 3.00000000e+00, 6.75000000e+01, 2.24000000e-02,
       1.20000000e-01, 5.40000000e-02, 3.04400000e+00, 9.66000000e-01,
       9.99173790e-01, 9.99425086e-01, 9.98368038e-01, 7.05275665e+01,
       1.03288393e-01, 8.30305625e+00, 1.27241097e+00, 7.21796079e+00,
       8.02259673e+00, 2.30090176e+01, 6.01668614e+01, 2.30968383e+02,
       2.87041774e+01, 4.19309327e+01, 1.16061055e+02, 8.56517005e-02,
       9.97239419e-02, 6.67869781e-01, 1.48742981e-01, 6.36084578e-01,
       2.22931267e+00])
 2026-05-28 02:34:06,532 [prior] Got logpriors (internal) = -16.8008011964985
 2026-05-28 02:34:06,532 [prior] Got logpriors (external) = [-3.438455989935918]
 2026-05-28 02:34:06,532 [model] Posterior to be computed for parameters {'tep_epsilon_T': 0.001, 'tep_z_T': 3.0, 'H0': 67.5, 'omega_b': 0.0224, 'omega_cdm': 0.12, 'tau_reio': 0.054, 'logA': 3.044, 'n_s': 0.966, 'A_planck': 0.9991737895499427, 'calib_100T': 0.9994250860571637, 'calib_217T': 0.9983680383854416, 'A_cib_217': 70.52756647186428, 'xi_sz_cib': 0.10328839298440695, 'A_sz': 8.303056245555258, 'ksz_norm': 1.2724109695950778, 'gal545_A_100': 7.217960790212794, 'gal545_A_143': 8.022596734547983, 'gal545_A_143_217': 23.009017552818463, 'gal545_A_217': 60.16686141930778, 'ps_A_100_100': 230.96838299527, 'ps_A_143_143': 28.7041773614423, 'ps_A_143_217': 41.93093265497034, 'ps_A_217_217': 116.06105485577075, 'galf_TE_A_100': 0.0856517004773871, 'galf_TE_A_100_143': 0.09972394186024705, 'galf_TE_A_100_217': 0.6678697806123455, 'galf_TE_A_143': 0.14874298116267964, 'galf_TE_A_143_217': 0.6360845777982321, 'galf_TE_A_217': 2.229312668291709}
 2026-05-28 02:34:06,532 [prior] Evaluating prior at array([1.00000000e-03, 3.00000000e+00, 6.75000000e+01, 2.24000000e-02,
       1.20000000e-01, 5.40000000e-02, 3.04400000e+00, 9.66000000e-01,
       9.99173790e-01, 9.99425086e-01, 9.98368038e-01, 7.05275665e+01,
       1.03288393e-01, 8.30305625e+00, 1.27241097e+00, 7.21796079e+00,
       8.02259673e+00, 2.30090176e+01, 6.01668614e+01, 2.30968383e+02,
       2.87041774e+01, 4.19309327e+01, 1.16061055e+02, 8.56517005e-02,
       9.97239419e-02, 6.67869781e-01, 1.48742981e-01, 6.36084578e-01,
       2.22931267e+00])
 2026-05-28 02:34:06,532 [prior] Got logpriors (internal) = -16.8008011964985
 2026-05-28 02:34:06,532 [prior] Got logpriors (external) = [-3.438455989935918]
 2026-05-28 02:34:06,532 [model] Got input parameters: {'tep_epsilon_T': 0.001, 'tep_z_T': 3.0, 'tep_n_T': 1.0, 'H0': 67.5, 'omega_b': 0.0224, 'omega_cdm': 0.12, 'tau_reio': 0.054, 'logA': 3.044, 'A_s': 2.0989031673191437e-09, 'n_s': 0.966, 'A_planck': 0.9991737895499427, 'calib_100T': 0.9994250860571637, 'calib_217T': 0.9983680383854416, 'A_pol': 1.0, 'calib_100P': 1.021, 'calib_143P': 0.966, 'calib_217P': 1.04, 'cib_index': -1.3, 'A_cib_217': 70.52756647186428, 'xi_sz_cib': 0.10328839298440695, 'A_sz': 8.303056245555258, 'ksz_norm': 1.2724109695950778, 'gal545_A_100': 7.217960790212794, 'gal545_A_143': 8.022596734547983, 'gal545_A_143_217': 23.009017552818463, 'gal545_A_217': 60.16686141930778, 'A_sbpx_100_100_TT': 1.0, 'A_sbpx_143_143_TT': 1.0, 'A_sbpx_143_217_TT': 1.0, 'A_sbpx_217_217_TT': 1.0, 'ps_A_100_100': 230.96838299527, 'ps_A_143_143': 28.7041773614423, 'ps_A_143_217': 41.93093265497034, 'ps_A_217_217': 116.06105485577075, 'galf_TE_index': -2.4, 'galf_TE_A_100': 0.0856517004773871, 'galf_TE_A_100_143': 0.09972394186024705, 'galf_TE_A_100_217': 0.6678697806123455, 'galf_TE_A_143': 0.14874298116267964, 'galf_TE_A_143_217': 0.6360845777982321, 'galf_TE_A_217': 2.229312668291709, 'galf_EE_index': -2.4, 'galf_EE_A_100': 0.055, 'galf_EE_A_100_143': 0.04, 'galf_EE_A_100_217': 0.094, 'galf_EE_A_143': 0.086, 'galf_EE_A_143_217': 0.21, 'galf_EE_A_217': 0.7, 'A_cnoise_e2e_100_100_EE': 1.0, 'A_cnoise_e2e_143_143_EE': 1.0, 'A_cnoise_e2e_217_217_EE': 1.0, 'A_sbpx_100_100_EE': 1.0, 'A_sbpx_100_143_EE': 1.0, 'A_sbpx_100_217_EE': 1.0, 'A_sbpx_143_143_EE': 1.0, 'A_sbpx_143_217_EE': 1.0, 'A_sbpx_217_217_EE': 1.0}
 2026-05-28 02:34:06,532 [classy] Got parameters {'tep_epsilon_T': 0.001, 'tep_z_T': 3.0, 'tep_n_T': 1.0, 'H0': 67.5, 'omega_b': 0.0224, 'omega_cdm': 0.12, 'tau_reio': 0.054, 'A_s': 2.0989031673191437e-09, 'n_s': 0.966}
 2026-05-28 02:34:06,533 [classy] Re-using computed results
 2026-05-28 02:34:06,533 [planck_2018_highl_plik.ttteee] Got parameters {'A_planck': 0.9991737895499427, 'calib_100T': 0.9994250860571637, 'calib_217T': 0.9983680383854416, 'A_pol': 1.0, 'calib_100P': 1.021, 'calib_143P': 0.966, 'calib_217P': 1.04, 'cib_index': -1.3, 'A_cib_217': 70.52756647186428, 'xi_sz_cib': 0.10328839298440695, 'A_sz': 8.303056245555258, 'ksz_norm': 1.2724109695950778, 'gal545_A_100': 7.217960790212794, 'gal545_A_143': 8.022596734547983, 'gal545_A_143_217': 23.009017552818463, 'gal545_A_217': 60.16686141930778, 'A_sbpx_100_100_TT': 1.0, 'A_sbpx_143_143_TT': 1.0, 'A_sbpx_143_217_TT': 1.0, 'A_sbpx_217_217_TT': 1.0, 'ps_A_100_100': 230.96838299527, 'ps_A_143_143': 28.7041773614423, 'ps_A_143_217': 41.93093265497034, 'ps_A_217_217': 116.06105485577075, 'galf_TE_index': -2.4, 'galf_TE_A_100': 0.0856517004773871, 'galf_TE_A_100_143': 0.09972394186024705, 'galf_TE_A_100_217': 0.6678697806123455, 'galf_TE_A_143': 0.14874298116267964, 'galf_TE_A_143_217': 0.6360845777982321, 'galf_TE_A_217': 2.229312668291709, 'galf_EE_index': -2.4, 'galf_EE_A_100': 0.055, 'galf_EE_A_100_143': 0.04, 'galf_EE_A_100_217': 0.094, 'galf_EE_A_143': 0.086, 'galf_EE_A_143_217': 0.21, 'galf_EE_A_217': 0.7, 'A_cnoise_e2e_100_100_EE': 1.0, 'A_cnoise_e2e_143_143_EE': 1.0, 'A_cnoise_e2e_217_217_EE': 1.0, 'A_sbpx_100_100_EE': 1.0, 'A_sbpx_100_143_EE': 1.0, 'A_sbpx_100_217_EE': 1.0, 'A_sbpx_143_143_EE': 1.0, 'A_sbpx_143_217_EE': 1.0, 'A_sbpx_217_217_EE': 1.0}
 2026-05-28 02:34:06,533 [planck_2018_highl_plik.ttteee] Computing new state
Cl length: 2509
 2026-05-28 02:34:06,539 [planck_2018_highl_plik.ttteee] Computed log-likelihood = -16003530433.170214
 2026-05-28 02:34:06,539 [planck_2018_lowl.tt] Got parameters {'A_planck': 0.9991737895499427}
 2026-05-28 02:34:06,539 [planck_2018_lowl.tt] Computing new state
Cl length: 2509
 2026-05-28 02:34:06,539 [planck_2018_lowl.tt] Computed log-likelihood = -inf
 2026-05-28 02:34:06,539 [planck_2018_lowl.ee] Got parameters {'A_planck': 0.9991737895499427}
 2026-05-28 02:34:06,539 [planck_2018_lowl.ee] Computing new state
Cl length: 2509
 2026-05-28 02:34:06,539 [planck_2018_lowl.ee] Computed log-likelihood = -198.01921972027924
 2026-05-28 02:34:06,539 [core.pantheon_cobaya_likelihood.pantheoncobaya] Got parameters {}
 2026-05-28 02:34:06,539 [core.pantheon_cobaya_likelihood.pantheoncobaya] Re-using computed results
 2026-05-28 02:34:06,539 [model] Computed derived parameters: {'A_s': 2.0989031673191437e-09, 'chi2__CMB': inf}
 2026-05-28 02:34:06,539 [prior] Evaluating prior at array([1.00000000e-03, 3.00000000e+00, 6.75000000e+01, 2.24000000e-02,
       1.20000000e-01, 5.40000000e-02, 3.04400000e+00, 9.66000000e-01,
       9.99522789e-01, 1.00165639e+00, 9.99083266e-01, 6.14103494e+01,
       1.62767731e-01, 5.87060602e+00, 1.82252979e+00, 8.66439947e+00,
       5.65834822e+00, 2.11640469e+01, 5.52542522e+01, 2.94577298e+02,
       4.82457672e+01, 3.07942307e+01, 1.27473020e+02, 2.60075668e-01,
       1.35182375e-01, 5.35381627e-01, 1.26817134e-01, 5.97047564e-01,
       1.84157318e+00])
