#        weight    minuslogpost   tep_epsilon_T         tep_z_T              H0         omega_b       omega_cdm        tau_reio             A_s             n_s        A_planck      calib_100T      calib_217T       A_cib_217       xi_sz_cib            A_sz        ksz_norm    gal545_A_100    gal545_A_143 gal545_A_143_217    gal545_A_217    ps_A_100_100    ps_A_143_143    ps_A_143_217    ps_A_217_217   galf_TE_A_100 galf_TE_A_100_143 galf_TE_A_100_217   galf_TE_A_143 galf_TE_A_143_217   galf_TE_A_217       chi2__CMB   minuslogprior minuslogprior__0 minuslogprior__SZ            chi2 chi2__planck_2018_highl_plik.TTTEEE chi2__planck_2018_lowl.TT chi2__planck_2018_lowl.EE chi2__core.pantheon_cobaya_likelihood.PantheonCobaya
              1       2453.0064             0.1               3              70          0.0224            0.12           0.054         2.1e-09           0.966       1.0008216      0.99972397      0.99805113       77.116769      0.24901513       7.1126237       3.4458246       9.8258957       11.774802        25.863239       106.87728       232.37912       47.572127       46.959138        104.9901    -0.063182886        0.26408208        0.33061831      0.11961978        0.67884064       2.1884004       4110.8659       12.910542        9.3170736         3.5934684       4880.1917                           3691.1489                 23.736912                 395.98015                                            769.32579
              2       2413.6309             0.1               3              70          0.0224            0.12           0.054         2.1e-09           0.966       1.0008216      0.99913496      0.99853874       78.822553     0.069104064       7.5597292       1.1546955       8.1988034       10.003521        22.190439       100.41975       231.16425       50.461711        50.33574       110.09383    -0.077917283        0.24129373        0.38657007       0.1262393         0.8361329       2.5572008       4031.1698       13.383121        10.584211         2.7989101       4800.4956                           3611.4527                 23.736912                 395.98015                                            769.32579
              2       2412.1051             0.1               3              70          0.0224            0.12           0.054         2.1e-09           0.966       1.0008216      0.99916398      0.99850515       78.347499     0.033086564       7.4566396       1.0762813       8.0637695       9.9607748        22.035067         100.939       234.99819       50.419171       50.402185       110.81732    -0.081144855        0.23743119        0.38488583      0.12632738        0.83439792        2.542898       4028.4194       13.232457        10.531662         2.7007942       4797.7452                           3608.7024                 23.736912                 395.98015                                            769.32579
              1       2408.1601             0.1               3              70          0.0224            0.12           0.054         2.1e-09           0.966       1.0008216      0.99930808      0.99864458       78.982547     0.012092173       7.5560936       1.4338268       7.8721266       9.5683874        22.038682       101.01146       239.97199       48.590543       48.811698       108.37425    -0.087323268        0.23243587        0.39015102      0.10545526        0.82036553       2.4685442       4019.5244       13.734985        10.818036         2.9169491       4788.8502                           3599.8073                 23.736912                 395.98015                                            769.32579
              3       2393.1979             0.1               3              70          0.0224            0.12           0.054         2.1e-09           0.966       1.0008216      0.99961088       0.9984346       78.600883      0.17754899       7.5623916       1.2664733       7.4060824       10.518108        21.667174       98.649737       246.50321       50.619109       52.338389       107.41211    -0.092180763        0.26334493        0.42065111      0.13896572        0.74020039        2.437634        3987.827       14.621477        11.773466         2.8480105       4757.1528                             3568.11                 23.736912                 395.98015                                            769.32579
              1       2382.3406             0.1               3              70          0.0224            0.12           0.054         2.1e-09           0.966       1.0008216      0.99918842      0.99834337       84.705107      0.21932274       6.9663886       2.0235848       6.8431027       9.8400637        19.865145       90.500037       251.50585       50.479002       51.705896       100.76993     -0.09402913        0.24926547        0.36012272      0.15538701        0.76907152       2.4871687       3965.4344       14.960524         12.19478         2.7657441       4734.7602                           3545.7173                 23.736912                 395.98015                                            769.32579
              1       2252.5815     0.098999363        3.000712       69.777269     0.022432755      0.11966546     0.054466172   2.0994891e-09      0.96713412        1.000908      0.99989634      0.99826537        83.62815       0.1540352       8.7111152       1.3702541       9.5992602       6.2593419        19.669857       91.656461       227.17124       53.355357        54.63315       100.52863     -0.05074937        0.27442471        0.43940414      0.23407786        0.81361501       2.2230913       3708.0486       14.128615        10.236992         3.8916236       4476.9058                           3288.6487                  23.38444                 396.01546                                            768.85723
              2       2251.6248     0.098999363        3.000712       69.777269     0.022432755      0.11966546     0.054466172   2.0994891e-09      0.96713412        1.000908      0.99990454      0.99824576       83.511836      0.15247043       8.7525932        1.412167       9.6209514       6.3179196        19.610374       91.518421       227.18692       52.992662       54.617845       100.75819    -0.049778388        0.27368155        0.44052402      0.23339339        0.81295211       2.2166657       3706.5409       13.925785        9.9636345         3.9621506       4475.3981                            3287.141                  23.38444                 396.01546                                            768.85723
              1        2244.259     0.098999363        3.000712       69.777269     0.022432755      0.11966546     0.054466172   2.0994891e-09      0.96713412        1.000908       0.9993892      0.99857113       89.013636      0.13773106       8.2605285       2.1678617       10.364922       7.3260315        17.692028        86.03499       216.72701       51.771297       54.219261        92.52382    -0.037993357        0.27489455        0.50480875      0.23492826        0.84383135       2.3189715       3691.7277       13.966516        10.025088         3.9414275       4460.5849                           3272.3278                  23.38444                 396.01546                                            768.85723
              1       2236.1631     0.098999363        3.000712       69.777269     0.022432755      0.11966546     0.054466172   2.0994891e-09      0.96713412        1.000908      0.99936589      0.99829681         88.9822     0.033026524       8.5197206       2.0264536       11.246922       7.8691867        18.287078       86.125337       209.30775       50.338879       51.232608       91.907428    -0.040840725        0.27469135        0.52078039      0.22619853        0.84375842       2.2050894        3675.152       14.158444        10.034168         4.1242756       4444.0092                           3255.7521                  23.38444                 396.01546                                            768.85723
              1       2233.4573     0.098999363        3.000712       69.777269     0.022432755      0.11966546     0.054466172   2.0994891e-09      0.96713412        1.000908      0.99909639      0.99823423       87.625714     0.043916975       8.0217516        3.095497       11.050171       9.0205724        17.933501       85.599904       204.06365       47.021141       49.419397       92.652582    -0.052075787        0.26786829        0.41094963      0.24281425        0.81393677       2.0219377        3670.246       13.905706        9.5910024         4.3147037       4439.1032                           3250.8461                  23.38444                 396.01546                                            768.85723
              1       2224.0856     0.098999363        3.000712       69.777269     0.022432755      0.11966546     0.054466172   2.0994891e-09      0.96713412        1.000908      0.99913936      0.99889368       87.355749      0.20782237       7.2812192       3.6095731       10.324085       9.7446203        22.342967        92.37533       190.80743       50.597264       45.134892       84.776644    -0.033071863        0.27238345        0.39992906      0.21312262        0.74907237       2.1260398        3656.906       11.203967        7.3435206         3.8604461       4425.7632                           3237.5061                  23.38444                 396.01546                                            768.85723
              1       2222.9541     0.098999363        3.000712       69.777269     0.022432755      0.11966546     0.054466172   2.0994891e-09      0.96713412        1.000908      0.99912907      0.99901236       87.414463      0.20077885       7.6002949       3.3985791       10.155556       9.7528454         22.74559       93.025261       189.21406       50.348615       45.723086       85.096418    -0.033233615         0.2722252        0.40489436       0.2129791        0.74250276       2.0733103       3654.0721       11.489448        7.4323361         4.0571118       4422.9294                           3234.6722                  23.38444                 396.01546                                            768.85723
              1        2217.784     0.098999363        3.000712       69.777269     0.022432755      0.11966546     0.054466172   2.0994891e-09      0.96713412        1.000908      0.99911305      0.99891182       86.152584      0.18965278       7.5613396        5.462427        8.640269       9.2479333         20.67144       90.578826       184.49658       44.312566       43.937107       84.225768   -0.0054594492         0.2753747        0.40135973      0.19634948        0.74984044       1.8707975       3645.0631       10.823821        5.1966701         5.6271506       4413.9203                           3225.6632                  23.38444                 396.01546                                            768.85723
              1       2211.4908     0.098999363        3.000712       69.777269     0.022432755      0.11966546     0.054466172   2.0994891e-09      0.96713412        1.000908       0.9994295      0.99926356       85.518294      0.17553486       8.1958611       4.2078669       8.4126049       8.0416113        20.011681       90.003383       178.96538       46.362458       49.922691       88.805596      -0.0467099        0.26212732        0.36645552      0.21377919        0.72457238       1.7369068       3626.1861       13.969181        8.5531936         5.4159879       4395.0433                           3206.7862                  23.38444                 396.01546                                            768.85723
              1       2206.4961     0.098999363        3.000712       69.777269     0.022432755      0.11966546     0.054466172   2.0994891e-09      0.96713412        1.000908      0.99945339      0.99920356       84.951677      0.25212437       8.0778271        4.174396       8.7262723       8.2364688        20.447673       90.156027       183.07704       47.927582       51.355719       89.860072    -0.038854069        0.25194222        0.35044993      0.20799197        0.73097317       1.7062451       3620.3108        11.91206        6.6865332         5.2255272        4389.168                           3200.9109                  23.38444                 396.01546                                            768.85723
              1       2188.9798     0.098999363        3.000712       69.777269     0.022432755      0.11966546     0.054466172   2.0994891e-09      0.96713412        1.000908      0.99954501      0.99902636       84.485529     0.069472829        7.740489       3.9539242       7.9878438       8.5364262        20.196919        89.38859       188.49517       49.216378       47.551565       89.845243    -0.032389044        0.25417697        0.32315626      0.21026158        0.74230165       1.8106325       3587.8208        10.64079        6.0250217          4.615768        4356.678                           3168.4209                  23.38444                 396.01546                                            768.85723
              1       2187.5922     0.098999363        3.000712       69.777269     0.022432755      0.11966546     0.054466172   2.0994891e-09      0.96713412        1.000908      0.99949645      0.99902595       84.299297     0.064099623       7.7472375       3.9306035       8.1165365       8.4376721        19.995665       89.286828       187.34124        49.40893       47.967279       90.114407    -0.025699247         0.2546994         0.3105177      0.20577085        0.74464583       1.8376692       3585.4936       10.416749        5.8104882         4.6062609       4354.3508                           3166.0937                  23.38444                 396.01546                                            768.85723
              1       2178.7914     0.098999363        3.000712       69.777269     0.022432755      0.11966546     0.054466172   2.0994891e-09      0.96713412        1.000908      0.99972192      0.99916276       84.689512      0.34807954       8.1844666       4.5210671       7.5492889       8.9465671        21.410779       90.061493       186.58037          47.112       49.219736       83.786146    -0.019792176        0.26015687        0.31148104      0.21885793        0.75736599       1.9237091       3565.8044       11.460611        5.7834527         5.6771578       4334.6616                           3146.4045                  23.38444                 396.01546                                            768.85723
              1       2150.7057     0.098999363        3.000712       69.777269     0.022432755      0.11966546     0.054466172   2.0994891e-09      0.96713412        1.000908      0.99943233      0.99932335       81.545286      0.32979146       6.8241666       3.2971174       7.4766604         9.13707        21.319297       91.885473       211.18716       55.849081       51.661566       87.830772    -0.029718127        0.23317684        0.40184451      0.16451111        0.69214573       1.7207239        3518.449       7.0525922        3.7995626         3.2530296       4287.3062                           3099.0491                  23.38444                 396.01546                                            768.85723
              1       2144.4354     0.098999363        3.000712       69.777269     0.022432755      0.11966546     0.054466172   2.0994891e-09      0.96713412       1.0007876      0.99932919      0.99953585        81.53165      0.30169786       7.1861677       2.2557338       6.7937167       9.6293064        21.334235       91.586879       219.20069       57.677102       54.639429       91.231552   -0.0083994455        0.26173066        0.42635722       0.2188157        0.68471935       1.7296719       3503.5057       8.2539863        5.2312615         3.0227248       4272.3629                           3084.0639                 23.402667                 396.03913                                            768.85723
              1       2143.4723     0.098999363        3.000712       69.777269     0.022432755      0.11966546     0.054466172   2.0994891e-09      0.96713412       1.0007876      0.99883408      0.99995533       82.902353      0.26534809        7.761942      0.85440485       7.0734092       9.9858577        23.511714        94.54412        208.5103       60.413669        56.65606       89.517557    -0.021723842         0.2664055        0.45790958      0.23992861        0.66732691       1.6092784       3493.3193       12.384109        9.5754811         2.8086282       4262.1765                           3073.8775                 23.402667                 396.03913                                            768.85723
              1       2142.7371     0.098999363        3.000712       69.777269     0.022432755      0.11966546     0.054466172   2.0994891e-09      0.96713412       1.0007876      0.99878111       1.0000133       83.632955      0.39202422       6.8554158        1.861138       6.5874371       10.171309         23.35124       94.989856       220.71906       64.886215       56.345416       83.597158    -0.014069238        0.27962537        0.43821708      0.25629556        0.66336733       1.6145532       3489.0148        13.80107        11.167542          2.633528        4257.872                            3069.573                 23.402667                 396.03913                                            768.85723
              1       2141.2387     0.098999363        3.000712       69.777269     0.022432755      0.11966546     0.054466172   2.0994891e-09      0.96713412       1.0007876      0.99883656      0.99967678        82.65606      0.32548011       7.1656093       2.3206905       5.4559212       12.054984        25.102285       98.251096       225.80772       59.892475       53.505447       80.981448    -0.017520966        0.25824358        0.47446539      0.23327938        0.68283491       1.4413832       3490.3056       11.657305        8.6193692         3.0379357       4259.1628                           3070.8638                 23.402667                 396.03913                                            768.85723
              1       2140.5393     0.098999363        3.000712       69.777269     0.022432755      0.11966546     0.054466172   2.0994891e-09      0.96713412       1.0007876       0.9987365      0.99956957       83.780634       0.5217155       7.8913846       2.8694717       5.4221833       12.565551        25.696089       96.160913       222.29515       59.749945       57.123801       80.367227    -0.011808652        0.26206719        0.49862987      0.25682508        0.71656531       1.4709299       3486.3904       12.915506        8.9008291         4.0146765       4255.2477                           3066.9486                 23.402667                 396.03913                                            768.85723
              1       2131.4853     0.098999363        3.000712       69.777269     0.022432755      0.11966546     0.054466172   2.0994891e-09      0.96713412       1.0007876      0.99850597      0.99941696       84.370003      0.50170966       7.4587849        3.715296       5.0856188       12.855375         26.25388       95.347486       232.23818       59.962138       53.516474       77.289606    -0.023331517        0.25697232        0.50887557      0.25958008         0.6746601       1.5723158       3466.0136       14.049883        9.9315255          4.118358       4234.8708                           3046.5718                 23.402667                 396.03913                                            768.85723
              1       2131.2623     0.098999363        3.000712       69.777269     0.022432755      0.11966546     0.054466172   2.0994891e-09      0.96713412       1.0007876      0.99838232      0.99969784       82.296126      0.55586998       7.8536324       3.2125969       4.7027374       12.360511        26.825727       98.536342       223.82969       59.256618       55.192408       78.583099    -0.020824465        0.26251451        0.48662033      0.27798745        0.64977157       1.6198805       3461.1899       16.238712        12.031249         4.2074628       4230.0471                           3041.7481                 23.402667                 396.03913                                            768.85723
              1       2128.3752     0.098999363        3.000712       69.777269     0.022432755      0.11966546     0.054466172   2.0994891e-09      0.96713412       1.0007876      0.99845647      0.99904377       80.129626      0.71753153       7.4451141       6.7179002       1.8017762       12.085579        21.865455       89.952977       214.51415       52.218553       55.453067       76.724031     0.035408283        0.27844641          0.468741      0.31115242        0.52952175      0.92297736       3445.0063       21.443463        14.794889         6.6485738       4213.8636                           3025.5645                 23.402667                 396.03913                                            768.85723
              1       2123.6215     0.098999363        3.000712       69.777269     0.022432755      0.11966546     0.054466172   2.0994891e-09      0.96713412       1.0007876       0.9985755      0.99881818       81.810464       0.6455211       7.5288246       6.0675387       1.3607369       12.376075        20.362849       86.345831       222.83133       51.276068       53.682673       74.481516     0.033367763        0.28007916        0.47936179      0.31289539        0.56748779       1.0530009       3437.7932        20.29625        14.156749         6.1395012       4206.6505                           3018.3514                 23.402667                 396.03913                                            768.85723
              1       2096.3089     0.098999363        3.000712       69.777269     0.022432755      0.11966546     0.054466172   2.0994891e-09      0.96713412       1.0007876      0.99872449       0.9988632       71.010336      0.49767514       8.1535886        5.553276       3.3960008       12.130931         22.70904       94.901688       217.95517       49.458356       49.429661       87.566371     0.075898825        0.26796263        0.50753177      0.30243581        0.58526906       0.8825343       3395.5683       14.096093        7.4789797         6.6171132       4164.4255                           2976.1265                 23.402667                 396.03913                                            768.85723
              1       2093.6509     0.098999363        3.000712       69.777269     0.022432755      0.11966546     0.054466172   2.0994891e-09      0.96713412       1.0007876      0.99890616      0.99914017       72.679312      0.47033457       7.9863401       5.5354413       3.9954974       12.423055        23.101508        94.77572       221.62968       50.233756       48.261437       85.432317     0.077864252        0.27018699        0.51682447      0.29522394        0.57961358       1.0018586       3392.2743       13.085096        6.7520294         6.3330669       4161.1315                           2972.8325                 23.402667                 396.03913                                            768.85723
              1       2007.9598     0.097943999       3.3575795       69.508466     0.022404465      0.11929623     0.050991606   2.0904199e-09      0.96755388       1.0010282      0.99885554      0.99876394       74.926589      0.43973511       8.8805527       3.8496034       5.1107403       13.132162        23.651627        93.16669       221.89057       55.456577       53.756282       85.072823     0.063430985        0.24817781        0.50330236       0.2758373        0.58086749       1.0651299       3229.2797       9.1566039        3.0697357         6.0868682       3997.6064                           2810.2446                 23.335664                 395.69948                                             768.3267
              1       2001.2242     0.097943999       3.3575795       69.508466     0.022404465      0.11929623     0.050991606   2.0904199e-09      0.96755388       1.0010282      0.99903243       0.9994759       68.604667      0.77138272       8.0083806       4.9302059       4.3358792       13.568779        25.040447       100.64986       217.02102       57.117616       56.930318       86.678768     0.078045583        0.20927724        0.44254163      0.26767642         0.6457758       1.2559661        3220.928       6.5968441       0.80389397         5.7929501       3989.2547                           2801.8929                 23.335664                 395.69948                                             768.3267
              1       1999.1651     0.097943999       3.3575795       69.508466     0.022404465      0.11929623     0.050991606   2.0904199e-09      0.96755388       1.0010282      0.99914341      0.99927973       64.147842        0.723981       9.0029357       5.0545028       4.5421046       14.083552        26.000639       103.61007       207.48679       56.393755       57.565386       92.177947      0.10769729        0.21806381        0.49011954       0.2759361        0.62534856         1.18861        3213.698       8.1527796       0.62491409         7.5278655       3982.0247                           2794.6628                 23.335664                 395.69948                                             768.3267
              2       1996.5724     0.097943999       3.3575795       69.508466     0.022404465      0.11929623     0.050991606   2.0904199e-09      0.96755388       1.0010282       0.9986229      0.99943741       65.395163      0.35477639       9.7170069       2.6407268       6.3060833       15.809652        26.482104       103.69097       202.23556       53.019306       53.929989       94.387644      0.14781712        0.23782913        0.45411486      0.26484587        0.55000675      0.99568955       3200.8513       11.983438        5.7725395         6.2108988        3969.178                           2781.8161                 23.335664                 395.69948                                             768.3267
              2       1994.4599     0.097943999       3.3575795       69.508466     0.022404465      0.11929623     0.050991606   2.0904199e-09      0.96755388       1.0015422      0.99868692       0.9993072        64.03527      0.42178665        9.611021       2.4634944       6.5414032       15.998274        26.715884       104.35969       196.08611       52.629093       55.181634       96.906599      0.14621399        0.24120901        0.46061535      0.27038972        0.55011992      0.98686149       3197.2659       11.663582        5.7807862         5.8827962       3965.5926                           2778.3112                 23.259147                 395.69555                                             768.3267
              1       1992.3541     0.097943999       3.3575795       69.508466     0.022404465      0.11929623     0.050991606   2.0904199e-09      0.96755388       1.0015422      0.99858133      0.99914886       64.344788      0.32365177       8.8388428       2.0205526       5.6751344       15.852646        25.802305       102.37301       199.94155       54.799167       51.952085       96.268384      0.14833448        0.23985947        0.47785823      0.28455799        0.58397513      0.96372365       3196.1919       10.094813        5.6110634           4.48375       3964.5186                           2777.2372                 23.259147                 395.69555                                             768.3267
              1       1996.3358     0.097943999       3.3575795       69.508466     0.022404465      0.11929623     0.050991606   2.0904199e-09      0.96755388       1.0015422      0.99788683      0.99923968       73.484403      0.44736519       8.1863694       2.5819855       6.5407376       13.684542         19.66085       86.064565       188.76374       57.302783       57.243861       89.644014      0.10225001         0.2488041        0.34199679      0.35762317        0.63148631      0.80160126       3197.5068       13.419058         9.279586         4.1394721       3965.8335                           2778.5521                 23.259147                 395.69555                                             768.3267
              2        1996.132     0.097943999       3.3575795       69.508466     0.022404465      0.11929623     0.050991606   2.0904199e-09      0.96755388       1.0015422      0.99788862      0.99869445       71.618375      0.31663552       7.5528317       2.3767261       6.9113393       13.220658        20.048935       88.755246       206.30811        60.15156        56.04355       90.973809      0.15712883        0.25518258        0.30925518      0.35851242        0.69128524      0.91360647       3201.0331       11.452088        8.0670887         3.3849991       3969.3598                           2782.0784                 23.259147                 395.69555                                             768.3267
              2       1988.8597     0.097943999       3.3575795       69.508466     0.022404465      0.11929623     0.050991606   2.0904199e-09      0.96755388       1.0015422      0.99767361      0.99902954       79.448865      0.16458741       4.7418774       4.2534729       9.2857213       13.971895        17.885662       77.719477        241.8157       63.990172        41.42392       78.925224      0.21841413        0.20713971         0.1910164      0.25572148        0.51463132      0.98059566       3181.9124       13.740132        11.418257         2.3218748       3950.2391                           2762.9577                 23.259147                 395.69555                                             768.3267
              1        1982.789     0.097943999       3.3575795       69.508466     0.022404465      0.11929623     0.050991606   2.0904199e-09      0.96755388       1.0015422      0.99732113      0.99795806       67.496084      0.61406495       5.1341512       5.6722842       5.8475614       14.335535        20.502842       84.376131       255.32769       69.919259        46.73976       91.884018       0.2070012        0.20813882        0.32161059      0.25374195        0.53465391       1.2343413       3174.6725       11.289388        8.2026637         3.0867242       3942.9992                           2755.7178                 23.259147                 395.69555                                             768.3267
              1       1978.6787     0.097943999       3.3575795       69.508466     0.022404465      0.11929623     0.050991606   2.0904199e-09      0.96755388       1.0015422      0.99858233      0.99807722       54.200259      0.55127976       8.4163912        7.061969       1.7953846       14.111818         20.39427       90.370627       225.16699       50.274461         51.1286        106.3847       0.1630181         0.2126517        0.27734825      0.35301444        0.64241718       1.3446872       3157.4471       15.791814        7.0175368         8.7742777       3925.7738                           2738.4924                 23.259147                 395.69555                                             768.3267
              2       1976.6429     0.097943999       3.3575795       69.508466     0.022404465      0.11929623     0.050991606   2.0904199e-09      0.96755388       1.0015422      0.99915908      0.99824347        49.53233      0.61234515       6.2695549       7.2073683        3.828974       12.199098        16.848413        86.22627       226.53053       53.538105       49.984401       114.46381       0.1482416        0.25165302        0.36160406      0.38695242        0.64033966       1.2922376       3165.8754        9.541827        4.1972319         5.3445952       3934.2021                           2746.9207                 23.259147                 395.69555                                             768.3267
              2        1968.391     0.097943999       3.3575795       69.508466     0.022404465      0.11929623     0.050991606   2.0904199e-09      0.96755388       1.0015422      0.99897056      0.99858095       48.878426      0.57571131       6.2838469       7.5889081        4.350123       12.565058        20.452252       93.024238       242.92212       52.674164        46.47423       112.20609      0.12196421        0.23687008        0.36935218      0.38319007        0.63563343       1.3915695       3152.1599       8.1476933        2.4462826         5.7014107       3920.4865                           2733.2052                 23.259147                 395.69555                                             768.3267
              1       1965.2647     0.097943999       3.3575795       69.508466     0.022404465      0.11929623     0.050991606   2.0904199e-09      0.96755388       1.0015422      0.99887505      0.99833001       49.633721      0.64975316       5.8898622       7.8660294       5.2208269       11.446502        18.780091       88.891636       232.07876       55.166393        48.90524       114.64234      0.11125962        0.23096138        0.46473674      0.34642674        0.68868801       1.5357396       3153.6329       4.2849311       -1.1037933         5.3887244       3921.9596                           2734.6782                 23.259147                 395.69555                                             768.3267
              1       1960.9275     0.097943999       3.3575795       69.508466     0.022404465      0.11929623     0.050991606   2.0904199e-09      0.96755388       1.0015422      0.99943162      0.99778002       51.257918      0.77710448       5.4559166       8.8778861       7.7556615         11.1635        17.241323       87.933168       245.79626       57.565332       52.610168        110.3076      0.13144939        0.24001939        0.45843538      0.35247023         0.6684478       1.7643309       3148.1019        2.713151       -2.9560202         5.6691712       3916.4286                           2729.1472                 23.259147                 395.69555                                             768.3267
              1       1960.8152     0.097943999       3.3575795       69.508466     0.022404465      0.11929623     0.050991606   2.0904199e-09      0.96755388       1.0015422      0.99923887      0.99782945       52.690586      0.75228749        5.121108       9.1415732       7.4449283       11.338534        17.191642        87.37519       251.11208       57.705929       50.714608       107.26644      0.12827653        0.23840841        0.47011971      0.34981758        0.66161869       1.7596728       3147.8619       2.7208621       -2.7073914         5.4282535       3916.1886                           2728.9072                 23.259147                 395.69555                                             768.3267
              1       1960.7999     0.097943999       3.3575795       69.508466     0.022404465      0.11929623     0.050991606   2.0904199e-09      0.96755388       1.0015422      0.99927242      0.99787975       52.767333       0.7765107       5.0751257        9.179567       7.4893322       11.364141        17.313479       87.480738        252.2013       58.036621        50.87052       106.98008      0.12970418        0.23977292        0.47056878      0.35045712        0.65692773       1.7513706       3147.7974       2.7378079       -2.6595419         5.3973499       3916.1241                           2728.8427                 23.259147                 395.69555                                             768.3267
              1       1961.3998     0.097943999       3.3575795       69.508466     0.022404465      0.11929623     0.050991606   2.0904199e-09      0.96755388       1.0015422      0.99908974      0.99789519       56.506587      0.73141337       5.3957189       7.5533235        8.194952       10.532921        16.294543       82.717008       219.33329        59.86451       48.652244       103.60836      0.16580838        0.16310328        0.41530986      0.17025825        0.60090793       1.5623316       3160.0955      -2.8113158       -7.3126962         4.5013804       3928.4222                           2741.1408                 23.259147                 395.69555                                             768.3267
              1       1961.3511     0.097943999       3.3575795       69.508466     0.022404465      0.11929623     0.050991606   2.0904199e-09      0.96755388       1.0015422      0.99872201      0.99784824        49.57413      0.84047734       5.7807665       7.5608154       7.0806491        12.21976        21.837528       93.891061       219.42661       57.296819       46.425118       109.37562      0.15672283        0.15071403        0.31717267      0.16073827        0.60888093        1.759436        3155.691     -0.65779793       -5.6440549          4.986257       3924.0177                           2736.7363                 23.259147                 395.69555                                             768.3267
              1       1960.0563     0.097943999       3.3575795       69.508466     0.022404465      0.11929623     0.050991606   2.0904199e-09      0.96755388       1.0015422      0.99870214      0.99784016       48.399635      0.76670823       5.5521022       7.3625378       6.3780008       12.426202        22.711729       96.661444       232.76741       57.900725       44.878713       110.57434      0.14999421        0.15472177        0.31829335      0.17337264         0.5887692        1.762044        3152.824     -0.51908356       -5.0648113         4.5457278       3921.1507                           2733.8693                 23.259147                 395.69555                                             768.3267
              1       1956.2278     0.097943999       3.3575795       69.508466     0.022404465      0.11929623     0.050991606   2.0904199e-09      0.96755388       1.0015422      0.99928312      0.99792855       45.946416      0.78692751       4.8270868       8.9422317       9.2094574       12.752764        21.190671       96.769033       265.47345       56.493734       45.794575       114.91813      0.14323094        0.14966752        0.29712462      0.16595165         0.5774352       1.5986127       3147.0092      -1.4401341       -6.3102072         4.8700731       3915.3359                           2728.0545                 23.259147                 395.69555                                             768.3267
              1       1957.1678     0.097943999       3.3575795       69.508466     0.022404465      0.11929623     0.050991606   2.0904199e-09      0.96755388       1.0015422      0.99905145      0.99810537        46.18877      0.78729962       4.7546133       8.9151688       9.6162956       12.936418        21.465129        97.37169       259.04648        57.01455       46.009295       114.84475      0.14222787        0.15150766        0.28598933      0.17397648        0.54671929        1.544388       3146.2963     -0.14368968         -4.90103         4.7573403        3914.623                           2727.3416                 23.259147                 395.69555                                             768.3267
              1        1955.764     0.097943999       3.3575795       69.508466     0.022404465      0.11929623     0.050991606   2.0904199e-09      0.96755388       1.0015422      0.99911734      0.99815358       45.838734      0.83614183       5.0169858       8.3564538        9.652815       13.162043        21.766745       97.993744       257.06856       57.405498       48.917968       116.32299      0.12748476        0.13919237        0.28122499      0.19039467        0.56303585       1.5937745       3144.6797     -0.73917945       -5.3891956         4.6500162       3913.0064                           2725.7251                 23.259147                 395.69555                                             768.3267
              2       1955.6235     0.097943999       3.3575795       69.508466     0.022404465      0.11929623     0.050991606   2.0904199e-09      0.96755388       1.0015422      0.99958219      0.99869572       55.518839      0.74254731       3.9356108       8.6899229       10.158859       13.512976        22.169201       94.791009       274.09665       58.347418       42.425308       101.98297      0.14431861        0.11290309         0.3739487       0.1537782        0.53291491       1.6272021       3147.5327      -2.3061768       -5.9962872         3.6901104       3915.8594                            2728.578                 23.259147                 395.69555                                             768.3267
              1       1954.9245     0.097943999       3.3575795       69.508466     0.022404465      0.11929623     0.050991606   2.0904199e-09      0.96755388       1.0015422      0.99952179      0.99870398       56.433486      0.75103888       3.7688078       9.0342182       9.6906467        13.46487        21.430884       92.912737       271.97299       57.186192       41.600935       100.39068      0.14962739        0.12185135        0.36496121      0.16359749           0.54789       1.6722112        3146.914      -2.6958462       -6.4334834         3.7376371       3915.2406                           2727.9593                 23.259147                 395.69555                                             768.3267
              3       1955.0331     0.097943999       3.3575795       69.508466     0.022404465      0.11929623     0.050991606   2.0904199e-09      0.96755388       1.0015422      0.99948969      0.99876035       56.549032      0.75048846       3.8710856        8.988408       9.6739705        13.55032         21.58557       93.119837       271.04814       56.857077       41.629451       100.27551      0.14678529        0.12268324        0.36553281      0.16487665        0.54543442       1.6679712       3146.6115       -2.436016       -6.2472764         3.8112604       3914.9382                           2727.6569                 23.259147                 395.69555                                             768.3267
              1       1959.7735     0.097943999       3.3575795       69.508466     0.022404465      0.11929623     0.050991606   2.0904199e-09      0.96755388       1.0015422      0.99973618      0.99828676       54.511011      0.84704763       5.3149764       7.1871434       8.2433155       12.051101        22.917993       95.176026        250.5162       61.993571       49.833297       106.88064      0.12927072       0.089333196        0.27312864      0.13544542        0.52098376       1.6971681       3153.1765     -0.97817089       -5.1251545         4.1469836       3921.5032                           2734.2219                 23.259147                 395.69555                                             768.3267
              2       1960.7406     0.097943999       3.3575795       69.508466     0.022404465      0.11929623     0.050991606   2.0904199e-09      0.96755388       1.0015422      0.99991777      0.99823039       57.768168      0.66744149       5.8670347       7.0176918       8.0303637       12.210417        23.812007       95.272137        255.2922       58.449443       43.762022       99.796799      0.11839526       0.081423232        0.31336727      0.12368608        0.50611725       1.7303046       3154.3227     -0.58412374       -5.2504688         4.6663451       3922.6494                            2735.368                 23.259147                 395.69555                                             768.3267
              1       1961.4145     0.097943999       3.3575795       69.508466     0.022404465      0.11929623     0.050991606   2.0904199e-09      0.96755388       1.0015422      0.99987096      0.99826928       57.743602      0.62586761       5.8469886       6.6150669       7.9512134       12.828955        24.037748       95.170675       249.86809       57.329688       43.426083       100.40065      0.12091876       0.073383405        0.31816064      0.10058926        0.49697499       1.7320015        3153.882      0.31012978       -4.0332053         4.3433351       3922.2087                           2734.9273                 23.259147                 395.69555                                             768.3267
              1       1962.2034     0.097943999       3.3575795       69.508466     0.022404465      0.11929623     0.050991606   2.0904199e-09      0.96755388       1.0015422       1.0000973      0.99816321       57.001971      0.57088582       5.4840595       7.2968085       7.7889132       12.822468        24.050605        95.93987       259.60116       56.783008       40.963875       99.956786      0.11257225       0.066736499        0.31868108      0.10612092        0.48925016       1.6682661       3154.5497      0.76522852       -3.6513241         4.4165527       3922.8764                            2735.595                 23.259147                 395.69555                                             768.3267
              1       1962.1854     0.097943999       3.3575795       69.508466     0.022404465      0.11929623     0.050991606   2.0904199e-09      0.96755388       1.0015422       1.0001061      0.99815763       57.045362      0.56733074       5.4836271       7.2431352       7.8090663       12.848056        24.065373        95.89009       259.67809       56.799417       40.956741        100.0111      0.11265121       0.066756886        0.31796035      0.10699064        0.48971494       1.6709587       3154.6193      0.71236314       -3.6646592         4.3770223        3922.946                           2735.6646                 23.259147                 395.69555                                             768.3267
              1       1961.5485     0.097943999       3.3575795       69.508466     0.022404465      0.11929623     0.050991606   2.0904199e-09      0.96755388       1.0015422      0.99927797      0.99743291       49.577981      0.69475293       2.8780891        8.013679       6.3990575       12.895485        21.342034       95.710931       274.05564       61.165356       40.058668       105.87731     0.097064147       0.036600593        0.37204498      0.12799066        0.60588687       1.8839514        3155.713     -0.47138756       -3.0292607         2.5578731       3924.0397                           2736.7583                 23.259147                 395.69555                                             768.3267
              2       1962.4321     0.097943999       3.3575795       69.508466     0.022404465      0.11929623     0.050991606   2.0904199e-09      0.96755388       1.0015422      0.99884338      0.99739522        53.48043      0.82684038       3.5914375       8.2850382       5.6565567       13.212981        21.567765       92.155922       272.68523        61.90471       44.527772        102.8023     0.089436182       0.038162739        0.37967205      0.17759368        0.60641249       1.8251301        3153.928         1.30478       -1.8534944         3.1582745       3922.2547                           2734.9733                 23.259147                 395.69555                                             768.3267
              3       1961.7616     0.097943999       3.3575795       69.508466     0.022404465      0.11929623     0.050991606   2.0904199e-09      0.96755388       1.0015422      0.99917597      0.99713463        52.32234      0.79156754       2.8275215       8.3842384       6.3338087       12.478006         19.98253       90.862576       296.06292       64.285063       42.977483       104.50777     0.092482263       0.051646181        0.32249805      0.20085138        0.59431041       1.6223431       3155.7718      -0.2876678         -2.95057         2.6629022       3924.0985                           2736.8171                 23.259147                 395.69555                                             768.3267
              1       1959.6642     0.097943999       3.3575795       69.508466     0.022404465      0.11929623     0.050991606   2.0904199e-09      0.96755388       1.0015422      0.99926404      0.99727462       53.021188      0.65808095       3.6353536       8.2842537       5.7053994       10.961519         19.39236       89.151243        289.0427       58.228633       41.557611       106.42673     0.062918633       0.084084894        0.27587907       0.2330524        0.60498748       1.5062472       3150.7114      0.14515361       -3.0483717         3.1935253       3919.0381                           2731.7567                 23.259147                 395.69555                                             768.3267
              1       1958.5195     0.097943999       3.3575795       69.508466     0.022404465      0.11929623     0.050991606   2.0904199e-09      0.96755388       1.0015422      0.99944698      0.99722282       51.126325      0.55734636       3.9210404       5.9524515       6.0297617         10.4011        19.477784        91.43082       294.40473       61.865694       45.765096        114.1087     0.065140188       0.084064318        0.29652351      0.25083962        0.61693818       1.7395999       3152.4246      -1.8560971       -4.2865206         2.4304236       3920.7513                           2733.4699                 23.259147                 395.69555                                             768.3267
              1       1958.2776     0.097943999       3.3575795       69.508466     0.022404465      0.11929623     0.050991606   2.0904199e-09      0.96755388       1.0015422      0.99974073      0.99672328       49.993187      0.50488049       4.8900987        5.284628       8.1273059       13.969881        21.174889       93.518092       302.20063       53.488966       43.946326       116.88157     0.058673265        0.10420652        0.39739178      0.17804627        0.67829919       1.9091244       3152.8233      -2.2974359       -5.0385054         2.7410695         3921.15                           2733.8686                 23.259147                 395.69555                                             768.3267
              2       1959.5579     0.097943999       3.3575795       69.508466     0.022404465      0.11929623     0.050991606   2.0904199e-09      0.96755388       1.0015422      0.99976663      0.99692422       39.982815      0.53480381        6.713684       6.8741197       8.0969779       12.521776        23.357029       104.29809       277.99955       52.246863       48.370647       126.88312     0.062022048       0.093844723        0.43022846      0.14380158        0.75151636        2.116303       3151.3093     -0.26011109       -5.9370889         5.6769778        3919.636                           2732.3546                 23.259147                 395.69555                                             768.3267
              2       1962.7905     0.097943999       3.3575795       69.508466     0.022404465      0.11929623     0.050991606   2.0904199e-09      0.96755388       1.0015422        1.000008         0.99668       40.946728      0.29262319       6.0025083       5.7335291       8.3252368       13.430335        22.433094       103.11008       301.71462       59.230631       48.311658       129.95584     0.080434077        0.10906163        0.46522839      0.18858157         0.7942673       2.0011335       3161.1208      -1.9332645       -5.8439764          3.910712       3929.4475                           2742.1661                 23.259147                 395.69555                                             768.3267
              3       1960.9193     0.097943999       3.3575795       69.508466     0.022404465      0.11929623     0.050991606   2.0904199e-09      0.96755388       1.0015422      0.99984222      0.99727523       47.720752      0.23843914       4.7406142       4.1061863       7.2523361       11.940879        20.607149       97.925468       315.97366       65.621404       47.722459       123.56283      0.04257132        0.12121837        0.43270767      0.21887279        0.83765122       2.0413384       3160.6239      -3.5560066        -5.840292         2.2842853       3928.9506                           2741.6692                 23.259147                 395.69555                                             768.3267
              1       1961.4495     0.097943999       3.3575795       69.508466     0.022404465      0.11929623     0.050991606   2.0904199e-09      0.96755388       1.0015422      0.99976396      0.99750494       46.290256       0.2424407       4.1644605       3.9257417       7.4976263        11.86566        21.951314       101.53121       318.22935        68.40241       46.122591       124.20274     0.035028763        0.12942755        0.42495495      0.23640044        0.81364377       2.0657622       3162.6824      -4.0550862       -6.1385068         2.0834206       3931.0091                           2743.7277                 23.259147                 395.69555                                             768.3267
              1       1962.0571     0.097943999       3.3575795       69.508466     0.022404465      0.11929623     0.050991606   2.0904199e-09      0.96755388       1.0015422      0.99991472      0.99774823       46.843598      0.24323005       4.1148042        4.160625         7.26527       12.127419        21.295716       100.14267       321.80816       66.816842       46.528843         124.615     0.022847344        0.14457358        0.39039872       0.2521615        0.80169307       1.9980265       3162.4288      -3.3206813       -5.4242495         2.1035681       3930.7555                           2743.4741                 23.259147                 395.69555                                             768.3267
              1       1963.3499     0.097943999       3.3575795       69.508466     0.022404465      0.11929623     0.050991606   2.0904199e-09      0.96755388       1.0015422       1.0000151      0.99843679       49.658594      0.19110335       6.0747203       3.5485368        5.435801       11.326552        25.045829        104.6269       307.95191       59.737889       43.223163       118.22714    0.0013617712        0.13817931        0.46591513      0.26098992        0.78802593       1.7183916       3159.6254     -0.62616762       -3.4325238         2.8063562       3927.9521                           2740.6707                 23.259147                 395.69555                                             768.3267
              2       1963.0076     0.097943999       3.3575795       69.508466     0.022404465      0.11929623     0.050991606   2.0904199e-09      0.96755388       1.0015422       1.0004204      0.99828892       47.411391      0.09057849         6.24721        2.379063       6.5272476        11.55403        25.138389       106.92183       308.50835       60.652823       45.754048       123.15221      0.04413625        0.15095312        0.47975678      0.23961077        0.85398488       1.8493356       3164.1923      -3.2519303       -5.7285544         2.4766242        3932.519                           2745.2376                 23.259147                 395.69555                                             768.3267
              1       1960.8156     0.097943999       3.3575795       69.508466     0.022404465      0.11929623     0.050991606   2.0904199e-09      0.96755388       1.0015422       1.0002526      0.99884952       46.154545      0.22112673       6.7842956       3.3532454       7.6425108       13.751634        24.110595       105.99337        289.4933       51.018471       48.693374        125.8345     0.045801318        0.16109212        0.53226735      0.27476551        0.81299018       2.1148501       3155.5162      -1.1058445       -4.3548608         3.2490163       3923.8429                           2736.5615                 23.259147                 395.69555                                             768.3267
              1       1962.1405     0.097943999       3.3575795       69.508466     0.022404465      0.11929623     0.050991606   2.0904199e-09      0.96755388       1.0015422        1.000141      0.99886678       43.255939      0.33973652       6.2804446       3.6913595       6.9084801       13.670237        24.271747       107.58832       295.31429       52.096734       50.477387       129.36463     0.048749389        0.16123776        0.51953738      0.26009221        0.83475623        2.217673       3158.0208      -1.0332441       -4.0495838         3.0163398       3926.3475                           2739.0661                 23.259147                 395.69555                                             768.3267
              1       1957.7129     0.097943999       3.3575795       69.508466     0.022404465      0.11929623     0.050991606   2.0904199e-09      0.96755388       1.0015422      0.99952265      0.99893521       44.627914      0.60643981       7.8950364       4.9815813       8.3059282       11.871492        24.698965       105.93657       226.91341       51.682506       54.858874       124.30027     0.087581513        0.14216294        0.47684561      0.18010648        0.76884998       2.3456273       3151.0868      -1.9938216       -7.6686584         5.6748368       3919.4135                           2732.1321                 23.259147                 395.69555                                             768.3267
              1       1957.6155     0.097943999       3.3575795       69.508466     0.022404465      0.11929623     0.050991606   2.0904199e-09      0.96755388       1.0015422      0.99951012      0.99899469       45.025251      0.62652245       8.0826043       4.8200784       8.1646198       11.784219        24.820183       105.66061       226.96633         52.1975       55.724259       124.41308     0.088738587        0.13744427        0.48111117      0.18041889        0.77440476       2.3455471       3150.3879      -1.7417679       -7.5426271         5.8008593       3918.7146                           2731.4332                 23.259147                 395.69555                                             768.3267
              2       1956.8153     0.097943999       3.3575795       69.508466     0.022404465      0.11929623     0.050991606   2.0904199e-09      0.96755388       1.0015422      0.99984308      0.99799852       39.344986      0.92718197       7.3197321       5.5940464       8.5592969       12.304837        23.171928       101.07896       224.32502       57.635903       61.842351        134.5168      0.11752987        0.16211439        0.46941394      0.23773347        0.72786862       2.1256241       3153.6315      -4.1637884       -9.5662097         5.4024213       3921.9582                           2734.6768                 23.259147                 395.69555                                             768.3267
              1         1956.65     0.097943999       3.3575795       69.508466     0.022404465      0.11929623     0.050991606   2.0904199e-09      0.96755388       1.0015422      0.99958534      0.99792179       38.565413       0.9853327       7.3282302       5.6300498       8.8885951       12.808678        23.512316       102.02258       221.06286       56.258217       63.417265       135.40547      0.12164726        0.15800655        0.49733232      0.24053738        0.69519492        2.047303       3152.4102      -3.7184602       -9.1640361         5.4455759       3920.7369                           2733.4555                 23.259147                 395.69555                                             768.3267
              2        1956.655     0.097943999       3.3575795       69.508466     0.022404465      0.11929623     0.050991606   2.0904199e-09      0.96755388       1.0015422      0.99958898      0.99792154       38.542551      0.98664841        7.332755       5.6274392       8.8901863       12.804176        23.514141       102.03852       221.06205        56.27128       63.463449       135.45419      0.12142594        0.15789115        0.49730468      0.24074522        0.69536023         2.04924       3152.4238      -3.7202227       -9.1698401         5.4496174       3920.7505                           2733.4691                 23.259147                 395.69555                                             768.3267
              1       1957.8874     0.097943999       3.3575795       69.508466     0.022404465      0.11929623     0.050991606   2.0904199e-09      0.96755388       1.0015422      0.99946102      0.99780339       43.306568      0.84864966       8.1303965       5.5211326       10.219901       12.774871        23.441438       99.130753       205.37444       57.819957       62.508111       128.96222      0.13469061        0.15614645        0.46426402      0.27009307        0.74948818       2.1879128       3150.8771      -1.7145168       -8.2618839         6.5473671       3919.2038                           2731.9224                 23.259147                 395.69555                                             768.3267
              2       1957.5047     0.097943999       3.3575795       69.508466     0.022404465      0.11929623     0.050991606   2.0904199e-09      0.96755388       1.0015422      0.99953807      0.99811344       45.609709      0.79219123       6.8149021       7.7799721       9.2169212       12.651915         22.37055       96.796029       214.49202       50.579293       50.695223       118.56875      0.12282309        0.12816776        0.43653657      0.28442025        0.81980551       2.1371947       3149.3876      -1.3524517       -8.0556951         6.7032434       3917.7143                           2730.4329                 23.259147                 395.69555                                             768.3267
              1       1957.2698     0.097943999       3.3575795       69.508466     0.022404465      0.11929623     0.050991606   2.0904199e-09      0.96755388       1.0015422      0.99983713      0.99802785       46.691675      0.79371954       6.7827745       6.9407856       9.0876482        11.55725        21.928267       95.578426        211.7793       53.374089       52.630515       118.77952      0.12042679        0.12721246        0.42941672       0.2759659        0.77611903       2.0680063       3153.5576      -3.6723452       -9.5108726         5.8385274       3921.8843                           2734.6029                 23.259147                 395.69555                                             768.3267
              2       1954.8069     0.097943999       3.3575795       69.508466     0.022404465      0.11929623     0.050991606   2.0904199e-09      0.96755388       1.0015422      0.99956556      0.99811272        45.11718        0.930434       5.9444516       7.8231345       8.4815229       12.021854        23.847406       100.24762       227.58451       54.903698       52.152227       117.79004     0.097849514        0.10920812        0.42885667      0.24184107         0.7345552       2.0711731       3149.0503       -3.881577       -9.3088825         5.4273054        3917.377                           2730.0956                 23.259147                 395.69555                                             768.3267
              1       1959.5323     0.097943999       3.3575795       69.508466     0.022404465      0.11929623     0.050991606   2.0904199e-09      0.96755388       1.0015422      0.99986229      0.99814154       39.578165      0.74788785       7.7499584        8.978694       9.6270523       11.685939        25.274214       104.89646       199.21444       46.043677        47.68715       122.13584     0.090893154       0.099266157        0.42287133        0.188003        0.68983193       2.1439906       3149.4795      0.62924671       -9.2272924         9.8565391       3917.8062                           2730.5248                 23.259147                 395.69555                                             768.3267
              1       1959.7938     0.097943999       3.3575795       69.508466     0.022404465      0.11929623     0.050991606   2.0904199e-09      0.96755388       1.0015422      0.99990388      0.99823082       42.390063      0.73151572       7.5217936       9.6414066       10.473925       11.986104        25.339894       103.33367       198.66057       43.668862        44.17851       116.44736      0.07585277        0.10001477        0.40718251       0.2149563        0.67753784       2.1339213       3147.6135        1.823732       -8.4305804         10.254312       3915.9402                           2728.6588                 23.259147                 395.69555                                             768.3267
              1       1960.6075     0.097943999       3.3575795       69.508466     0.022404465      0.11929623     0.050991606   2.0904199e-09      0.96755388       1.0015422      0.99995405      0.99807121       39.968891      0.73656725       7.4423041        9.522542       9.9970249       11.956398        25.501796       105.35346       196.31267       46.254161       45.793461       118.90031      0.07164776        0.10922133        0.39656907      0.22702986        0.66939899       2.1497445       3150.1273       1.3804669       -8.5443256         9.9247926        3918.454                           2731.1727                 23.259147                 395.69555                                             768.3267
              2       1960.3798     0.097943999       3.3575795       69.508466     0.022404465      0.11929623     0.050991606   2.0904199e-09      0.96755388       1.0015422      0.99963881      0.99802146        36.85555      0.57703602       7.3268749        7.875208       9.8802679       12.551155         26.89465       110.28046        217.6631       49.741582       46.743586       126.22668     0.059745005        0.10262939        0.34872895      0.25268744        0.66749257       2.0350626       3150.3676       1.0326343       -6.6501278         7.6827621       3918.6943                           2731.4129                 23.259147                 395.69555                                             768.3267
              1       1959.7605     0.097943999       3.3575795       69.508466     0.022404465      0.11929623     0.050991606   2.0904199e-09      0.96755388       1.0015422      0.99916909       0.9977617       38.638359      0.54028238       6.8466506       8.0524897       9.9694341       9.3531365        22.466677       104.38273       221.50699       54.522901       46.760006       122.03428     0.054009919       0.083673085        0.40475498      0.22971724        0.67271558       2.0646441       3149.7038      0.74525745       -6.2937119         7.0389693       3918.0305                           2730.7491                 23.259147                 395.69555                                             768.3267
              1       1959.9636     0.097943999       3.3575795       69.508466     0.022404465      0.11929623     0.050991606   2.0904199e-09      0.96755388       1.0015422      0.99913768      0.99787796       36.949735      0.73406043         6.59919       9.0451054       9.9010789       9.1691754        22.013878       104.41568       222.12252       52.938223       48.695043       122.97927     0.050173824       0.086530221        0.40027189        0.237664        0.67936626       2.0819577       3148.4274       1.5865051       -6.1025438         7.6890489       3916.7541                           2729.4727                 23.259147                 395.69555                                             768.3267
              1       1959.8648     0.097943999       3.3575795       69.508466     0.022404465      0.11929623     0.050991606   2.0904199e-09      0.96755388       1.0015422      0.99913157      0.99788767       37.170192      0.73056648        6.641445       9.0312924       9.9655055       9.1870319        22.044345       104.32106       221.69441       52.801228       48.638454       122.78718     0.050687345       0.087547212        0.40031073      0.23885525        0.68183649       2.0809714       3148.1735       1.6147407       -6.1348617         7.7496023       3916.5002                           2729.2188                 23.259147                 395.69555                                             768.3267
              1       1957.8267     0.097943999       3.3575795       69.508466     0.022404465      0.11929623     0.050991606   2.0904199e-09      0.96755388       1.0015422       0.9995251       0.9979427       38.495178       0.8518021       5.5645435       9.5615582       10.181549       9.3155785        21.920805       102.53077       239.52411       56.917802       47.605539        120.8042     0.052077795       0.096510109        0.38104665      0.24705097        0.67416418       2.0331225       3148.3144     -0.49381917       -6.9762666         6.4824474       3916.6411                           2729.3597                 23.259147                 395.69555                                             768.3267
              1       1956.9778     0.097943999       3.3575795       69.508466     0.022404465      0.11929623     0.050991606   2.0904199e-09      0.96755388       1.0015422       1.0002898      0.99803939       42.404783      0.89671532        6.019406       6.0658035       11.259936       11.665962        20.671082       98.763655       261.87732       59.008923       57.620643       121.59762     0.089031369        0.11151223        0.37528525       0.2538447        0.71745471       2.3004882       3153.6733      -4.0222171       -8.1731561         4.1509391            3922                           2734.7186                 23.259147                 395.69555                                             768.3267
              1       1960.0987     0.097943999       3.3575795       69.508466     0.022404465      0.11929623     0.050991606   2.0904199e-09      0.96755388       1.0015422       1.0003345      0.99887311       42.190497      0.85865838       6.0157813       6.7726789        10.71474       10.944977        22.734694       104.70353        273.1742       61.967849       55.842634       117.98413      0.11895184        0.10381729        0.36061802      0.22296927        0.76520357       2.6016798       3156.9797      -2.5545342       -7.2154975         4.6609633       3925.3064                            2738.025                 23.259147                 395.69555                                             768.3267
              2        1959.124     0.097943999       3.3575795       69.508466     0.022404465      0.11929623     0.050991606   2.0904199e-09      0.96755388       1.0015422       1.0000925      0.99873067       48.995592      0.96667883       5.9183263       8.3025991       10.500912       10.511973        19.155921       94.066489       266.63496       59.856702       55.782908        110.1447      0.14092203       0.092514038        0.36247196      0.18242764        0.79509802       2.4750532       3152.9023      -1.4905076       -7.3094296         5.8189219        3921.229                           2733.9476                 23.259147                 395.69555                                             768.3267
              1       1961.1566     0.097943999       3.3575795       69.508466     0.022404465      0.11929623     0.050991606   2.0904199e-09      0.96755388       1.0015422       1.0000673      0.99875128       46.649955      0.92554103       4.9741237       9.5155611       11.954269       11.247232        19.252847       95.736016       258.60331       58.738165       51.927854       111.37988      0.16227885       0.089122716        0.36121903      0.19686185        0.80470683       2.4710295       3154.4916     -0.25259425        -5.802768         5.5501737       3922.8183                           2735.5369                 23.259147                 395.69555                                             768.3267
              1       1960.1145     0.097943999       3.3575795       69.508466     0.022404465      0.11929623     0.050991606   2.0904199e-09      0.96755388       1.0015422       1.0000079      0.99848717       44.747021      0.86602271       5.6855457       9.1715192       11.646956       11.188975        20.247597       97.584282       247.77597       58.285639       51.906165       114.36076       0.1680626        0.10026045        0.40655492      0.19528405        0.82253566       2.4235226       3153.0147     -0.55621616       -6.8451394         6.2889233       3921.3414                             2734.06                 23.259147                 395.69555                                             768.3267
              1       1958.5646     0.097943999       3.3575795       69.508466     0.022404465      0.11929623     0.050991606   2.0904199e-09      0.96755388       1.0015422      0.99994658      0.99856602       49.266049      0.62349628       6.2947728       8.0231755       10.299845       10.723641        19.227264       94.611615       246.58432       57.109924       51.046199       111.39734      0.15666593       0.097350416         0.4161841      0.18058406        0.81210805       2.4326696       3152.2364      -1.7169744       -7.8384582         6.1214839       3920.5631                           2733.2818                 23.259147                 395.69555                                             768.3267
              1       1958.6577     0.097943999       3.3575795       69.508466     0.022404465      0.11929623     0.050991606   2.0904199e-09      0.96755388       1.0015422       0.9999483      0.99819402       53.081426      0.73945051       5.1944243       8.6335554       8.9927134       10.171126        16.002003       86.277751       260.40786       55.020104       49.596465       107.81085      0.17081295        0.10304651        0.35609668      0.18417976        0.85221263       2.4170422       3152.4145      -1.7129113       -6.8094944          5.096583       3920.7412                           2733.4598                 23.259147                 395.69555                                             768.3267
              1       1958.3228     0.097943999       3.3575795       69.508466     0.022404465      0.11929623     0.050991606   2.0904199e-09      0.96755388       1.0015422       1.0000222      0.99822173        52.50367      0.72620705       4.4781042       8.8374751       9.3532616       10.187412        15.272603         86.5743       266.85803       55.383491       48.323468       107.65738      0.15984103        0.10748241        0.34033675      0.18741728        0.84863025       2.4615888       3153.1874      -2.4342566       -6.8007936          4.366537       3921.5141                           2734.2327                 23.259147                 395.69555                                             768.3267
              3        1958.807     0.097943999       3.3575795       69.508466     0.022404465      0.11929623     0.050991606   2.0904199e-09      0.96755388       1.0015422      0.99990381      0.99814058       51.910185      0.74774622       4.4473277       8.8541787       9.0580494       10.392741        15.217489       86.790357       268.15178       55.976942       49.235304       108.34119      0.15952702        0.10124606        0.33577503      0.18291072        0.84494564       2.4800235       3153.9165      -2.3146542       -6.6577409         4.3430867       3922.2432                           2734.9618                 23.259147                 395.69555                                             768.3267
              1       1958.7638     0.097943999       3.3575795       69.508466     0.022404465      0.11929623     0.050991606   2.0904199e-09      0.96755388       1.0015422      0.99987643      0.99812145       51.544195       0.7440796       4.3800617       8.8605616       9.0183048       10.319046        15.186247       87.017472       267.92516       56.098607       49.197838        108.7743      0.15942144        0.10196666        0.33585271      0.18535115        0.84521863       2.4899881       3153.9567      -2.3779123       -6.6487873          4.270875       3922.2834                            2735.002                 23.259147                 395.69555                                             768.3267
              3       1959.2949     0.097943999       3.3575795       69.508466     0.022404465      0.11929623     0.050991606   2.0904199e-09      0.96755388       1.0015422      0.99995321      0.99813454       51.177506      0.53939914       3.7734257       8.5004252       8.4645609       10.612506        13.944789       84.508958       276.78064       53.280901       42.146657       108.51915       0.1697846        0.10661873        0.31580228      0.17048181        0.77559468       2.4896797        3157.483      -3.6098931       -7.0374717         3.4275786       3925.8097                           2738.5283                 23.259147                 395.69555                                             768.3267
              3       1957.4712     0.097943999       3.3575795       69.508466     0.022404465      0.11929623     0.050991606   2.0904199e-09      0.96755388       1.0015422      0.99906362      0.99827542       43.186658      0.82822007       3.8665142       8.5049026       7.7206022         9.70992        17.118386       95.051298       256.94429       55.031817       46.119068       115.75112      0.17383876        0.13993408        0.48510414      0.17281836        0.73556036       2.5195534       3154.6783      -4.0313164       -7.5460816         3.5147652        3923.005                           2735.7236                 23.259147                 395.69555                                             768.3267
              2       1956.1638     0.097943999       3.3575795       69.508466     0.022404465      0.11929623     0.050991606   2.0904199e-09      0.96755388       1.0015422      0.99911223      0.99839366       44.883165      0.77468786       3.8912398       8.2598981       8.0369034       10.062899        17.590548       95.352517       257.02991       55.646337       44.691153       113.26886       0.1692181         0.1382072        0.48781468      0.18605925        0.73523953        2.422854       3153.3947      -4.6968865       -8.0954939         3.3986074       3921.7214                             2734.44                 23.259147                 395.69555                                             768.3267
              1       1958.1716     0.097943999       3.3575795       69.508466     0.022404465      0.11929623     0.050991606   2.0904199e-09      0.96755388       1.0015422      0.99941744      0.99863839       42.138802      0.70107738       4.3166497       7.7495041       8.2519784       10.118799        17.748293       98.838118       265.65009        55.42486       46.928959       119.64382      0.20509746        0.15649393         0.4068385      0.21751409        0.67728762       2.1319478       3155.7467       -3.865061       -7.3596017         3.4945406       3924.0734                            2736.792                 23.259147                 395.69555                                             768.3267
              1       1958.1267     0.097943999       3.3575795       69.508466     0.022404465      0.11929623     0.050991606   2.0904199e-09      0.96755388       1.0015422      0.99942997        0.998627       42.298964      0.70512282       4.3617207       7.7234448       8.1883473       10.061343        17.750393       98.724381       266.09807       55.560059       47.156943       119.52565      0.20541388         0.1568388        0.40649283      0.21861821         0.6773507       2.1382958       3155.5935      -3.8334449       -7.3544881         3.5210433       3923.9202                           2736.6388                 23.259147                 395.69555                                             768.3267
              1       1957.9821     0.097943999       3.3575795       69.508466     0.022404465      0.11929623     0.050991606   2.0904199e-09      0.96755388       1.0015422      0.99938132       0.9987063       42.453063      0.75457829       4.2444692       7.7097937       8.0087913       10.213128         17.77453       98.450984       269.91595        56.67562       48.254942         119.666      0.20442452         0.1565868        0.40396724      0.22634323        0.69378145       2.1237944       3155.1977      -3.7801127       -7.1870771         3.4069645       3923.5243                            2736.243                 23.259147                 395.69555                                             768.3267
              1       1949.4223     0.097630479       3.3571124       69.471036     0.022406508      0.11928137     0.051248972   2.0903502e-09       0.9675616        1.001535      0.99935701      0.99869465       41.985656      0.75570166       4.3252195       7.6924176       7.9003843       10.195849        17.942502       98.940592       269.08945       56.698746       48.458344       120.25728      0.20493653        0.15360849        0.40287563      0.22187185        0.69246634       2.1300459       3138.0645      -3.7209728       -7.1907683         3.4697955       3906.2865                           2719.1487                 23.220127                 395.69567                                              768.222
              1       1950.6212     0.097630479       3.3571124       69.471036     0.022406508      0.11928137     0.051248972   2.0903502e-09       0.9675616        1.001535      0.99932892      0.99863959       41.933471      0.76831473       4.8725214       7.4355047        9.684084       10.909637        18.549721       99.432287       272.28776       60.704395       51.496882       120.84862      0.20613811        0.15127607        0.45484799      0.20756652        0.69689217         2.35287       3139.6463      -3.3129825       -7.1555632         3.8425808       3907.8683                           2720.7305                 23.220127                 395.69567                                              768.222
              1       1948.3648     0.097630479       3.3571124       69.471036     0.022406508      0.11928137     0.051248972   2.0903502e-09       0.9675616        1.001535      0.99968373      0.99808611       42.971838      0.82955877       4.0536687       7.7837615       9.1177707       11.848989        18.125584       97.820613       293.72903       63.317849       52.347741       119.06125       0.1730299        0.13473235        0.44002727      0.19901426        0.70745837       2.4411064       3140.1355      -5.8139117       -9.0953172         3.2814055       3908.3575                           2721.2197                 23.220127                 395.69567                                              768.222
              1       1948.7163     0.097630479       3.3571124       69.471036     0.022406508      0.11928137     0.051248972   2.0903502e-09       0.9675616        1.001535      0.99972385      0.99810191       42.710483      0.81924315       4.1370265       7.7235548       8.9499104       11.748524        18.151581       98.088693       293.84196       63.362787       52.378546       119.57675      0.17301485        0.13613423        0.44513876      0.20265575        0.71337578       2.4661228       3140.8318      -5.8106614       -9.1311391         3.3204777       3909.0538                            2721.916                 23.220127                 395.69567                                              768.222
              1       1947.3991     0.097630479       3.3571124       69.471036     0.022406508      0.11928137     0.051248972   2.0903502e-09       0.9675616        1.001535      0.99954259      0.99807181       43.147688      0.83423944       3.3629508       8.5004394       8.8662492       11.235686        17.178434       96.698812       298.30231       62.884311       50.658041       118.16743      0.16310258        0.13354698        0.45848144      0.22288594        0.71402997       2.5014249       3138.6722      -6.0480103        -9.131926         3.0839157       3906.8942                           2719.7564                 23.220127                 395.69567                                              768.222
              1       1947.6217     0.097630479       3.3571124       69.471036     0.022406508      0.11928137     0.051248972   2.0903502e-09       0.9675616        1.001535      0.99945045      0.99787554         43.3265      0.88869212       3.7127574       8.1310647        8.694755        10.64698        16.840504       95.570349       283.96051       62.797614       51.793655       118.17324        0.168457        0.13730098        0.45473822      0.21856289        0.66766678       2.4459209       3138.6564      -5.8175621        -8.996135         3.1785729       3906.8784                           2719.7406                 23.220127                 395.69567                                              768.222
              3       1947.1301     0.097630479       3.3571124       69.471036     0.022406508      0.11928137     0.051248972   2.0903502e-09       0.9675616        1.001535      0.99966732      0.99817162       47.896387      0.69258412       5.8402448        8.402899       8.0464761       10.615066        20.335364       97.135589       259.02251       53.497451       43.554748        107.3108      0.12573955       0.095524951        0.39717182      0.21069877        0.68436371       2.3873734       3133.1501       -3.555965       -9.3522827         5.7963177       3901.3721                           2714.2343                 23.220127                 395.69567                                              768.222
              1       1948.3562     0.097630479       3.3571124       69.471036     0.022406508      0.11928137     0.051248972   2.0903502e-09       0.9675616        1.001535      0.99983398      0.99805494        46.99251      0.83700091       5.1664956       7.8508314       8.7208533       11.151998        21.686279       98.983952       263.17411        57.24661       45.469055       107.95641      0.08517355       0.089735464        0.37364267      0.23678464        0.66570143       2.4481363       3136.3346      -3.9221516       -8.3723501         4.4501985       3904.5566                           2717.4188                 23.220127                 395.69567                                              768.222
              2       1947.6686     0.097630479       3.3571124       69.471036     0.022406508      0.11928137     0.051248972   2.0903502e-09       0.9675616        1.001535      0.99983845      0.99830406       48.200044      0.70822022       3.8254997       8.1475851       8.6265006       10.410489        19.954936       95.906375       276.32289       53.830165       39.426973        106.1161     0.079400686       0.077440586        0.35548602      0.20265894        0.65121606       2.3021064       3136.0517      -4.4682424       -7.7489872         3.2807448       3904.2737                           2717.1359                 23.220127                 395.69567                                              768.222
              2       1845.6902     0.093849622       3.6905088       69.252276     0.022492795      0.11824735     0.054493411   2.1107219e-09      0.96990755       1.0016965      0.99984587      0.99841647        51.89386      0.77743786       5.0320912       6.4478551       8.6828941       9.7356025        19.737581       92.886847        264.6613       57.083865       46.577868       104.84419     0.076716378       0.089062388        0.35570122      0.21476422        0.62422511        2.110362       2932.0859      -4.4833918       -7.8893877         3.4059959       3700.3472                           2512.9906                 23.081223                 396.01415                                            768.26121
              1       1843.9567       0.1002104       3.8855145       69.206062     0.022461424      0.11842678     0.052277079   2.0994027e-09      0.97047308       1.0017609      0.99989327      0.99866476        49.96896      0.89351039        5.356122       5.5702776       8.5589071       9.6478322        20.512112       95.970205       248.73329        56.25115       48.559257       106.91553     0.071833546       0.077174692        0.37287851      0.18352866        0.63284779       1.9664667       2928.0739      -4.0853314       -7.2990087         3.2136772       3696.0842                           2509.5127                 22.791316                 395.76983                                             768.0103
              2       1845.1249       0.1002104       3.8855145       69.206062     0.022461424      0.11842678     0.052277079   2.0994027e-09      0.97047308       1.0017609      0.99999441      0.99873278       48.165169      0.94007299       5.9071464       5.9784281       8.7226536       10.139713        21.641266       98.380069       246.35855       54.546668       49.268561       108.11683     0.063732446       0.075823704        0.36068667      0.17380332        0.62465295       1.9944361       2927.7727       -2.766628       -6.7376937         3.9710657        3695.783                           2509.2115                 22.791316                 395.76983                                             768.0103
              2       1845.0373       0.1002104       3.8855145       69.206062     0.022461424      0.11842678     0.052277079   2.0994027e-09      0.97047308       1.0017609      0.99969975      0.99852443       48.409312      0.98543753       6.2393486       5.6100809       8.5029754       9.9405986        20.499216       94.488528       228.76285       54.732484       52.300826       111.16137     0.059414545       0.075696301        0.34284766      0.15067298        0.63907101       2.0278083       2926.4513      -2.1934781       -6.2735356         4.0800574       3694.4616                           2507.8902                 22.791316                 395.76983                                             768.0103
              1       1843.1668       0.1002104       3.8855145       69.206062     0.022461424      0.11842678     0.052277079   2.0994027e-09      0.97047308       1.0017609      0.99968764      0.99854272       50.594135      0.97003619       5.9562881        5.180529       8.2222176       11.443363        20.753865        96.39268       246.33415       46.726266        48.14944       105.06517     0.075967698        0.10233725        0.43612327      0.17233296        0.64625755       2.0293961       2928.5775      -5.1270299       -8.6529278         3.5258979       3696.5878                           2510.0163                 22.791316                 395.76983                                             768.0103
              1       1843.7238       0.1002104       3.8855145       69.206062     0.022461424      0.11842678     0.052277079   2.0994027e-09      0.97047308       1.0017609      0.99971031      0.99848455       49.501651      0.93587103       6.1666744       5.2021944       9.0169434       11.999942        21.262219       98.052841       248.21014       47.331868       48.957187       106.96367     0.078339831        0.10119276        0.45135511      0.16246913        0.62490178       1.9838545       2928.8444      -4.7035466       -8.4440059         3.7404593       3696.8547                           2510.2833                 22.791316                 395.76983                                             768.0103
              2       1845.7713       0.1002104       3.8855145       69.206062     0.022461424      0.11842678     0.052277079   2.0994027e-09      0.97047308       1.0017609      0.99942365      0.99848779       53.154357      0.99485155        5.843085       4.9780474       9.1450216       12.642719        21.110258        95.30017       239.97679       48.809765       49.158848        102.2824     0.083648498       0.088189952        0.46873264      0.14417998         0.6007465       1.9499845       2931.2751      -3.8713311       -7.1833135         3.3119824       3699.2854                           2512.7139                 22.791316                 395.76983                                             768.0103
              1       1846.8075       0.1002104       3.8855145       69.206062     0.022461424      0.11842678     0.052277079   2.0994027e-09      0.97047308       1.0017609      0.99959262      0.99799327       57.503514      0.96719275       5.8238478       4.3281944       10.483801       14.780322        18.511324       85.308171       256.79785       46.283871       52.066057       102.62546     0.073850011       0.091459336        0.48554426      0.18116962         0.5943037       1.8336945       2930.4763      -2.4358136       -5.4084881         2.9726745       3698.4866                           2511.9151                 22.791316                 395.76983                                             768.0103
              1       1846.4152       0.1002104       3.8855145       69.206062     0.022461424      0.11842678     0.052277079   2.0994027e-09      0.97047308       1.0017609      0.99980223      0.99779622       57.438812      0.81632137       4.3267843        3.664523       10.024086       13.149772        15.922538       83.176688       274.72401       48.323006       48.867014       102.50985     0.072508476       0.080097399        0.51523358      0.18152123        0.55697742       1.6173578       2931.8238       -3.501873       -5.5851122         2.0832392       3699.8341                           2513.2626                 22.791316                 395.76983                                             768.0103
              2       1846.5465       0.1002104       3.8855145       69.206062     0.022461424      0.11842678     0.052277079   2.0994027e-09      0.97047308       1.0017609      0.99979933      0.99780978       57.432632      0.81797381       4.2669629       3.7112129       10.060003       13.158804        15.878743        83.13602       275.25186       48.238459       48.693395       102.45037     0.071770316       0.078897122        0.51537742      0.18167473        0.55627462       1.6151217       2931.8902      -3.4037583       -5.4812079         2.0774496       3699.9005                            2513.329                 22.791316                 395.76983                                             768.0103
              2        1847.924       0.1002104       3.8855145       69.206062     0.022461424      0.11842678     0.052277079   2.0994027e-09      0.97047308       1.0017609      0.99990102       0.9978482       58.377553      0.73165218       4.6334529        2.688169       10.312786       13.350011        15.895508       83.003391       272.61377       49.142282       49.080042       101.89511     0.066600712         0.0782651        0.52235345      0.19746079        0.55241095       1.5530042       2933.7715      -2.9669249       -5.0045888         2.0376639       3701.7818                           2515.2104                 22.791316                 395.76983                                             768.0103
              1        1849.559       0.1002104       3.8855145       69.206062     0.022461424      0.11842678     0.052277079   2.0994027e-09      0.97047308       1.0017609       1.0002536      0.99784303       59.640337      0.77043519       3.9319558       3.0030182       10.761511       13.701688        16.604512       82.626422       288.68235       53.840376       48.717333       100.06375      0.05383479       0.071223755        0.54684062      0.18138742        0.54563058       1.6366122       2934.2149      -1.5536583       -3.5735633          2.019905       3702.2252                           2515.6538                 22.791316                 395.76983                                             768.0103
              1       1849.9533       0.1002104       3.8855145       69.206062     0.022461424      0.11842678     0.052277079   2.0994027e-09      0.97047308       1.0017609       1.0003778      0.99794564       60.729452       0.8345747       4.4183098       2.7867076        12.04308       14.412212        17.182245       82.402939       290.88624       52.486115       49.875566       99.643821     0.055954903       0.076997178        0.50204501      0.18900161        0.53559113       1.6894327       2933.2671     -0.68544615        -2.710038         2.0245918       3701.2774                            2514.706                 22.791316                 395.76983                                             768.0103
              2       1845.6374       0.1002104       3.8855145       69.206062     0.022461424      0.11842678     0.052277079   2.0994027e-09      0.97047308       1.0017609       1.0003911      0.99792809       50.546076      0.92692421       3.4875621      0.89255844       11.621755       13.549188        16.455863       87.054286       302.61269       59.159897        57.04287        118.8636     0.041851417       0.096507882        0.46182975      0.22856994        0.66489791       1.8680164       2929.0408      -2.8880945        -5.414801         2.5267064       3697.0511                           2510.4796                 22.791316                 395.76983                                             768.0103
              2       1846.6429       0.1002104       3.8855145       69.206062     0.022461424      0.11842678     0.052277079   2.0994027e-09      0.97047308       1.0017609       1.0005181      0.99789416        52.34108      0.98654986       3.4868368       1.0937225       11.574553       13.673354        16.483646       85.419369       305.46819       59.568178       57.568591       116.48841     0.030891774         0.0989562        0.47278317      0.22857889        0.69620157       1.8902739       2929.8911      -2.3078398       -4.7694931         2.4616533       3697.9014                             2511.33                 22.791316                 395.76983                                             768.0103
              5        1846.682       0.1002104       3.8855145       69.206062     0.022461424      0.11842678     0.052277079   2.0994027e-09      0.97047308       1.0017609       1.0005125      0.99789093       52.325631      0.98855493       3.5058052       1.0949355       11.601191       13.691709        16.487672       85.389897       304.83305       59.450111        57.61254       116.50819     0.030322712       0.098912916        0.47272011      0.22851063        0.69625022       1.8923498       2929.8608      -2.2534927        -4.705286         2.4517933       3697.8711                           2511.2996                 22.791316                 395.76983                                             768.0103
              1       1845.8069      0.10018218       3.8818649       69.212513     0.022460847      0.11843712     0.052283581     2.09857e-09      0.97049012       1.0017586      0.99973056      0.99730053       47.205912      0.83661993       4.1287862        1.222112        11.07978       14.092911        16.559984       88.357804       290.12807       56.433553       55.672046       122.06995     0.061434794       0.094546051        0.50117258      0.19073625        0.68568192       2.0260164       2929.8551      -3.1319643       -5.3047937         2.1728295       3697.8777                           2511.3337                 22.760512                 395.76085                                             768.0226
              1       1848.4761      0.10018218       3.8818649       69.212513     0.022460847      0.11843712     0.052283581     2.09857e-09      0.97049012       1.0017586      0.99974528      0.99767189       41.464071      0.84840958       4.1912418       1.4107788       12.608383        15.43761        19.863647       97.541381        281.0207       53.656746       54.619636       127.92783     0.046980536       0.094356694        0.57399758      0.19225156        0.65240355       2.0259758       2928.6552      0.13724182       -1.9866055         2.1238473       3696.6778                           2510.1338                 22.760512                 395.76085                                             768.0226
              5       1849.0433      0.10018218       3.8818649       69.212513     0.022460847      0.11843712     0.052283581     2.09857e-09      0.97049012       1.0017586      0.99962126      0.99757973       40.676327      0.92989426       4.1886065       1.9966919       12.238306       15.264976        19.926506       98.304614       280.96398        55.01164       56.428136       128.18051     0.031271991          0.090632        0.58388336      0.20321297        0.65256191       1.9720175       2928.5239      0.77008795       -1.2831552         2.0532432       3696.5465                           2510.0025                 22.760512                 395.76085                                             768.0226
              2       1848.8879      0.10018218       3.8818649       69.212513     0.022460847      0.11843712     0.052283581     2.09857e-09      0.97049012       1.0014088      0.99957551      0.99751143       41.095998      0.99718572       4.6972921       1.2687748       11.883284       15.551382        20.146849       97.465911       274.36723       57.283449       60.907163       130.20076     0.044317929       0.094994862         0.5657719      0.19835456        0.64023688       1.9766242       2930.0836     -0.16520249        -2.211199         2.0459965       3698.1062                           2511.5087                 22.808783                 395.76613                                             768.0226
              1       1848.4079      0.10018218       3.8818649       69.212513     0.022460847      0.11843712     0.052283581     2.09857e-09      0.97049012       1.0014088      0.99906531      0.99751714       36.194306      0.84759854        4.427313       3.2143743       10.400517       13.136197        16.696319        94.76915       285.38684        52.24693       55.022137       134.76723     0.090982342        0.12556557        0.60697196      0.20956492        0.73256078        2.139151        2936.175      -3.6908656       -5.7438011         2.0529355       3704.1976                           2517.6001                 22.808783                 395.76613                                             768.0226
              1       1849.1287      0.10018218       3.8818649       69.212513     0.022460847      0.11843712     0.052283581     2.09857e-09      0.97049012       1.0014088      0.99919173      0.99772701       36.649518       0.9534486       3.9681485        3.116362        9.017783       12.431654        16.366765       95.348403       299.11601       58.922226       59.426697       132.53582     0.099474436        0.13484562        0.57289203      0.22522771        0.71010277       2.0607185       2941.7519      -5.7585186       -7.7761359         2.0176173       3709.7745                            2523.177                 22.808783                 395.76613                                             768.0226
              2       1849.2442      0.10018218       3.8818649       69.212513     0.022460847      0.11843712     0.052283581     2.09857e-09      0.97049012       1.0014088      0.99880885      0.99782543       34.698428       0.9577288       3.6381124       2.6133637       9.3967906        11.94051        17.925635       99.537241       292.60208       61.801369       59.535743       134.81009      0.10326432        0.14502898        0.53690848      0.22608306        0.68481176       1.9970066       2941.4321       -5.483146        -7.563787          2.080641       3709.4547                           2522.8572                 22.808783                 395.76613                                             768.0226
              1       1848.9486      0.10018218       3.8818649       69.212513     0.022460847      0.11843712     0.052283581     2.09857e-09      0.97049012       1.0014088      0.99879899      0.99799148       34.721221      0.98757539       3.9164004       2.2266781        9.265065       12.297255         18.25953       100.32207       288.87392       60.503895       61.003127       135.22076      0.10461939        0.14649165        0.52921569      0.22306472        0.68157007       2.0419666       2940.8382      -5.4818565       -7.5557524          2.073896       3708.8608                           2522.2633                 22.808783                 395.76613                                             768.0226
              1       1847.9965      0.10018218       3.8818649       69.212513     0.022460847      0.11843712     0.052283581     2.09857e-09      0.97049012       1.0014088      0.99891332      0.99795658       35.313412      0.95317541       3.8564255       2.3860935       9.3817081       12.327347        17.894485       99.457532       290.79849       59.262647       59.568168       134.25349      0.11633185        0.15017929        0.52480235      0.22329058        0.67031475       2.0141915       2939.6788      -5.8542089        -7.921228         2.0670191       3707.7014                           2521.1039                 22.808783                 395.76613                                             768.0226
              1       1847.3295      0.10018218       3.8818649       69.212513     0.022460847      0.11843712     0.052283581     2.09857e-09      0.97049012       1.0014088      0.99891222      0.99808965       35.815745      0.92116257       4.1150123       2.6747503       9.5427842       12.162247        18.125475       100.38806       289.29422        57.78391       57.873277       131.91812      0.10729155        0.14803704        0.53183832      0.23140232        0.64584481       1.9917499       2938.0242      -5.6938264       -7.7146102         2.0207837       3706.0468                           2519.4492                 22.808783                 395.76613                                             768.0226
              1       1847.9768      0.10018218       3.8818649       69.212513     0.022460847      0.11843712     0.052283581     2.09857e-09      0.97049012       1.0014088      0.99891994       0.9982188       33.114985      0.96250788       4.7587234       2.4397843       9.3675656       12.564258        20.077846       105.25387       283.67013         59.3477       61.132481       136.00914      0.11411437        0.14298946        0.48204055      0.23934713        0.64142959       1.8280219       2939.6386      -5.8537429       -7.8883287         2.0345858       3707.6612                           2521.0637                 22.808783                 395.76613                                             768.0226
              1       1848.0269      0.10018218       3.8818649       69.212513     0.022460847      0.11843712     0.052283581     2.09857e-09      0.97049012       1.0014088      0.99898143      0.99825473       32.845206      0.96258235       4.4259051       2.5852351       9.4757686       12.819034        20.136438       105.13711       287.79283       58.775753       60.010725       136.46087      0.11453323        0.14357349        0.48698352      0.24228942        0.64321361       1.8230447       2939.6982      -5.8334874       -7.8525818         2.0190943       3707.7208                           2521.1233                 22.808783                 395.76613                                             768.0226
              3       1848.3019      0.10018218       3.8818649       69.212513     0.022460847      0.11843712     0.052283581     2.09857e-09      0.97049012       1.0014088      0.99904316      0.99825554        32.86199      0.92923321       4.4020862       2.7988769       9.4073892       12.454671        19.055623        103.4713       288.47248       57.673246       60.179305       137.44298      0.11435843        0.13750294        0.46464025       0.2372479        0.62750297       1.7937144       2940.9317      -6.1752227       -8.1992796          2.024057       3708.9543                           2522.3568                 22.808783                 395.76613                                             768.0226
              1       1849.7691      0.10018218       3.8818649       69.212513     0.022460847      0.11843712     0.052283581     2.09857e-09      0.97049012       1.0014088      0.99896083      0.99839819       35.435748      0.99456135       4.3650138       2.9740697       7.7322684       12.528435        19.042129        100.7711       293.86833       59.969402       61.412797       134.07954      0.12073289          0.147213        0.47188765      0.20763666        0.60297447       1.7400111       2942.8582      -5.6712691       -7.7004782         2.0292091       3710.8808                           2524.2833                 22.808783                 395.76613                                             768.0226
              1       1849.2662      0.10018218       3.8818649       69.212513     0.022460847      0.11843712     0.052283581     2.09857e-09      0.97049012       1.0014088      0.99902272       0.9984543       36.094234       0.9675427       4.4314442       2.7119408        7.942607        12.47131        18.752628       99.819391       294.41137       60.021937       61.533513       134.24949      0.11953642        0.14894506        0.48740239       0.2116138         0.6074454       1.7469673       2942.1702      -5.8301922       -7.8528183         2.0226262       3710.1928                           2523.5953                 22.808783                 395.76613                                             768.0226
              3       1848.7944      0.10018218       3.8818649       69.212513     0.022460847      0.11843712     0.052283581     2.09857e-09      0.97049012       1.0014088       0.9987288      0.99836528       49.951722      0.62721713       4.6536262       1.2770721        6.002014       11.816666        18.719475       91.983689       308.26341       63.910734       52.998941       114.85534      0.14471703        0.14091469        0.50377545      0.16727207        0.67924147       1.9234229       2939.4426      -4.9382123       -6.9893145         2.0511022       3707.4652                           2520.8677                 22.808783                 395.76613                                             768.0226
              1       1848.1158      0.10018218       3.8818649       69.212513     0.022460847      0.11843712     0.052283581     2.09857e-09      0.97049012       1.0014088       0.9987227      0.99798451       47.376164      0.72979874        5.107969      0.83569635       5.2684767       11.160182        17.977482       91.258202       305.45816       65.224185       57.549704       121.40603       0.1327886        0.13427194        0.50323312      0.17564253        0.69895831       1.8781872       2937.7211      -4.7561088       -6.7870832         2.0309744       3705.7437                           2519.1462                 22.808783                 395.76613                                             768.0226
              1        1847.972      0.10018218       3.8818649       69.212513     0.022460847      0.11843712     0.052283581     2.09857e-09      0.97049012       1.0014088      0.99902814      0.99765892        43.14936      0.73499804       4.0812141       2.9229592       5.7021572       10.367797         17.32628       92.712053       302.95155        61.85403       51.636233       123.33415      0.16386001        0.15490874        0.51579515      0.15128649        0.65637758       1.7351382       2937.4627       -4.770613       -6.7882871         2.0176741       3705.4853                           2518.8878                 22.808783                 395.76613                                             768.0226
              3       1846.6122      0.10018218       3.8818649       69.212513     0.022460847      0.11843712     0.052283581     2.09857e-09      0.97049012       1.0014088      0.99960399      0.99811421       36.493574      0.68443064       6.0852053       1.2385178       5.9835401       10.281294         20.26768       101.15056       294.03639       55.840293       53.154485       133.35554      0.18721815        0.14756497        0.50115725      0.16653338        0.65202487        1.901858        2937.069      -5.9336019       -8.0719956         2.1383937       3705.0916                           2518.4941                 22.808783                 395.76613                                             768.0226
              1       1846.8914      0.10018218       3.8818649       69.212513     0.022460847      0.11843712     0.052283581     2.09857e-09      0.97049012       1.0014088      0.99962261      0.99803198       35.655523      0.64660787       5.8199279       1.2743649       6.1032989       10.030733         19.76701       100.75077       294.66761       55.672111        52.53649       134.85703      0.18882042        0.14379334        0.49829229        0.165232        0.65654608       1.8903923       2937.8888      -6.0642681        -8.147371         2.0831029       3705.9114                           2519.3139                 22.808783                 395.76613                                             768.0226
              1       1846.5583      0.10018218       3.8818649       69.212513     0.022460847      0.11843712     0.052283581     2.09857e-09      0.97049012       1.0014088      0.99959275      0.99857082       33.507104      0.62921376        6.238256       0.6524913       6.5424138       9.2812432        20.978516       106.66826       276.96421       59.083774       56.953181       136.50661      0.15442317        0.13253156         0.4376163      0.16027779        0.63001559       1.8100952       2937.8443      -6.3751738       -8.4641289         2.0889551       3705.8669                           2519.2694                 22.808783                 395.76613                                             768.0226
              1       1799.2857      0.10733059       5.5191645       66.654265     0.022134131      0.11963059      0.04532708   2.0449376e-09      0.97262101       1.0014576      0.99949852      0.99857874       32.600335      0.65090811       6.3684644      0.10148879       6.6676317       9.1937071        20.950943       107.06125       270.80378       59.532982       59.095451       139.17032      0.15622359        0.13329968        0.43411559      0.16646119        0.63930707       1.8467763        2850.015      -6.3732224        -8.425536         2.0523137       3611.3178                           2432.7496                 21.105338                    396.16                                            761.30281
              1        1799.688      0.10733059       5.5191645       66.654265     0.022134131      0.11963059      0.04532708   2.0449376e-09      0.97262101       1.0014576      0.99951425      0.99866029       33.922577      0.69502463       6.2165275      0.13637927       6.1964653       8.7387681        20.578738       105.59501       273.41986       60.856599       59.757954       138.41619      0.15097945        0.12479356        0.42736914      0.15385069        0.63880648       1.8377548       2849.7103      -5.8185434       -7.8549655         2.0364221       3611.0131                            2432.445                 21.105338                    396.16                                            761.30281
              1       1800.0631      0.10733059       5.5191645       66.654265     0.022134131      0.11963059      0.04532708   2.0449376e-09      0.97262101       1.0014576       0.9995557      0.99864882       34.204638      0.58703157       6.5755885      0.34739316       6.5352253       8.7019285        21.024972       105.48165       266.30334       55.805147       55.526823       136.00868      0.17597201        0.14856612        0.49154564      0.16065142         0.6760105       1.9044867       2850.0959      -5.6362341       -7.7578038         2.1215697       3611.3987                           2432.8306                 21.105338                    396.16                                            761.30281
              2       1800.3731      0.10733059       5.5191645       66.654265     0.022134131      0.11963059      0.04532708   2.0449376e-09      0.97262101       1.0014576      0.99946695      0.99879153        36.30513      0.53644739       6.1273848      0.65066556       6.3826339       8.1537907         20.66156       104.16815       266.61909       55.853069       52.898794       132.47981      0.17147334        0.15516102        0.46118136      0.16112564        0.66463137       1.9436697       2849.5001       -5.028324       -7.0964879         2.0681639       3610.8029                           2432.2347                 21.105338                    396.16                                            761.30281
              1       1800.1876      0.10733059       5.5191645       66.654265     0.022134131      0.11963059      0.04532708   2.0449376e-09      0.97262101       1.0014576      0.99850188       0.9988085       42.785151      0.44875594       4.2033896       1.2172922       6.6421208       11.714806        24.044842       104.13654       295.58443       59.998495       42.075415       119.03635      0.13811933        0.13460738        0.51171037      0.17308797        0.75452906       2.1737159       2846.3166      -3.6221287       -5.7744092         2.1522805       3607.6194                           2429.0513                 21.105338                    396.16                                            761.30281
              1       1799.3579      0.10733059       5.5191645       66.654265     0.022134131      0.11963059      0.04532708   2.0449376e-09      0.97262101       1.0014576      0.99871383      0.99893257       43.761202      0.33177011       4.2488955       1.0774981       7.2434335       11.962302        24.025445       104.75861       308.23916        58.31184       39.462572       118.04446       0.1286961        0.13966024        0.52352787      0.15990779        0.77234897       2.2281627       2845.0207      -3.8038608       -5.9679811         2.1641203       3606.3235                           2427.7554                 21.105338                    396.16                                            761.30281
              1       1799.3403      0.10733059       5.5191645       66.654265     0.022134131      0.11963059      0.04532708   2.0449376e-09      0.97262101       1.0014576      0.99872411      0.99888717       43.617298      0.32286126       4.2608005       1.1030802       7.4972661       11.859991        23.987095       104.61032       305.34319       58.525128       38.835691       117.96103      0.12874238          0.138087        0.51864352      0.15818906        0.77970967        2.212067       2845.4197      -4.0209859       -6.1771622         2.1561763       3606.7225                           2428.1544                 21.105338                    396.16                                            761.30281
              1       1799.3963      0.10733059       5.5191645       66.654265     0.022134131      0.11963059      0.04532708   2.0449376e-09      0.97262101       1.0014576      0.99866427      0.99886444       42.937655       0.3228945       4.3544283       1.0890395       7.5312878       11.976053        24.375732       105.69086        303.8716       58.554516       39.014124       118.66431      0.12880854        0.13745371         0.5158312      0.15422633        0.76816923       2.1766246       2845.4329      -3.9714993        -6.104871         2.1333717       3606.7357                           2428.1675                 21.105338                    396.16                                            761.30281
              1       1800.7126      0.10733059       5.5191645       66.654265     0.022134131      0.11963059      0.04532708   2.0449376e-09      0.97262101       1.0014576      0.99890315      0.99919673       39.119539       0.3025029       3.6190115      0.70068752       8.4406565       11.421164        23.138113       108.02481        306.7998       60.230313       41.198362       126.44431      0.14688755        0.12162987        0.50680424      0.12578971        0.78086305       2.2611102       2846.3274      -3.1025587       -5.6230786         2.5205199       3607.6302                           2429.0621                 21.105338                    396.16                                            761.30281
              1       1798.0826      0.10733059       5.5191645       66.654265     0.022134131      0.11963059      0.04532708   2.0449376e-09      0.97262101       1.0014576      0.99905449      0.99942835        41.54312      0.29124677       3.3316691       1.6732372       9.2559993        11.38572        22.120748       105.42261       302.70656       55.493317       37.157806       121.50687      0.11612055        0.10541498        0.47867526      0.13605148        0.72985852       2.1882329       2841.9678      -3.5526785       -5.9163669         2.3636884       3603.2706                           2424.7024                 21.105338                    396.16                                            761.30281
              2       1795.6882      0.10733059       5.5191645       66.654265     0.022134131      0.11963059      0.04532708   2.0449376e-09      0.97262101       1.0014576      0.99860678      0.99896027       45.461727      0.47129921       4.3998826       1.9592738       10.566755       12.916474        21.547071       100.59745       259.85597       46.705078       40.258506        115.1737      0.15289768        0.11502068        0.39659946     0.098799871        0.61511839       1.9598469       2834.1532      -2.0397628       -4.0712533         2.0314905        3595.456                           2416.8878                 21.105338                    396.16                                            761.30281
              2       1795.8959      0.10733059       5.5191645       66.654265     0.022134131      0.11963059      0.04532708   2.0449376e-09      0.97262101       1.0014576      0.99839474      0.99900959       43.068639      0.54221235       5.4601834       1.4499073       9.8620113       13.909209        24.041256       106.86478       256.53464       48.410169       44.850969        117.2509      0.15198655        0.11639436        0.42679424      0.10776703        0.59113842       2.1006694       2831.8747     -0.69287354       -2.7365839         2.0437103       3593.1776                           2414.6094                 21.105338                    396.16                                            761.30281
              1       1795.6563      0.10733059       5.5191645       66.654265     0.022134131      0.11963059      0.04532708   2.0449376e-09      0.97262101       1.0014576      0.99838669      0.99900983       43.512018      0.53736834       5.5721212       1.4188416       9.9794388       13.753333        24.120316       106.85244       254.70459       48.658696       44.736889       116.51311      0.15398709        0.11932504        0.43087382      0.11019916         0.5915876       2.0892947       2831.6333     -0.81176762       -2.8679823         2.0562147       3592.9362                            2414.368                 21.105338                    396.16                                            761.30281
              1       1796.1265      0.10733059       5.5191645       66.654265     0.022134131      0.11963059      0.04532708   2.0449376e-09      0.97262101       1.0014576      0.99832033      0.99906423       44.405535      0.54182315       6.3386993      0.83031788       10.713975       14.488854        24.855932       107.65277       248.48497       46.783453       45.728492       116.91447      0.15166295        0.11843943        0.41167826      0.12432907        0.55966959        1.954784       2829.1646      0.89275687       -1.2452096         2.1379664       3590.4674                           2411.8993                 21.105338                    396.16                                            761.30281
              1       1796.5265      0.10733059       5.5191645       66.654265     0.022134131      0.11963059      0.04532708   2.0449376e-09      0.97262101       1.0014576      0.99816696       0.9990184       45.278313      0.48376835       6.1337091      0.36419193        11.16037       14.270197        24.450641       106.83798       245.52606       47.636692       45.724732       117.09145      0.14524193        0.11571204        0.42014262       0.1234659        0.56510189       1.9853505       2829.4206       1.1647955      -0.87830288         2.0430984       3590.7234                           2412.1553                 21.105338                    396.16                                            761.30281
              1       1797.0795      0.10733059       5.5191645       66.654265     0.022134131      0.11963059      0.04532708   2.0449376e-09      0.97262101       1.0014576      0.99805138      0.99881236       44.568028      0.23997029       4.8608562     0.092813884       10.740388       13.767554        22.642174       104.40918       267.02145       47.439236       37.222071       117.86356      0.16141575        0.10952184         0.4008237       0.1633305        0.58753944       1.9219106       2832.4468      0.20469117       -1.9604319         2.1651231       3593.7497                           2415.1815                 21.105338                    396.16                                            761.30281
              2       1797.8456      0.10733059       5.5191645       66.654265     0.022134131      0.11963059      0.04532708   2.0449376e-09      0.97262101       1.0014576      0.99801636      0.99894387       44.964743      0.23217544       4.5984436      0.46004845       10.818952       13.782308         22.29214       103.75702       268.59639       47.054695       36.159364       116.87124       0.1585004        0.10299075        0.40844426      0.15784913        0.56625408       1.9326124       2832.3273       1.0305697       -1.1442372         2.1748069       3593.6301                           2415.0619                 21.105338                    396.16                                            761.30281
              1       1798.0572      0.10733059       5.5191645       66.654265     0.022134131      0.11963059      0.04532708   2.0449376e-09      0.97262101       1.0014576      0.99839922      0.99869947       45.171609       0.2766029       4.2842206       1.1847302       10.566911       13.466567        21.299902       101.65048       298.99293       48.257804       36.788193       118.17332      0.16786439        0.11064709        0.39805406      0.15325393        0.61293641       2.0756322       2838.4195      -1.8039029       -3.9399599         2.1360569       3599.7223                           2421.1541                 21.105338                    396.16                                            761.30281
              1       1796.5173      0.10733059       5.5191645       66.654265     0.022134131      0.11963059      0.04532708   2.0449376e-09      0.97262101       1.0014576       0.9986596      0.99842281       44.413293      0.27531726       3.8384198        1.206253       12.291468       13.960826         19.53221       97.971341       296.95371       47.925699       39.271359       122.61492      0.14579651        0.11382695         0.4766461      0.15441653        0.64803541       2.0826129       2836.0233      -2.1457011       -4.4206014         2.2749002       3597.3261                           2418.7579                 21.105338                    396.16                                            761.30281
              2       1795.7248      0.10733059       5.5191645       66.654265     0.022134131      0.11963059      0.04532708   2.0449376e-09      0.97262101       1.0014576      0.99920141      0.99813934       39.740901      0.21449643        3.400192       1.9079186       11.418845       13.022233        18.187175       99.563191       294.97931       44.806881       36.917679       126.17231      0.11563756        0.11800888        0.40068731      0.17773684         0.6702222       2.0202632       2840.4068      -5.1300423       -7.4048227         2.2747804       3601.7096                           2423.1415                 21.105338                    396.16                                            761.30281
              1       1795.5354      0.10733059       5.5191645       66.654265     0.022134131      0.11963059      0.04532708   2.0449376e-09      0.97262101       1.0014576        0.999113      0.99816319       39.166785      0.20733483       3.3591186       2.1878295       11.465459       12.946661         18.15559       100.09793       290.06262       45.314225       36.829293       126.20097      0.11691293        0.11368922        0.39432474       0.1793822        0.67134283       2.0648266       2839.5544      -4.8932192       -7.1193378         2.2261186       3600.8572                            2422.289                 21.105338                    396.16                                            761.30281
              1       1795.2874      0.10733059       5.5191645       66.654265     0.022134131      0.11963059      0.04532708   2.0449376e-09      0.97262101       1.0014576       0.9990421      0.99802623       40.207177      0.17373582       3.3104774       2.7585173       11.537475       12.930904        17.660046       98.821625       289.33902       43.476831       34.947212       123.86504       0.1108732        0.11233625        0.39996264       0.1863071        0.66374458       2.0321595       2838.8223      -4.7750978       -6.9086049         2.1335071       3600.1251                           2421.5569                 21.105338                    396.16                                            761.30281
              1       1794.0896      0.10733059       5.5191645       66.654265     0.022134131      0.11963059      0.04532708   2.0449376e-09      0.97262101       1.0014576      0.99895225      0.99807726       40.787744       0.2956095       3.1770053       3.3138364       11.623457       13.066623        17.276962       97.488402         284.534       43.449475       36.896137       122.70149      0.11474538        0.11727499        0.42332229      0.18103242        0.67226179       2.0662338       2836.2115      -4.6676058       -6.7527405         2.0851347       3597.5143                           2418.9462                 21.105338                    396.16                                            761.30281
              1        1794.865      0.10733059       5.5191645       66.654265     0.022134131      0.11963059      0.04532708   2.0449376e-09      0.97262101       1.0014576      0.99920803      0.99861252       41.579969      0.10716351       3.2270781       4.4628975        10.23889       12.347324        15.808862       95.111027       274.97146       35.672581       28.520078       118.61741       0.1259245        0.11706585        0.47159949      0.19211603        0.65457192       1.9048823       2840.7506      -6.1617139       -8.1801498         2.0184359       3602.0534                           2423.4852                 21.105338                    396.16                                            761.30281
              1       1793.9453      0.10733059       5.5191645       66.654265     0.022134131      0.11963059      0.04532708   2.0449376e-09      0.97262101       1.0014576      0.99931825      0.99865149       43.858674      0.13990766       3.0395451       4.9736661       9.4817612       12.213689         15.60218       93.261514       278.19966       36.094917       28.148576       115.54189      0.10901537         0.1142882        0.49380558      0.21114596        0.68216457        1.890686       2839.5371      -6.4747187       -8.4985766         2.0238579       3600.8399                           2422.2718                 21.105338                    396.16                                            761.30281
              1       1793.5987      0.10733059       5.5191645       66.654265     0.022134131      0.11963059      0.04532708   2.0449376e-09      0.97262101       1.0014576      0.99929983      0.99892613       41.706613      0.53701905       3.1838622       6.4221507       9.4538393       12.599437        17.516712       96.712042       272.95169       42.293895       36.118288         117.721      0.10933075        0.13768978        0.50893226      0.19295621        0.64563071       1.9805995       2837.0848      -5.5950627       -7.8384794         2.2434168       3598.3876                           2419.8195                 21.105338                    396.16                                            761.30281
              1       1794.5076      0.10733059       5.5191645       66.654265     0.022134131      0.11963059      0.04532708   2.0449376e-09      0.97262101       1.0014576      0.99919143       0.9987942        41.50206      0.57171475       2.9734011       6.4338931       9.6981603       12.675936        16.537143       94.732037       269.06716       43.106946       38.187395       119.95534      0.10885712        0.13731688        0.51355669      0.19364892        0.63334918       1.8993164       2838.5714      -5.4295112        -7.605985         2.1764738       3599.8742                            2421.306                 21.105338                    396.16                                            761.30281
              1       1798.7318      0.10733059       5.5191645       66.654265     0.022134131      0.11963059      0.04532708   2.0449376e-09      0.97262101       1.0014576      0.99914392      0.99874188        42.66556      0.60097742        4.622765       4.6409047       7.5375678       14.355629         17.31462       94.447118       268.08397       37.625002        43.11134       119.87289      0.10649188        0.19030671         0.4545706      0.24838363        0.59754538        1.645552       2840.5982      -2.2187201       -4.5939396         2.3752195        3601.901                           2423.3329                 21.105338                    396.16                                            761.30281
              1       1798.5998      0.10733059       5.5191645       66.654265     0.022134131      0.11963059      0.04532708   2.0449376e-09      0.97262101       1.0014576      0.99912845      0.99883815       41.872247      0.56843246       6.4254641       3.4528537       7.0644374       13.937316        18.744766       98.032079       249.29534       35.750164       47.438017       121.21226      0.08432633        0.17058455        0.48645356      0.25939925        0.58891574        1.659574       2839.4321      -1.7676881       -4.7809798         3.0132918       3600.7349                           2422.1667                 21.105338                    396.16                                            761.30281
              3       1798.5552      0.10733059       5.5191645       66.654265     0.022134131      0.11963059      0.04532708   2.0449376e-09      0.97262101       1.0014576      0.99913197      0.99883729       41.915142       0.5649518       6.4148651       3.4627268       7.0717335       13.939073        18.715137       97.986501       249.32021       35.673146       47.321191       121.14118      0.08458946        0.17027915        0.48724182      0.25867511        0.58791621       1.6663481       2839.3981      -1.7952046       -4.8051662         3.0099616       3600.7009                           2422.1327                 21.105338                    396.16                                            761.30281
              1       1792.9285      0.10733059       5.5191645       66.654265     0.022134131      0.11963059      0.04532708   2.0449376e-09      0.97262101       1.0014576      0.99904089      0.99829014       45.858306      0.55478834       6.4127636       4.2158356       8.6224479       11.878585        18.015222       93.360315       226.03959       37.248392       42.838604       113.89768      0.10472425        0.14234935        0.53134655      0.21776849        0.60425905       1.5913958       2833.3618      -4.4037872       -7.7970679         3.3932806       3594.6646                           2416.0964                 21.105338                    396.16                                            761.30281
              1       1793.3024      0.10733059       5.5191645       66.654265     0.022134131      0.11963059      0.04532708   2.0449376e-09      0.97262101       1.0014576      0.99912838       0.9982975       44.261875      0.58954234       6.2833417       3.9305707       9.4333076       11.474285        17.513405       93.813511       217.19785       36.781397       43.428155       116.88751     0.092561342        0.14302124        0.51472662      0.23058499        0.60506723       1.5701514       2834.6707      -4.6843406       -7.8188645         3.1345239       3595.9735                           2417.4054                 21.105338                    396.16                                            761.30281
              1       1793.2979      0.10733059       5.5191645       66.654265     0.022134131      0.11963059      0.04532708   2.0449376e-09      0.97262101       1.0014576      0.99911594      0.99829238       44.398007      0.58797491       6.3296207       3.8673894       9.4334528       11.479953        17.511052       93.707355       216.76204       36.854869       43.566942       116.80834     0.092032718        0.14262183        0.51314713       0.2309633         0.6040498       1.5680824       2834.5763      -4.6416243       -7.7815679         3.1399436       3595.8791                            2417.311                 21.105338                    396.16                                            761.30281
              2       1793.2011      0.10733059       5.5191645       66.654265     0.022134131      0.11963059      0.04532708   2.0449376e-09      0.97262101       1.0014576      0.99916493      0.99824692       42.787497      0.58198708       6.7531229       3.7217172       8.9823894       11.399262        18.057123       95.757406       215.74144       35.168625        44.34367       118.73539     0.087160858        0.13275477        0.48844055      0.21848632        0.60366375        1.640489       2834.6929      -4.7967976        -8.218118         3.4213204       3595.9957                           2417.4276                 21.105338                    396.16                                            761.30281
              1       1791.9846      0.10733059       5.5191645       66.654265     0.022134131      0.11963059      0.04532708   2.0449376e-09      0.97262101       1.0014576      0.99916179      0.99815519       47.102011      0.53300536       6.0227164       3.7009956       10.436957       10.861585        16.014957        90.64003       233.47717       37.376995       43.132841       113.43138     0.072717255        0.13510319        0.47451723      0.22135226         0.6280088       1.7766095       2832.3727      -4.8530992       -7.6887162          2.835617       3593.6755                           2415.1073                 21.105338                    396.16                                            761.30281
              1       1791.7574      0.10733059       5.5191645       66.654265     0.022134131      0.11963059      0.04532708   2.0449376e-09      0.97262101       1.0014576      0.99918945      0.99830792       46.888066      0.53699989       6.2913903       4.1216941       10.416024       11.028191        16.988777       92.315472       232.83112       36.889543       42.837479       112.60282     0.070057858        0.14079936        0.47820425      0.22081037        0.63632192       1.8389483       2831.1952      -4.4916482       -7.7301202          3.238472       3592.4981                           2413.9299                 21.105338                    396.16                                            761.30281
              1       1791.5946      0.10733059       5.5191645       66.654265     0.022134131      0.11963059      0.04532708   2.0449376e-09      0.97262101       1.0014576      0.99928391      0.99833712        45.80123      0.56545475       6.4333067       3.8360724       10.520277       11.132269        17.162164       92.967561        233.4775       37.738378       43.887227        114.2708     0.070549426        0.14169225        0.47661628      0.21742775        0.64229587       1.8452961       2831.2895      -4.7015277       -7.9096898         3.2081621       3592.5924                           2414.0242                 21.105338                    396.16                                            761.30281
              1       1792.0862      0.10733059       5.5191645       66.654265     0.022134131      0.11963059      0.04532708   2.0449376e-09      0.97262101       1.0014576      0.99918488      0.99837312        45.09478      0.54718875       6.8778043        3.473861       10.728805       10.926546        17.649576        94.24316       224.61953        37.26626       44.272027       115.06859      0.06604105        0.13954191        0.48263377      0.21628353        0.63544276       1.8556279       2830.9769      -4.0536566       -7.4480934         3.3944368       3592.2797                           2413.7115                 21.105338                    396.16                                            761.30281
              3       1792.0176      0.10733059       5.5191645       66.654265     0.022134131      0.11963059      0.04532708   2.0449376e-09      0.97262101       1.0014576      0.99933918      0.99803501       41.827246      0.44740979       7.1461556        3.792344       10.872263       11.139543        18.541716       98.238763       226.99477       32.149219       39.869962       116.30772     0.082313589        0.14430247        0.47807536      0.22730398        0.67741301       2.0211238       2831.8801      -4.5738771       -8.4130549         3.8391778       3593.1829                           2414.6147                 21.105338                    396.16                                            761.30281
              1       1786.1202      0.10620149       5.4845795       66.880923     0.022117298      0.11960303     0.044989323   2.0399585e-09      0.97203417        1.001463      0.99937735      0.99803014       41.390524      0.37613036       6.5799431       4.6691847       11.155991       11.328553        19.271162       99.943562       241.52001       33.536536       36.292467       115.54894     0.077410544        0.14058883         0.4788453      0.22927704        0.69958782       2.0755396        2819.185      -4.3409421       -8.1616527         3.8207106       3580.9223                           2401.8569                 21.124096                 396.20395                                            761.73732
              1       1786.7233      0.10620149       5.4845795       66.880923     0.022117298      0.11960303     0.044989323   2.0399585e-09      0.97203417        1.001463      0.99964459       0.9983112       44.162319      0.41352178       6.0012141       4.1227703       10.542399       11.483587        18.902049       98.471956       264.16555       34.959241       36.555669       113.24033      0.10750049        0.14852144         0.4851653      0.24708102        0.72528792         2.02753       2823.9909      -6.1407491       -9.1498665         3.0091174       3585.7282                           2406.6628                 21.124096                 396.20395                                            761.73732
              1       1786.5756      0.10620149       5.4845795       66.880923     0.022117298      0.11960303     0.044989323   2.0399585e-09      0.97203417        1.001463      0.99962947      0.99830539        44.45584      0.39438202       5.9338581       4.2169134       10.506957        11.35396        18.762907       98.171592       263.63216       34.793147       35.818808       112.68689       0.1095918        0.14811683        0.48641798      0.24634042         0.7242169       2.0184846       2823.8395      -6.2128083       -9.2155396         3.0027313       3585.5769                           2406.5115                 21.124096                 396.20395                                            761.73732
              1       1786.6256      0.10620149       5.4845795       66.880923     0.022117298      0.11960303     0.044989323   2.0399585e-09      0.97203417        1.001463      0.99929615       0.9983887       45.304514      0.33914789       6.0507801       3.8940722       9.4420233       11.938007         18.63013       96.889584       260.54238       33.618097       34.963098       111.91309      0.10281188        0.14095025        0.49325352      0.25452453        0.74329549       1.9900144       2822.9864      -5.7362425       -8.6764731         2.9402306       3584.7237                           2405.6583                 21.124096                 396.20395                                            761.73732
              2       1787.4789      0.10620149       5.4845795       66.880923     0.022117298      0.11960303     0.044989323   2.0399585e-09      0.97203417        1.001463       0.9986254      0.99855924       43.297788      0.35779857       7.7458473       1.2426867       10.580415       13.065681        21.076511       100.33705       226.41702       36.615701       42.394705       122.15803      0.14042511        0.16513521        0.51270928       0.2541787        0.72545531       1.9735396        2818.656      -2.7177368        -5.685668         2.9679312       3580.3933                            2401.328                 21.124096                 396.20395                                            761.73732
              2       1787.6392      0.10620149       5.4845795       66.880923     0.022117298      0.11960303     0.044989323   2.0399585e-09      0.97203417        1.001463      0.99861743      0.99854529       43.428649      0.31561571        7.740789       1.0611056       10.393575       13.367296        20.853378       100.03578        229.6173       35.467452       41.674094       122.19786       0.1390575        0.16054016        0.52108576      0.25191567        0.71688443        1.997004        2819.136      -2.7974949       -5.6802579         2.8827631       3580.8733                            2401.808                 21.124096                 396.20395                                            761.73732
              1       1787.9177      0.10620149       5.4845795       66.880923     0.022117298      0.11960303     0.044989323   2.0399585e-09      0.97203417        1.001463      0.99911823      0.99837093       44.007832      0.59294608       8.4080507       2.4027655        10.86257       13.875287        20.951905       98.732241       220.59107       35.496993       49.257888        122.7274      0.11182674         0.1479921        0.54586846       0.3159574        0.68816304       1.8952478       2816.8812      -1.3915467       -5.6532223         4.2616755       3578.6185                           2399.5531                 21.124096                 396.20395                                            761.73732
              1        1789.628      0.10620149       5.4845795       66.880923     0.022117298      0.11960303     0.044989323   2.0399585e-09      0.97203417        1.001463      0.99895082      0.99811272       45.283383      0.63973407        5.593539       4.1719501       13.037714       14.018564        20.262042       97.280394       253.71224       36.874202       42.157261       116.14974      0.10762603        0.13817433        0.55105744      0.32845815        0.66137478       1.8732574       2818.2005     -0.34086882       -3.0870906         2.7462217       3579.9378                           2400.8724                 21.124096                 396.20395                                            761.73732
              1       1789.1631      0.10620149       5.4845795       66.880923     0.022117298      0.11960303     0.044989323   2.0399585e-09      0.97203417        1.001463      0.99900517      0.99811212       45.941084      0.63897096       5.8073094       4.2175902       13.111895       14.273565        21.025783       97.806536       252.78565       36.236655       41.232219       114.57221      0.10536995        0.13600931        0.55387348      0.32286839        0.66452444       1.9386188       2816.8312     -0.12115791       -3.0317292         2.9105713       3578.5685                           2399.5031                 21.124096                 396.20395                                            761.73732
              1       1790.0184      0.10620149       5.4845795       66.880923     0.022117298      0.11960303     0.044989323   2.0399585e-09      0.97203417        1.001463      0.99868334      0.99732596       53.523596      0.53415801       5.4409124       3.7253009       13.626436        14.16039        18.739904       89.173156       263.33857       38.466461       38.886771        104.1283      0.12733258        0.13816722        0.58662691      0.28327914        0.77505501       2.2965399       2814.8165       1.7414824      -0.75325498         2.4947374       3576.5538                           2397.4884                 21.124096                 396.20395                                            761.73732
              1       1789.1087      0.10620149       5.4845795       66.880923     0.022117298      0.11960303     0.044989323   2.0399585e-09      0.97203417        1.001463      0.99880678      0.99812755       57.851649      0.66815987       6.0136609       3.3881277       13.365586       13.512824        20.823286       89.973489       258.46062       42.588045       42.195442        97.40234      0.10888107        0.15186434        0.55967075      0.29877542        0.80667659       2.4311099       2814.9566      0.76180723       -1.9401878         2.7019951       3576.6939                           2397.6285                 21.124096                 396.20395                                            761.73732
              1       1787.4423      0.10620149       5.4845795       66.880923     0.022117298      0.11960303     0.044989323   2.0399585e-09      0.97203417        1.001463      0.99898377      0.99762151       57.703915      0.33090805        4.944319       6.1962501       10.575765       12.118751        19.019386        87.32279       284.86778        38.66293       26.846794       91.355653     0.083187065         0.1772707        0.55121487      0.29396368        0.71346746       2.4925944        2816.593       -1.722846       -4.9196151          3.196769       3578.3303                           2399.2649                 21.124096                 396.20395                                            761.73732
              1       1787.9201      0.10620149       5.4845795       66.880923     0.022117298      0.11960303     0.044989323   2.0399585e-09      0.97203417        1.001463      0.99918713      0.99756831        58.26549      0.28554874        5.013001       4.9778326       10.744677       12.035619        18.224117       85.600336        291.8179       39.257114       28.004586       93.777432      0.11251879        0.18700253        0.55778064      0.28120672        0.70944902       2.5535844       2819.3967      -2.6469199       -5.3444953         2.6975753       3581.1341                           2402.0687                 21.124096                 396.20395                                            761.73732
              1       1786.7208      0.10620149       5.4845795       66.880923     0.022117298      0.11960303     0.044989323   2.0399585e-09      0.97203417        1.001463      0.99913537      0.99768379       59.464918      0.36157038       5.1176664       5.0246444       10.700856       12.128518        17.856771       84.302855       284.26536       38.513915       29.339288       92.886949      0.12034106        0.18012627        0.52620332      0.28177378        0.68916296       2.4709313       2818.3997      -3.3476924       -6.1311158         2.7834233        3580.137                           2401.0717                 21.124096                 396.20395                                            761.73732
              1       1785.4273      0.10620149       5.4845795       66.880923     0.022117298      0.11960303     0.044989323   2.0399585e-09      0.97203417        1.001463      0.99886465      0.99769793       56.751438      0.22112934       3.9927476        6.605687       10.652774       12.866469        15.810938       83.488808       290.61816       37.207977       28.173529       99.025207      0.13367174        0.18519147        0.56987898      0.27220824         0.6739152       2.3321139       2812.9776      -1.9301924       -4.6259997         2.6958074       3574.7149                           2395.6496                 21.124096                 396.20395                                            761.73732
              2       1785.6659      0.10620149       5.4845795       66.880923     0.022117298      0.11960303     0.044989323   2.0399585e-09      0.97203417        1.001463       0.9989053      0.99768482       57.657547      0.27264601       3.7940306       6.1630739       10.588762       12.598485        14.780911       81.642418       290.67365       38.461798       30.894866        98.75176      0.12582232        0.18801481        0.58002722       0.2696796        0.66631361       2.2634141       2813.8651      -2.1352587       -4.5679288         2.4326701       3575.6024                            2396.537                 21.124096                 396.20395                                            761.73732
              2        1785.235      0.10620149       5.4845795       66.880923     0.022117298      0.11960303     0.044989323   2.0399585e-09      0.97203417        1.001463      0.99890021      0.99772956       58.104761      0.27473995       4.1323025       5.7777445       10.566309       12.661795        15.228679       82.276018         287.382       39.134161       31.912998       98.271392      0.12402396        0.18779716        0.57392266      0.27119407        0.66044175        2.229793        2813.227      -2.2472148       -4.7285877         2.4813729       3574.9644                            2395.899                 21.124096                 396.20395                                            761.73732
              1       1785.6759      0.10620149       5.4845795       66.880923     0.022117298      0.11960303     0.044989323   2.0399585e-09      0.97203417        1.001463      0.99890459      0.99783125       59.411798      0.28134327       4.2012947       5.8313075       10.448129       12.428104         15.47298       81.971842       293.07757       38.814915       30.493092       95.004157      0.12983181        0.19042728        0.57367491       0.2763471        0.66958296       2.2403242       2814.2232       -2.304399       -4.8399012         2.5355021       3575.9605                           2396.8952                 21.124096                 396.20395                                            761.73732
              2       1785.5068      0.10620149       5.4845795       66.880923     0.022117298      0.11960303     0.044989323   2.0399585e-09      0.97203417        1.001463      0.99891455      0.99781124       59.349658      0.27326092       4.1386797       5.6670397        10.24428       11.993516         15.49282       82.151602       292.41907       39.567307       30.452635       95.458443      0.12557219        0.19006077        0.56125147      0.28147698        0.66972397       2.2630731       2814.7909      -2.7572887        -5.206957         2.4496684       3576.5283                           2397.4629                 21.124096                 396.20395                                            761.73732
              1       1785.7073      0.10620149       5.4845795       66.880923     0.022117298      0.11960303     0.044989323   2.0399585e-09      0.97203417        1.001463       0.9990468        0.997915       59.126689       0.2673812       3.8663339       6.0869842       10.110509       11.658883        15.661788       83.645907       294.17678       38.960422       28.498656       93.271274      0.12838398         0.1920396        0.56354178      0.27762323        0.67836693       2.3449812       2816.0682      -3.1954288       -5.6402122         2.4447834       3577.8056                           2398.7402                 21.124096                 396.20395                                            761.73732
              1        1785.618      0.10620149       5.4845795       66.880923     0.022117298      0.11960303     0.044989323   2.0399585e-09      0.97203417        1.001463       0.9989863      0.99794585       59.552119      0.27741221       3.6366772       6.3854867       9.9632265       11.831657        15.431297       83.195537       293.68852       39.079332       28.593606       92.699965      0.12217594          0.188832        0.55671302      0.27689232        0.67363172       2.3700904       2815.9598      -3.2305297       -5.6543326         2.4238029       3577.6971                           2398.6317                 21.124096                 396.20395                                            761.73732
              1       1785.7922      0.10620149       5.4845795       66.880923     0.022117298      0.11960303     0.044989323   2.0399585e-09      0.97203417        1.001463       0.9987882       0.9984708       49.558313      0.34644933       3.9331133       4.5415782       8.1812144       11.910468        18.979375       95.051966       278.45875       46.769959       33.666677       104.62586      0.14755238        0.13117652        0.53449143      0.28982778        0.67089329       2.3698916       2819.2283      -4.6905648       -6.8070627          2.116498       3580.9656                           2401.9002                 21.124096                 396.20395                                            761.73732
              2       1785.6332      0.10620149       5.4845795       66.880923     0.022117298      0.11960303     0.044989323   2.0399585e-09      0.97203417        1.001463      0.99904736      0.99870299       48.930793      0.31378164       4.1116881       4.4028589       8.2932591       11.731601        18.760568       94.902262        278.9779       46.340839       33.443129       107.09706      0.14459673        0.13188116        0.52777678      0.28697198        0.67269705       2.4178952       2819.8521      -5.1614824       -7.3009787         2.1394964       3581.5894                           2402.5241                 21.124096                 396.20395                                            761.73732
              1       1786.3799      0.10620149       5.4845795       66.880923     0.022117298      0.11960303     0.044989323   2.0399585e-09      0.97203417        1.001463      0.99889764      0.99877136       47.388945      0.36315072       3.9934395       4.6388127       8.0203213        11.77763        18.851994       96.309371       274.73044       46.043405       34.146528       108.49132      0.14369978        0.13263008        0.55546306      0.28251967        0.69122373       2.4822174       2819.6542      -4.3158874       -6.4632021         2.1473147       3581.3915                           2402.3261                 21.124096                 396.20395                                            761.73732
              2       1786.7554      0.10620149       5.4845795       66.880923     0.022117298      0.11960303     0.044989323   2.0399585e-09      0.97203417        1.001463      0.99875903       0.9988015        48.31169      0.28012789        3.567216       4.8124057       8.3676865       12.399881        18.778049         96.3387        269.7084       46.149312       32.140607       106.02029       0.1440353        0.12479929        0.54674715      0.27504765        0.68386947       2.4635406       2819.7114      -3.9689945       -6.0443398         2.0753453       3581.4487                           2402.3833                 21.124096                 396.20395                                            761.73732
              1       1786.4522      0.10620149       5.4845795       66.880923     0.022117298      0.11960303     0.044989323   2.0399585e-09      0.97203417        1.001463      0.99903533      0.99863847       44.367821      0.44213599       3.8863739       4.7362875       7.8006647       11.660702        18.700364       97.665439       259.17762       46.657062       37.859921       114.30541      0.14095309        0.11469356         0.5047789      0.25756624        0.67556726       2.3931467       2822.4911      -5.6619979       -7.7970781         2.1350802       3584.2284                           2405.1631                 21.124096                 396.20395                                            761.73732
              1       1786.6441      0.10620149       5.4845795       66.880923     0.022117298      0.11960303     0.044989323   2.0399585e-09      0.97203417        1.001463      0.99924906      0.99858208       49.390396      0.42111379       3.5447218       5.7494013       7.7734164       11.676603        20.518893       96.634199       258.90052       53.650613       34.897799       107.13913      0.13802827        0.12947412         0.5151852      0.23295161        0.70689735       2.3487854       2824.5448      -6.4969287       -8.7194836         2.2225549       3586.2822                           2407.2168                 21.124096                 396.20395                                            761.73732
              1         1786.58      0.10620149       5.4845795       66.880923     0.022117298      0.11960303     0.044989323   2.0399585e-09      0.97203417        1.001463      0.99926924      0.99858762       49.493254      0.42194887       3.5110192       5.7682657       7.8211404       11.657383        20.531781       96.663546        259.3472       53.587411       34.779799       106.85962      0.13801744        0.12980603        0.51555132      0.23246723        0.70799267        2.352606       2824.5093      -6.5432516       -8.7583916           2.21514       3586.2466                           2407.1812                 21.124096                 396.20395                                            761.73732
              1       1786.5583      0.10620149       5.4845795       66.880923     0.022117298      0.11960303     0.044989323   2.0399585e-09      0.97203417        1.001463      0.99927152      0.99858619       49.493583      0.41993954       3.5147533        5.785176        7.821632       11.656234        20.518272        96.65752       259.27688       53.503453       34.701265       106.80303      0.13807417        0.12983209        0.51513436      0.23229745        0.70746175       2.3497461       2824.4855      -6.5531077       -8.7730721         2.2199645       3586.2228                           2407.1575                 21.124096                 396.20395                                            761.73732
              2       1788.0042      0.10620149       5.4845795       66.880923     0.022117298      0.11960303     0.044989323   2.0399585e-09      0.97203417        1.001463      0.99897224       0.9985711       47.324831      0.40561045       4.0237617       7.9834589       7.5117727       10.472357        19.476031       96.269135       261.61938       48.463728       34.332591       109.66524      0.16406863        0.17164527        0.53308168      0.27190919        0.72910811       2.3505493       2820.7637      -3.2463072       -6.6094658         3.3631587        3582.501                           2403.4357                 21.124096                 396.20395                                            761.73732
              4       1788.0179      0.10620149       5.4845795       66.880923     0.022117298      0.11960303     0.044989323   2.0399585e-09      0.97203417        1.001463      0.99914112      0.99836883       48.138212      0.51585648       3.6168637       7.1800544       8.0110064       11.758742        20.583373        96.07338       283.80829       53.279393       37.335687       109.95364      0.14693429        0.16849518        0.58033993      0.24615067         0.7496681       2.4541978       2822.8232      -4.2623344       -6.9476819         2.6853476       3584.5605                           2405.4951                 21.124096                 396.20395                                            761.73732
              1       1787.4072      0.10620149       5.4845795       66.880923     0.022117298      0.11960303     0.044989323   2.0399585e-09      0.97203417        1.001463      0.99937548      0.99814354       49.849568      0.60463047       5.0490521        5.373344       7.2115694       11.299793        20.090415       93.104438        289.2255       56.906974       44.852371        112.1049      0.14619619        0.15906769        0.57552321      0.23234602        0.73240297       2.3978982        2823.361      -5.1419527       -8.0271112         2.8851586       3585.0983                           2406.0329                 21.124096                 396.20395                                            761.73732
              1       1787.4829      0.10620149       5.4845795       66.880923     0.022117298      0.11960303     0.044989323   2.0399585e-09      0.97203417        1.001463      0.99939354       0.9981889       49.691958      0.61003814       4.8313636       5.4646594       7.0342586       11.108284        19.956838       93.262438       292.03669       57.452699       44.763992       112.19405      0.14070975        0.15656126        0.57730107      0.23855479        0.72601688       2.3674586       2823.9056      -5.3385512       -8.1145382          2.775987       3585.6429                           2406.5775                 21.124096                 396.20395                                            761.73732
              1       1787.3593      0.10620149       5.4845795       66.880923     0.022117298      0.11960303     0.044989323   2.0399585e-09      0.97203417        1.001463      0.99941533      0.99822613       50.999065       0.5689309       5.0318081       5.6223137       6.6744388       11.311014        19.963571       92.196283       290.95197       55.053003       43.139083        110.0817      0.13715343        0.15762113        0.57083989      0.23705388        0.71133261       2.3346175       2823.3009      -5.1598313       -8.1449184         2.9850871       3585.0382                           2405.9728                 21.124096                 396.20395                                            761.73732
              1       1787.1711      0.10620149       5.4845795       66.880923     0.022117298      0.11960303     0.044989323   2.0399585e-09      0.97203417        1.001463      0.99933628      0.99777069       49.126214      0.67222396       5.5698463        5.354318       7.2033767        11.13119        20.219393       91.329786       266.57503       48.535432       39.226701       111.56055     0.083598118        0.14940321        0.55946864      0.27267796        0.77137096       2.3833238       2820.3193      -3.8572125       -7.1367324         3.2795199       3582.0566                           2402.9913                 21.124096                 396.20395                                            761.73732
              1       1787.1409      0.10620149       5.4845795       66.880923     0.022117298      0.11960303     0.044989323   2.0399585e-09      0.97203417        1.001463      0.99938332      0.99758242       43.095298      0.94758078       8.1659588       4.4590902       10.090457       11.562148        24.463694       99.777692       221.85145        50.04347        53.17531       122.47306      0.05334207        0.12795639        0.46260243      0.26068399         0.6481654       2.1706168       2815.9788      -1.7171585       -7.3121869         5.5950284       3577.7161                           2398.6507                 21.124096                 396.20395                                            761.73732
              1       1787.6948      0.10620149       5.4845795       66.880923     0.022117298      0.11960303     0.044989323   2.0399585e-09      0.97203417        1.001463      0.99958687       0.9973112       45.055471      0.93962899       5.6096024       6.5206004       10.063131       11.336629        21.815815       94.231636       234.39482       49.013397        44.99237       117.01988     0.055104026        0.13354346        0.49806253        0.271029        0.68602955       2.1876013       2820.2156      -3.2816435       -7.2965047         4.0148613        3581.953                           2402.8876                 21.124096                 396.20395                                            761.73732
              1       1787.3191      0.10620149       5.4845795       66.880923     0.022117298      0.11960303     0.044989323   2.0399585e-09      0.97203417        1.001463      0.99952636      0.99733441       45.155251      0.93966085       5.4805253        6.669954       9.8743696       10.989209        21.263496       93.673572       234.63922       49.198567       44.736805       116.56553     0.057134407        0.13311981        0.50645396      0.26652353        0.68555044       2.2152075       2819.8054      -3.4522648         -7.42922         3.9769553       3581.5427                           2402.4773                 21.124096                 396.20395                                            761.73732
              1       1787.1558      0.10620149       5.4845795       66.880923     0.022117298      0.11960303     0.044989323   2.0399585e-09      0.97203417        1.001463      0.99948824      0.99740356       44.602304       0.9643911       5.5409444       6.3875875       9.5231305        10.94487        21.219151       93.725261       232.86778       49.726162       46.311292       118.60002     0.066820393        0.13298881        0.50849423      0.26929264        0.69118803       2.1956939       2820.7298      -4.0777273       -7.9340638         3.8563366       3582.4671                           2403.4017                 21.124096                 396.20395                                            761.73732
              2       1787.4543      0.10620149       5.4845795       66.880923     0.022117298      0.11960303     0.044989323   2.0399585e-09      0.97203417        1.001463      0.99947115      0.99734303       44.706102       0.9689439       5.3171963       6.4382847        9.749124       10.547388        21.279068       94.268864       234.72418       51.970991       46.506331       118.22845     0.073756618        0.13588591        0.50034184      0.27365683        0.66922653       2.0462957         2821.94      -4.3843735       -8.0495201         3.6651466       3583.6773                           2404.6119                 21.124096                 396.20395                                            761.73732
              1       1787.1969      0.10620149       5.4845795       66.880923     0.022117298      0.11960303     0.044989323   2.0399585e-09      0.97203417        1.001463      0.99860802      0.99783957       40.974853      0.76391192        5.784032       4.8415509       11.842043       10.914009         21.73018       100.15709       213.78363       49.744573       44.461178       119.32283      0.11145685        0.11533571        0.47578256       0.2652134        0.75705469       2.1852748       2818.0718      -2.7076426       -5.8987065         3.1910639       3579.8091                           2400.7438                 21.124096                 396.20395                                            761.73732
              1       1788.0131      0.10620149       5.4845795       66.880923     0.022117298      0.11960303     0.044989323   2.0399585e-09      0.97203417        1.001463      0.99916972      0.99848735       47.244382      0.67353726       4.4263832       4.5837972       12.165188        11.13938        19.561966       95.864764       226.73253       50.208568       40.748497       110.67766      0.13150707        0.13121199        0.57625427      0.28915894        0.77597346       2.2937329       2821.0404      -3.3757425       -5.6539378         2.2781953       3582.7778                           2403.7124                 21.124096                 396.20395                                            761.73732
              1       1788.7755      0.10620149       5.4845795       66.880923     0.022117298      0.11960303     0.044989323   2.0399585e-09      0.97203417        1.001463      0.99927669      0.99842219       47.216386      0.70861225       3.7862322         5.72904        12.55379       11.062347        19.075252       95.035963       220.94734       49.608847       38.925988       107.88692      0.13783634        0.12049778        0.57247297      0.26226807        0.76032082       2.2154719       2823.4934      -3.8398505       -6.1479803         2.3081298       3585.2307                           2406.1653                 21.124096                 396.20395                                            761.73732
              2       1789.3937      0.10620149       5.4845795       66.880923     0.022117298      0.11960303     0.044989323   2.0399585e-09      0.97203417        1.001463      0.99905404      0.99871176        44.38595      0.67491091       3.7616816       4.8863067       12.532319       12.640465        21.609226       99.738053       217.09508       49.700141       38.472683       112.78651       0.1306624        0.12283803        0.58570236      0.22766739        0.71167751       2.1275127        2823.466      -3.2079333       -5.3351518         2.1272185       3585.2034                            2406.138                 21.124096                 396.20395                                            761.73732
              1       1788.9984      0.10620149       5.4845795       66.880923     0.022117298      0.11960303     0.044989323   2.0399585e-09      0.97203417        1.001463      0.99893272      0.99883098       44.792592       0.7310218       4.0616366       4.1191759       13.208909       13.582443        21.586727       99.550847       233.88086       51.763911       41.956727       114.62859      0.11570517        0.11868257        0.60111456      0.23342659        0.77311965       2.0825291       2817.6514     -0.69597204       -2.7829376         2.0869655       3579.3888                           2400.3234                 21.124096                 396.20395                                            761.73732
              1       1788.7942      0.10620149       5.4845795       66.880923     0.022117298      0.11960303     0.044989323   2.0399585e-09      0.97203417        1.001463      0.99895386       0.9987881       44.438884      0.74319575       4.0461263       4.0799281       13.185993       13.455666        21.280797       99.239038       234.30124       51.729693        42.61693       115.59156      0.11670222        0.11870518         0.5965081      0.23236675        0.76646871       2.0490024       2818.0979      -1.1234006       -3.2026374         2.0792368       3579.8352                           2400.7699                 21.124096                 396.20395                                            761.73732
              2       1788.3863      0.10620149       5.4845795       66.880923     0.022117298      0.11960303     0.044989323   2.0399585e-09      0.97203417        1.001463      0.99889359      0.99866869       43.386832      0.53147558       3.6229517       4.0078099       12.815135       13.221607        20.141204       99.753456       244.48081       50.389718       37.880106       115.00795      0.10868943        0.11861317        0.53305666      0.21647307        0.76224819       2.1237312       2820.0848       -2.524733       -4.5474361         2.0227031       3581.8222                           2402.7568                 21.124096                 396.20395                                            761.73732
              1       1787.9807      0.10620149       5.4845795       66.880923     0.022117298      0.11960303     0.044989323   2.0399585e-09      0.97203417        1.001463      0.99893235      0.99892621       43.870476      0.60736349       3.7131121       3.8896944       12.951907         13.2219        20.308058       99.861266       255.98733       52.225601       40.506657       115.58318      0.11028683        0.11731219        0.54850193      0.20530944        0.77700884       2.2208952       2817.5571       -1.666459       -3.6900845         2.0236256       3579.2944                            2400.229                 21.124096                 396.20395                                            761.73732
              2       1788.2143      0.10620149       5.4845795       66.880923     0.022117298      0.11960303     0.044989323   2.0399585e-09      0.97203417        1.001463       0.9988884      0.99883587       42.581997      0.68519094       4.2900738        3.748864       12.693106       14.150593        21.579802       101.37427       252.38359       51.381639       42.838355       117.70331      0.10808022        0.10633678        0.55656228       0.2044963        0.79671743       2.2012903       2816.1807     -0.74471288        -2.831082         2.0863691        3577.918                           2398.8526                 21.124096                 396.20395                                            761.73732
              1        1787.621      0.10620149       5.4845795       66.880923     0.022117298      0.11960303     0.044989323   2.0399585e-09      0.97203417        1.001463      0.99891306      0.99854851       40.782052       0.7447644       4.2543216       5.2913898       12.540524       14.014927         21.51722       102.59725       255.81139       50.490172       43.360391       117.10702      0.11017436        0.09571419        0.57519399      0.18998157         0.7961302       2.0742803       2815.0858      -0.7906071       -3.1832238         2.3926167       3576.8231                           2397.7578                 21.124096                 396.20395                                            761.73732
              1       1788.5473      0.10620149       5.4845795       66.880923     0.022117298      0.11960303     0.044989323   2.0399585e-09      0.97203417        1.001463      0.99879696      0.99841432       43.323325      0.72540842       4.4660768       6.1772847       14.143373       13.855315        21.536951       101.14789       240.83771       48.698615       40.834117       113.91039      0.10808312        0.11107414        0.53626484       0.2112806        0.80575738       1.9575351       2813.5928      0.88220857       -1.9473082         2.8295168       3575.3301                           2396.2647                 21.124096                 396.20395                                            761.73732
              1       1784.6663      0.10620149       5.4845795       66.880923     0.022117298      0.11960303     0.044989323   2.0399585e-09      0.97203417       1.0001496      0.99879217      0.99841975       43.149517      0.72535872       4.4692787       6.1782415       14.137075       13.843377        21.539486       101.01326       239.73056       48.515765       40.709281       113.64526      0.10801346        0.11141692        0.53623055      0.21190508        0.80588526       1.9565551        2806.175      0.71010793       -2.1219935         2.8321014       3567.9123                           2388.7128                 21.248729                 396.21344                                            761.73732
              2       1783.9019      0.10620149       5.4845795       66.880923     0.022117298      0.11960303     0.044989323   2.0399585e-09      0.97203417       1.0001496      0.99891929      0.99821777       49.523828      0.41630149       4.1925679       5.5024214       11.511116       10.469497        19.009597       95.122439       251.72868       50.474947       32.875309       104.09608      0.14725989        0.13630688        0.55073045      0.21951196        0.78586211       1.7618613       2814.9757      -4.4546405       -6.8803566          2.425716        3576.713                           2397.5135                 21.248729                 396.21344                                            761.73732
              1       1785.0859      0.10620149       5.4845795       66.880923     0.022117298      0.11960303     0.044989323   2.0399585e-09      0.97203417       1.0001496      0.99830457      0.99735661        46.21712       0.5912022       2.6670304       7.0788725       10.180099       12.123248        17.835448       91.991054       252.66208       53.308584       34.430079       107.25039      0.13328198        0.13681921         0.5532849      0.23845092         0.8160299        1.972426         2812.72      -2.1427229       -4.3496161         2.2068932       3574.4573                           2395.2578                 21.248729                 396.21344                                            761.73732
              1       1784.1574      0.10620149       5.4845795       66.880923     0.022117298      0.11960303     0.044989323   2.0399585e-09      0.97203417       1.0001496      0.99888407      0.99752693       46.834181      0.47883436       2.0374403       6.9164833       10.080901       11.235431        16.774506       91.055212       271.61435       55.154546       32.708952       104.88715      0.12912195        0.16185938        0.55226453      0.25604988        0.80758585       2.1018689       2815.0247      -4.2236558       -6.2666234         2.0429675       3576.7621                           2397.5626                 21.248729                 396.21344                                            761.73732
              3       1784.9332      0.10620149       5.4845795       66.880923     0.022117298      0.11960303     0.044989323   2.0399585e-09      0.97203417       1.0001496      0.99918187      0.99758175       48.640562      0.57095918       2.9679391       5.4637673       11.416164       12.459989         18.20004       90.726292       271.30825       57.531801       38.801797       105.71481      0.10847676        0.14958891        0.52681614      0.27442801        0.81903512       2.0823021        2816.139      -4.0049928       -6.0507444         2.0457516       3577.8763                           2398.6768                 21.248729                 396.21344                                            761.73732
              1       1784.5788      0.10620149       5.4845795       66.880923     0.022117298      0.11960303     0.044989323   2.0399585e-09      0.97203417       1.0001496      0.99888482      0.99768094       50.620077      0.62538408       3.2298633       4.3322089       9.7399785       13.464241         18.69186       90.621592       271.77375       58.457034       42.379534       106.01059      0.11277996         0.1574867        0.55064402      0.25874893        0.84754353       2.1353753       2813.4426      -3.0112134       -5.0287642         2.0175508         3575.18                           2395.9805                 21.248729                 396.21344                                            761.73732
              1        1784.823      0.10620149       5.4845795       66.880923     0.022117298      0.11960303     0.044989323   2.0399585e-09      0.97203417       1.0001496      0.99883971      0.99794701        46.50692      0.50527037       3.8368496       1.6246991       11.037355        13.47112        20.361091       96.216647       267.33623       60.833853       45.443276       115.89235      0.13846883        0.15513613        0.68811355      0.25043585        0.84350402       2.2486768       2807.5415      0.18359412       -2.0014502         2.1850443       3569.2788                           2390.0793                 21.248729                 396.21344                                            761.73732
              1       1785.1321      0.10620149       5.4845795       66.880923     0.022117298      0.11960303     0.044989323   2.0399585e-09      0.97203417       1.0001496      0.99883528      0.99792673       45.890602      0.53323734       4.0759848       1.5228512       11.191767       13.614337        20.516167       96.810442       263.47963       61.057147       47.334572       117.23169      0.14121469        0.15395187        0.68267116      0.25495024        0.84631915       2.2168689       2808.0125      0.25720411       -1.8780519          2.135256       3569.7498                           2390.5503                 21.248729                 396.21344                                            761.73732
              3       1783.7819      0.10620149       5.4845795       66.880923     0.022117298      0.11960303     0.044989323   2.0399585e-09      0.97203417       1.0001496      0.99868319      0.99740048       39.554168      0.33374485       4.3214151      0.76896241       11.041928       14.566879        21.629223       101.71721       268.11334        53.63771       44.655856          126.35      0.14520767        0.16606964        0.64539659      0.26622679        0.81358805       2.2721123       2803.7826       1.0219155       -1.1790057         2.2009211       3565.5199                           2386.3204                 21.248729                 396.21344                                            761.73732
              1       1782.6292      0.10620149       5.4845795       66.880923     0.022117298      0.11960303     0.044989323   2.0399585e-09      0.97203417       1.0001496      0.99891189      0.99695033       40.298082       0.2527051        4.954218       2.1543838       10.770085       12.859277        20.625127       98.192089       244.28978       49.907592       39.796727       122.41944      0.15797016        0.17120547        0.60032388      0.29097443        0.69531139       2.1834769        2806.868       -1.673452       -3.7097648         2.0363128       3568.6053                           2389.4058                 21.248729                 396.21344                                            761.73732
              1       1781.2965      0.10620149       5.4845795       66.880923     0.022117298      0.11960303     0.044989323   2.0399585e-09      0.97203417       1.0001496      0.99891793      0.99723845       37.946699      0.23416898       4.0474315       2.9181091       10.144042       12.287413        19.900398       98.940478       254.57014       46.415221       35.693879       124.93739      0.14328141        0.16007805        0.59436816       0.2958119        0.67098562       2.2430115       2807.4723      -3.3082813       -5.3264563         2.0181751       3569.2097                           2390.0102                 21.248729                 396.21344                                            761.73732
              1       1780.7756      0.10620149       5.4845795       66.880923     0.022117298      0.11960303     0.044989323   2.0399585e-09      0.97203417       1.0001496      0.99903066      0.99727779       38.699968      0.23943896       4.1523146       2.5398527       10.184667       12.288151        19.439079        97.70911       256.69964       46.842561        36.95604       125.27867      0.13661587        0.15945969        0.59454018      0.29305461        0.67371388       2.2790406       2807.2132      -3.6996819       -5.7227959          2.023114       3568.9505                           2389.7511                 21.248729                 396.21344                                            761.73732
              2       1780.7507      0.10620149       5.4845795       66.880923     0.022117298      0.11960303     0.044989323   2.0399585e-09      0.97203417       1.0001496      0.99903876      0.99727596       38.665907      0.23763242       4.1433159       2.5583616       10.193646       12.299564        19.464807       97.789463       257.05639        46.85419        36.94298       125.30225      0.13636602         0.1594387        0.59442447      0.29298916        0.67276352        2.278676       2807.1849      -3.7104549       -5.7334253         2.0229704       3568.9223                           2389.7228                 21.248729                 396.21344                                            761.73732
              1       1780.7895      0.10620149       5.4845795       66.880923     0.022117298      0.11960303     0.044989323   2.0399585e-09      0.97203417       1.0001496      0.99891951      0.99744493       38.748557      0.23817919       3.8244499       2.8451837       11.099196       12.461748        19.973927       99.103377       258.92668       46.667147       35.636952       123.41658       0.1344216        0.15946033        0.59549651      0.28213532         0.6998025        2.371544       2806.2289      -3.1936168       -5.2271105         2.0334936       3567.9662                           2388.7667                 21.248729                 396.21344                                            761.73732
              1       1782.4359      0.10620149       5.4845795       66.880923     0.022117298      0.11960303     0.044989323   2.0399585e-09      0.97203417       1.0001496      0.99881204      0.99740246        36.43965      0.11061948       4.6604893       2.0959788       11.858266       12.795013        20.226156       100.62903       243.53154       44.269205       34.369133       126.86464      0.12533814        0.15973657        0.56722918      0.28177011         0.6939572       2.4474017        2807.983      -2.4242342       -4.4419396         2.0177055       3569.7203                           2390.5208                 21.248729                 396.21344                                            761.73732
              1       1782.5354      0.10620149       5.4845795       66.880923     0.022117298      0.11960303     0.044989323   2.0399585e-09      0.97203417       1.0001496      0.99892114      0.99770236       38.026479     0.054662915        4.845425       2.0482588       11.753627       12.441316        20.036792       99.468642       242.98759       44.578975       33.395056       124.44857      0.12418686        0.17053426        0.60258429      0.27439426        0.70587541       2.4461181       2808.5216      -2.5940057       -4.6165879         2.0225822       3570.2589                           2391.0594                 21.248729                 396.21344                                            761.73732
              1       1782.9938      0.10620149       5.4845795       66.880923     0.022117298      0.11960303     0.044989323   2.0399585e-09      0.97203417       1.0001496      0.99895323      0.99760715       35.839268      0.06308078       3.6435282       2.8994549       11.332321       12.412837        18.043172       98.661704       258.01454       45.455377       33.362063       126.09722       0.1107842        0.15087586        0.55963143      0.22571641        0.77047489       2.4929935       2811.6933      -3.7215277       -5.7720944         2.0505668       3573.4306                           2394.2312                 21.248729                 396.21344                                            761.73732
              4       1781.3923      0.10620149       5.4845795       66.880923     0.022117298      0.11960303     0.044989323   2.0399585e-09      0.97203417       1.0001496      0.99908375      0.99778464       35.552309     0.052605649       4.3996209       2.8206857       11.529001       12.214902        19.179286       101.44597       257.17518       45.235174       34.329396       125.83258      0.11199447        0.14906428        0.54711961      0.22191494        0.77460471       2.5001948       2809.6832      -4.3179313       -6.3426853          2.024754       3571.4205                            2392.221                 21.248729                 396.21344                                            761.73732
              1       1780.7104      0.10620149       5.4845795       66.880923     0.022117298      0.11960303     0.044989323   2.0399585e-09      0.97203417       1.0001496       0.9991544      0.99780156       35.737449     0.063920002       4.8464977       2.8206912       11.834058       12.905183        20.549367        103.6252       256.18656       43.254419       33.607117        124.3142      0.10892638        0.14554454        0.55337045       0.2108246        0.75945295       2.4884902       2807.6728      -3.9946552       -6.0764178         2.0817627       3569.4101                           2390.2106                 21.248729                 396.21344                                            761.73732
              1       1780.7369      0.10620149       5.4845795       66.880923     0.022117298      0.11960303     0.044989323   2.0399585e-09      0.97203417       1.0001496       0.9991592      0.99779514       35.694605     0.062871668       4.8415425        2.819896       11.835876       12.909453        20.538394       103.62883        256.2904       43.230288       33.577468       124.35922      0.10866594        0.14539463        0.55319122      0.21136271        0.75909681       2.4906622       2807.7302      -3.9968199       -6.0775448         2.0807248       3569.4675                            2390.268                 21.248729                 396.21344                                            761.73732
              1       1780.6593      0.10620149       5.4845795       66.880923     0.022117298      0.11960303     0.044989323   2.0399585e-09      0.97203417       1.0001496      0.99923455      0.99802337       36.898146     0.083132078       5.1584764       2.5405047       12.143867       12.501006        20.099551       102.17427       254.51809       44.111299       34.987621       123.66632      0.10410378         0.1209513        0.54141474      0.21630855        0.73798406       2.5337742       2808.2988       -4.358759       -6.4693436         2.1105847       3570.0361                           2390.8366                 21.248729                 396.21344                                            761.73732
              1       1779.9623      0.10620149       5.4845795       66.880923     0.022117298      0.11960303     0.044989323   2.0399585e-09      0.97203417       1.0001496      0.99959354       0.9986081       38.800149      0.30515972       4.4698441       3.1700682       12.457451       11.860612         19.74191       101.33261       258.84539       48.970483       41.536718       124.96942       0.1449144        0.12942968        0.55385749      0.23444278        0.71475816        1.967296       2808.7059      -5.2593383       -7.3144106         2.0550723       3570.4432                           2391.2438                 21.248729                 396.21344                                            761.73732
              1       1779.6796      0.10620149       5.4845795       66.880923     0.022117298      0.11960303     0.044989323   2.0399585e-09      0.97203417       1.0001496      0.99961928      0.99834645        40.63681      0.47354345       3.9398733       3.2166613       12.110054       11.509006        19.098002       99.114066       268.36703       52.401232       44.910579       122.39707      0.14345714        0.11698414        0.51929643      0.20208885        0.69423217       1.9294138       2810.4205      -6.3993304       -8.4169045         2.0175741       3572.1578                           2392.9583                 21.248729                 396.21344                                            761.73732
              1       1782.7422      0.10620149       5.4845795       66.880923     0.022117298      0.11960303     0.044989323   2.0399585e-09      0.97203417       1.0001496       1.0001435      0.99870645       42.499293      0.75464556       3.1655371       3.3648133        11.74629       10.634166        18.485635       97.168702       286.44621       54.514876       47.034634       118.82334      0.11518181        0.13441754        0.65125096      0.22980577        0.65395518       1.9976709       2812.8271      -4.5400597        -6.621255         2.0811953       3574.5644                           2395.3649                 21.248729                 396.21344                                            761.73732
              1       1781.4256      0.10620149       5.4845795       66.880923     0.022117298      0.11960303     0.044989323   2.0399585e-09      0.97203417       1.0001496       1.0000766      0.99844215       38.466433      0.63598975       2.9002959        4.210019       11.244462       11.094837        18.683402       99.634781       285.84953       49.851345        42.27105       122.87577      0.14313195        0.13511677        0.63307563      0.22905358        0.66644387       2.0024583       2812.4536      -5.6698498       -7.7108373         2.0409875       3574.1909                           2394.9914                 21.248729                 396.21344                                            761.73732
              1       1780.6569      0.10620149       5.4845795       66.880923     0.022117298      0.11960303     0.044989323   2.0399585e-09      0.97203417       1.0001496       1.0001297      0.99840216       42.348315      0.47238035       3.4679403       3.5042871       10.866888       11.274885        19.230049       99.435864       291.14603       47.019128        38.46799       116.97721      0.14053428        0.12169248        0.66300319      0.22195883        0.64727866       2.0588025         2809.99      -5.2067085       -7.2353602         2.0286517       3571.7273                           2392.5278                 21.248729                 396.21344                                            761.73732
              1       1780.0953      0.10620149       5.4845795       66.880923     0.022117298      0.11960303     0.044989323   2.0399585e-09      0.97203417       1.0001496       1.0000955      0.99888254       43.026921      0.49952455       4.7286252       2.3646551       9.5672687       11.682881        21.573321       102.92333       276.09061       45.961143        39.47565        115.7602      0.12616933         0.1296708        0.61699451      0.26377276        0.73616501       2.1901115       2809.7881      -5.6673837       -7.6952285         2.0278448       3571.5254                           2392.3259                 21.248729                 396.21344                                            761.73732
              1        1779.883      0.10620149       5.4845795       66.880923     0.022117298      0.11960303     0.044989323   2.0399585e-09      0.97203417       1.0001496      0.99999605      0.99905746       44.625131      0.47724423       4.6773537        2.972626       8.4206026       10.867638        20.100354       100.68479       273.25843       43.705501       38.798663       113.79442      0.12509981         0.1369608        0.59864162      0.26243182        0.71211706       2.0179725       2810.0165      -5.9938811       -8.0622478         2.0683667       3571.7538                           2392.5543                 21.248729                 396.21344                                            761.73732
              1       1777.3973      0.10620149       5.4845795       66.880923     0.022117298      0.11960303     0.044989323   2.0399585e-09      0.97203417       1.0001496      0.99933018      0.99857927       48.574394      0.36587838       6.2081891       2.3637478       8.1517462       12.231171        19.708498        95.74662       259.31658       39.049918       39.627054       109.65228      0.12933462        0.15686447        0.53449231      0.29128852        0.67104668       2.0721739       2804.3655      -5.6540875       -8.1062145          2.452127       3566.1028                           2386.9033                 21.248729                 396.21344                                            761.73732
              1       1777.1494      0.10620149       5.4845795       66.880923     0.022117298      0.11960303     0.044989323   2.0399585e-09      0.97203417       1.0001496      0.99908228      0.99848864        50.24896      0.31452565       6.3802952       2.1282084       8.7556999       13.247173        21.112546       97.188295       270.74349       40.466311       38.351005        106.6956      0.11623594        0.16253235        0.54973417      0.29952236        0.67203713       2.1224016       2801.0842      -4.2613989       -6.7259919         2.4645929       3562.8215                            2383.622                 21.248729                 396.21344                                            761.73732
              2       1777.6656      0.10620149       5.4845795       66.880923     0.022117298      0.11960303     0.044989323   2.0399585e-09      0.97203417       1.0001496      0.99913648      0.99832121       48.452853      0.35196779       6.9670081       1.9549364       9.5768385       13.425019        22.083727       98.903666       243.36555        38.26375       38.808338       109.25387     0.086804745         0.1613462        0.52591903      0.30191301        0.63055722       2.3135826         2800.33      -3.3680967       -6.1065075         2.7384108       3562.0673                           2382.8678                 21.248729                 396.21344                                            761.73732
              2       1778.4573      0.10620149       5.4845795       66.880923     0.022117298      0.11960303     0.044989323   2.0399585e-09      0.97203417       1.0001496      0.99906407      0.99810054       49.180593      0.43324817       7.6918113       1.4246451       9.4875621       12.136263        21.643936       96.965299       233.13419       38.211715       40.074029       109.30196     0.083701307        0.16652896        0.53789575      0.31995144        0.62723107       2.1998231       2801.5277      -3.1751809       -6.1875072         3.0123262        3563.265                           2384.0655                 21.248729                 396.21344                                            761.73732
              3       1778.1511      0.10620149       5.4845795       66.880923     0.022117298      0.11960303     0.044989323   2.0399585e-09      0.97203417       1.0001496      0.99907017      0.99815084       49.270179      0.42947607       7.7201848        1.402053       9.5865389        12.03786        21.556476       96.946916       233.61397       38.334027       40.483931       109.45923     0.084340513        0.16419265        0.53853187      0.31619628        0.62834233       2.2154247       2801.2243      -3.3296786       -6.3527563         3.0230776       3562.9616                           2383.7622                 21.248729                 396.21344                                            761.73732
              1       1779.1958      0.10620149       5.4845795       66.880923     0.022117298      0.11960303     0.044989323   2.0399585e-09      0.97203417       1.0001496      0.99919313      0.99866495       54.726621       0.2664086       7.2651332      0.65996304       9.2005838       11.420224        19.809509        91.68303       256.37025       40.793726       39.387871       105.60852     0.067092748        0.16411441        0.46460018       0.3578194        0.63837569       1.8952245       2802.5694      -2.9575519       -5.4057492         2.4481973       3564.3067                           2385.1072                 21.248729                 396.21344                                            761.73732
              2       1779.0899      0.10620149       5.4845795       66.880923     0.022117298      0.11960303     0.044989323   2.0399585e-09      0.97203417       1.0001496      0.99920666      0.99866148       54.602241      0.26820113       7.2907155      0.63472779       9.2187729       11.365224        19.808734       91.749282       256.29728       40.962823       39.636378       105.88479      0.06811427        0.16427547        0.46230647      0.35611171        0.63878035       1.8960867       2802.5994      -3.0784096       -5.5314764         2.4530668       3564.3367                           2385.1372                 21.248729                 396.21344                                            761.73732
              1       1779.7781      0.10620149       5.4845795       66.880923     0.022117298      0.11960303     0.044989323   2.0399585e-09      0.97203417       1.0001496      0.99946097      0.99878838       57.027482      0.41912959       7.1869475       1.2301662       7.6158788       11.662165        21.049024         91.6517       261.88659        44.09591       41.026984       100.07238     0.060634654         0.1580727        0.47482541       0.3250711        0.63309545       1.8683046       2805.2336      -3.7074006       -6.3042995         2.5968988       3566.9709                           2387.7714                 21.248729                 396.21344                                            761.73732
              2       1780.9074      0.10620149       5.4845795       66.880923     0.022117298      0.11960303     0.044989323   2.0399585e-09      0.97203417       1.0001496      0.99960048      0.99874674       55.852677      0.30632646       6.5216274       2.0118007       7.5532181       11.120116        20.597796       92.594369       268.12025       43.512948       37.574639       99.830021     0.052381095        0.15481376        0.48997736      0.33344405        0.63731504       1.9498053       2807.3969      -3.6597071       -6.1595524         2.4998453       3569.1342                           2389.9347                 21.248729                 396.21344                                            761.73732
              1       1775.7066      0.10746838       5.4142397       66.890757     0.022113174      0.11967238     0.044514598   2.0473371e-09      0.97220152       1.0001576       1.0001029      0.99865512       50.190042       0.6083674       5.0154351       1.9302734       8.0716165       10.990927        18.973235       92.637064       281.93906        50.10323       46.352922       110.01738     0.088852045        0.15460497        0.52441442      0.34082616        0.61642217       1.9475163       2800.3759      -5.3447872       -7.3738379         2.0290507       3562.1029                           2382.6259                 21.442993                 396.30701                                            761.72695
              1       1775.7126      0.10746838       5.4142397       66.890757     0.022113174      0.11967238     0.044514598   2.0473371e-09      0.97220152       1.0001576       1.0002032      0.99869003       49.034474      0.55492866       5.3433418       2.9641271       9.4311429       11.900605        18.919211        92.81103       280.15987       42.325079        41.76756       109.38546     0.098681016        0.16095367         0.5263822      0.34710839        0.60144887         1.85234        2798.825      -4.5633345       -6.8061119         2.2427773        3560.552                            2381.075                 21.442993                 396.30701                                            761.72695
              1       1775.7259      0.10746838       5.4142397       66.890757     0.022113174      0.11967238     0.044514598   2.0473371e-09      0.97220152       1.0001576       1.0001951      0.99871672       49.029278      0.55234673       5.3596345       2.8983161       9.4484868       11.920489        19.055719       93.053709       280.74481       42.534961       41.808295       109.44863      0.10005547        0.16114596        0.52471455      0.34696297         0.6019626       1.8514888        2798.866      -4.5706228       -6.8045967         2.2339739        3560.593                            2381.116                 21.442993                 396.30701                                            761.72695
              1       1775.6659      0.10746838       5.4142397       66.890757     0.022113174      0.11967238     0.044514598   2.0473371e-09      0.97220152       1.0001576       1.0002299      0.99869576       48.552818      0.55689049       6.1781492       2.6175655       9.2810993       10.817265        18.863709       93.362004       267.71346        42.96953       44.832939       110.97352      0.09950153        0.13213054        0.49914906      0.33105304        0.58503281       1.8897046       2800.1809      -5.2880423       -7.8064616         2.5184193       3561.9078                           2382.4309                 21.442993                 396.30701                                            761.72695
              1        1776.318      0.10746838       5.4142397       66.890757     0.022113174      0.11967238     0.044514598   2.0473371e-09      0.97220152       1.0001576       1.0003463      0.99844562       48.135668      0.45448629       6.3444308       1.4934934       8.7913805       10.532842        17.807345       92.604702       264.16821       40.735944       46.355027       116.58541     0.091874785        0.12300362         0.5907736      0.29618336         0.5465239        1.804342       2800.4679      -4.7794348       -7.0524987         2.2730639       3562.1948                           2382.7179                 21.442993                 396.30701                                            761.72695
              1       1777.0927      0.10746838       5.4142397       66.890757     0.022113174      0.11967238     0.044514598   2.0473371e-09      0.97220152       1.0001576      0.99980041      0.99876522       38.024217      0.52595666       6.3265764       1.0888489       10.032303       11.738397         21.95957       104.29085       246.99295       40.242357       48.568403       129.80102       0.0676717        0.10908472        0.60140556      0.27168147        0.58926234       2.0758864       2800.2636       -3.902544       -6.0828055         2.1802614       3561.9906                           2382.5136                 21.442993                 396.30701                                            761.72695
              1       1777.1021      0.10746838       5.4142397       66.890757     0.022113174      0.11967238     0.044514598   2.0473371e-09      0.97220152       1.0001576      0.99970944      0.99877698       38.675182      0.47688892       6.5465435       1.3067622       10.180818       11.903835        21.783739       103.69274       243.59738        38.75347       47.639658       128.85244     0.074555225         0.1084704        0.61174523      0.26533165        0.60564505       2.0962751       2800.2091       -3.865907       -6.1725699         2.3066629       3561.9361                           2382.4591                 21.442993                 396.30701                                            761.72695
              1       1777.3983      0.10746838       5.4142397       66.890757     0.022113174      0.11967238     0.044514598   2.0473371e-09      0.97220152       1.0005914      0.99974264       0.9987874       38.317429      0.47278756       6.3792742       1.6809204       10.284206       11.942498        21.594402       103.71913       243.75981       37.948008       46.569606        128.8871     0.072860861        0.10669713        0.61172507      0.26741531         0.6022558       2.0891016       2800.3204      -3.6253862       -5.9596811         2.3342949       3562.0474                           2382.6112                 21.398709                 396.31051                                            761.72695
              1       1777.4525      0.10746838       5.4142397       66.890757     0.022113174      0.11967238     0.044514598   2.0473371e-09      0.97220152       1.0005914      0.99973208      0.99878716       38.383924      0.47722854       6.3225079       1.7623655       10.295054       11.918237        21.516895       103.59004       243.56955       37.875269       46.472429       128.73063     0.072503579        0.10651786        0.61300347       0.2677792        0.60250893       2.0872595       2800.3462      -3.5840619       -5.9158729          2.331811       3562.0731                            2382.637                 21.398709                 396.31051                                            761.72695
              1       1777.4234      0.10746838       5.4142397       66.890757     0.022113174      0.11967238     0.044514598   2.0473371e-09      0.97220152       1.0005914        0.999699      0.99871953       37.776399      0.49017418       6.6312126       1.6334164       10.296674       11.975955        21.665941       104.11666       240.98412       37.939195       47.807295       130.26502     0.071207514        0.10622844        0.60856126       0.2628859        0.58971242       2.0671747       2800.0783      -3.4791801       -5.9148424         2.4356622       3561.8052                           2382.3691                 21.398709                 396.31051                                            761.72695
              1       1777.8092      0.10746838       5.4142397       66.890757     0.022113174      0.11967238     0.044514598   2.0473371e-09      0.97220152       1.0005914      0.99969438       0.9987507       37.649718       0.4821225       6.7063515       1.5439142       10.197517       12.004829        21.808359       104.49989       240.88207       37.786672        47.93875       130.59549     0.071262956        0.10691663        0.61202597      0.26615505         0.5892935       2.0678447       2800.5817      -3.3450815       -5.7901602         2.4450786       3562.3086                           2382.8725                 21.398709                 396.31051                                            761.72695
              1       1778.0032      0.10746838       5.4142397       66.890757     0.022113174      0.11967238     0.044514598   2.0473371e-09      0.97220152       1.0005914      0.99982735      0.99892321       37.748312      0.45830932        7.127958       1.6118023       9.8861307       11.393573        21.328235        103.2521       229.85405       35.476264       47.397267       131.66377     0.061851954        0.11366981        0.59885152      0.26290286        0.60016958       2.0818483       2800.9723      -3.3464081         -6.05096         2.7045519       3562.6992                            2383.263                 21.398709                 396.31051                                            761.72695
              1       1778.7522      0.10746838       5.4142397       66.890757     0.022113174      0.11967238     0.044514598   2.0473371e-09      0.97220152       1.0005914      0.99991274      0.99898584       35.912538      0.51529039       6.6707234       1.6158941       10.529784       11.825676        21.722997       105.07118       234.91397       36.814254       48.349538       134.15983     0.051977909        0.11881344        0.60745278      0.26829292        0.61258355       2.1038074       2801.0995      -2.6609607       -5.1106675         2.4497069       3562.8264                           2383.3902                 21.398709                 396.31051                                            761.72695
              2       1781.6265      0.10746838       5.4142397       66.890757     0.022113174      0.11967238     0.044514598   2.0473371e-09      0.97220152       1.0005914       0.9998707      0.99908736       40.405062      0.27889943       4.3156153       4.5981032       9.0777985        12.67337        19.225722       100.29498       250.48625       32.575357       35.420797       122.67784     0.011760899        0.11610744        0.54684561      0.25786251        0.57602276        1.904257       2803.6409      -1.0574574       -3.2979172         2.2404597       3565.3678                           2385.9317                 21.398709                 396.31051                                            761.72695
              1       1777.9201      0.10746838       5.4142397       66.890757     0.022113174      0.11967238     0.044514598   2.0473371e-09      0.97220152       1.0005914      0.99953996       0.9985758       42.914828      0.11184825       4.7722754        3.712338       8.9141077       11.828979        17.911862       97.527287         240.795         33.3264       33.301209       121.00672     0.025390534        0.10759197        0.46860853      0.24805579        0.56384647       1.8851484       2800.3791      -3.1329659       -5.3402404         2.2072745       3562.1061                           2382.6699                 21.398709                 396.31051                                            761.72695
              1       1777.7042      0.10746838       5.4142397       66.890757     0.022113174      0.11967238     0.044514598   2.0473371e-09      0.97220152       1.0005914      0.99922083      0.99878104        47.01263     0.043655266       4.3930791       4.3595172       9.3973622       12.345617        17.305508         92.7597       233.15482       32.957877       27.561881       115.19735     0.061872626        0.12439897        0.52968197      0.23425053        0.55991619       1.8030314       2801.0625      -3.6905007       -5.9061749         2.2156741       3562.7894                           2383.3533                 21.398709                 396.31051                                            761.72695
              1       1778.1928      0.10746838       5.4142397       66.890757     0.022113174      0.11967238     0.044514598   2.0473371e-09      0.97220152       1.0005914       0.9996004      0.99830811       49.398163     0.026850319       5.2490065       4.1536099       9.6405104       11.828447        16.588306       90.543855       246.20452       30.621741       29.657874       109.70848     0.069876828        0.12699138        0.62083993      0.14001721        0.56782044       1.9061967       2801.4588      -3.4000964       -5.9351376         2.5350413       3563.1857                           2383.7495                 21.398709                 396.31051                                            761.72695
              1       1779.0308      0.10746838       5.4142397       66.890757     0.022113174      0.11967238     0.044514598   2.0473371e-09      0.97220152       1.0005914      0.99968262      0.99819371       47.725006      0.11767894       4.9384566       3.5947965       9.7452843        11.82238        17.179679       92.476229       254.53097       34.123477       33.191611       113.87101      0.05606374        0.10423674        0.64725016      0.12531245        0.54577899       2.0740307       2800.1852      -1.9252996       -4.1642572         2.2389576       3561.9122                            2382.476                 21.398709                 396.31051                                            761.72695
              1       1778.3459      0.10746838       5.4142397       66.890757     0.022113174      0.11967238     0.044514598   2.0473371e-09      0.97220152       1.0005914      0.99964759      0.99801937       49.119392      0.11853547       4.7267943       2.6223562       10.253843       11.883685         17.24791       91.530926       258.63054       38.092519       35.584967       114.27609     0.050242694        0.10973067         0.6141725      0.13486745        0.57195035       2.0655698       2801.0152      -3.0251509        -5.068787         2.0436362       3562.7422                            2383.306                 21.398709                 396.31051                                            761.72695
              2       1776.2875      0.10746838       5.4142397       66.890757     0.022113174      0.11967238     0.044514598   2.0473371e-09      0.97220152       1.0005914      0.99919578       0.9988956       51.838646      0.25757171       3.7336634       1.5461193       10.061209       9.4634894        14.861341       88.818264        276.1294       44.650694       39.466643       111.01757     0.092941334        0.12512689        0.61828638       0.1563956        0.57298203        2.245717       2796.3515      -2.7517306       -4.9870857         2.2353551       3558.0784                           2378.6423                 21.398709                 396.31051                                            761.72695
              1       1775.9884      0.10746838       5.4142397       66.890757     0.022113174      0.11967238     0.044514598   2.0473371e-09      0.97220152       1.0005914      0.99933747      0.99892653       51.670713      0.22655314       4.1727924       1.1407081        9.965627       9.0240384        14.407537       88.149231       272.82033        43.73126       40.211669       112.69747     0.091732784        0.12325562        0.60600382      0.15698359        0.58447073        2.291863       2796.5501      -3.1501374       -5.3250158         2.1748784        3558.277                           2378.8408                 21.398709                 396.31051                                            761.72695
              4       1779.1396      0.10746838       5.4142397       66.890757     0.022113174      0.11967238     0.044514598   2.0473371e-09      0.97220152       1.0005914      0.99923056      0.99932172        46.11389        0.356554         3.91341      0.78241712       10.779301       9.8468952        15.906707       94.543248       271.74958       44.784816       44.260758       120.87874     0.078272887        0.11873305        0.60710149      0.16009558         0.5587259       2.3988182       2798.4272     -0.93750002        -3.290193          2.352693       3560.1541                           2380.7179                 21.398709                 396.31051                                            761.72695
              1       1779.5002      0.10746838       5.4142397       66.890757     0.022113174      0.11967238     0.044514598   2.0473371e-09      0.97220152       1.0005914       0.9989194      0.99933537       43.532313      0.38995196       4.2615609      0.74905948       10.490416       9.9089896        17.154409       97.611532       255.16925       45.794003        45.68742       124.11628     0.079859828        0.11640697        0.62481445      0.15637794        0.54248972       2.4148545       2797.0701      0.10173968       -2.1232743          2.225014        3558.797                           2379.3608                 21.398709                 396.31051                                            761.72695
              1       1778.3106      0.10746838       5.4142397       66.890757     0.022113174      0.11967238     0.044514598   2.0473371e-09      0.97220152       1.0005914      0.99927132      0.99921451       37.716156      0.32168044       3.6563313       1.5323779       11.522419       11.262817        19.348468       104.48304       253.53123        42.91998        39.71409       125.91165     0.088667317        0.10922079        0.55433312      0.14503048         0.5411679        2.283903        2798.263      -1.6844023       -3.9510516         2.2666493       3559.9899                           2380.5538                 21.398709                 396.31051                                            761.72695
              2       1777.0039      0.10746838       5.4142397       66.890757     0.022113174      0.11967238     0.044514598   2.0473371e-09      0.97220152       1.0005914      0.99907806      0.99907813       40.028954      0.24429841       3.6694934       1.8534572       11.867512         11.7949        19.163362        102.6605       256.77585       40.930792        36.48351       120.99824     0.091797917        0.11600561        0.56475904      0.15886668        0.56785631       2.3283918       2796.1414      -1.9302758        -4.122931         2.1926552       3557.8683                           2378.4321                 21.398709                 396.31051                                            761.72695
              1       1775.8684      0.10746838       5.4142397       66.890757     0.022113174      0.11967238     0.044514598   2.0473371e-09      0.97220152       1.0005914      0.99906498      0.99888196        40.84113      0.14795519       3.7187002       1.9947618       11.860465       11.723786         19.29554        102.8056       253.18011       39.240953       34.574941       119.64721       0.1015285        0.11421083        0.52658507      0.16006491        0.59612724       2.3360924        2796.705      -3.3475309       -5.4994714         2.1519405       3558.4319                           2378.9958                 21.398709                 396.31051                                            761.72695
              2       1774.7535      0.10746838       5.4142397       66.890757     0.022113174      0.11967238     0.044514598   2.0473371e-09      0.97220152       1.0005914      0.99897284      0.99880275       41.987408      0.28646803       4.3230055      0.89122324         11.4922       10.248434        17.954411       99.252308       242.04482       43.076697       40.278085        121.6571     0.087424684       0.099790447        0.47890409        0.157747        0.62733669       2.2810398       2795.2345      -3.7272844       -5.9038772         2.1765928       3556.9615                           2377.5253                 21.398709                 396.31051                                            761.72695
              2       1775.1711      0.10746838       5.4142397       66.890757     0.022113174      0.11967238     0.044514598   2.0473371e-09      0.97220152       1.0005914      0.99907444      0.99889926       42.473547      0.23017844       4.3475987      0.97511091       11.760507        10.11998        18.131809       99.315555       246.19015       42.356655       38.343078       120.58463     0.087010861       0.096242502        0.47530948      0.15198335        0.62517857       2.3289079       2795.3776      -3.3812155        -5.535484         2.1542685       3557.1046                           2377.6684                 21.398709                 396.31051                                            761.72695
              4       1775.8427      0.10746838       5.4142397       66.890757     0.022113174      0.11967238     0.044514598   2.0473371e-09      0.97220152       1.0005914      0.99880888      0.99895848       46.078933      0.15564577       3.8298665      0.90202149       11.482884       10.435877        18.191056       98.051201       258.72533       45.562345        37.73958       117.96761     0.094319189       0.089372437        0.47185668       0.1409864        0.59836535       2.2649029       2794.5541      -2.2978337       -4.6543761         2.3565424       3556.2811                           2376.8449                 21.398709                 396.31051                                            761.72695
              1       1778.0017      0.10746838       5.4142397       66.890757     0.022113174      0.11967238     0.044514598   2.0473371e-09      0.97220152       1.0005914      0.99873287      0.99912861       46.206044     0.015845652       4.0486765       0.3632904       11.894925       9.9259461        18.879242       100.85936       263.09911       46.788626       36.662377       117.31695     0.060703676       0.087968681        0.45429506      0.16821603        0.62838518        2.234152       2795.8739     -0.79867196       -3.2089651         2.4102932       3557.6008                           2378.1646                 21.398709                 396.31051                                            761.72695
              3       1777.9845      0.10746838       5.4142397       66.890757     0.022113174      0.11967238     0.044514598   2.0473371e-09      0.97220152       1.0005914      0.99873865      0.99912282        46.27197     0.016446136       4.0340221      0.38897644       11.882623       9.9332356        18.837263       100.76393       263.44554       46.793035       36.638023       117.17858     0.060106291       0.087959864        0.45450112      0.16817033        0.62789405        2.235184       2795.8687     -0.81327653       -3.2229085          2.409632       3557.5956                           2378.1594                 21.398709                 396.31051                                            761.72695
              1       1775.5834      0.10746838       5.4142397       66.890757     0.022113174      0.11967238     0.044514598   2.0473371e-09      0.97220152       1.0005914      0.99926192      0.99903003       49.006211     0.028025405       4.7138299       0.2347398       11.737237       10.607811        19.411996       99.358536       272.08487       44.527457        35.59109       111.59071     0.064409046        0.09812997        0.41160022      0.16950535         0.6168059       2.1004405       2795.6771      -3.1185964       -5.3011019         2.1825056        3557.404                           2377.9678                 21.398709                 396.31051                                            761.72695
              2       1776.3362      0.10746838       5.4142397       66.890757     0.022113174      0.11967238     0.044514598   2.0473371e-09      0.97220152       1.0012119      0.99926418      0.99902747        49.08832     0.028048879       4.7123173      0.23428784       11.740212       10.613451        19.410798       99.422134        272.6079       44.613837       35.650064       111.71596     0.064441953       0.097968039        0.41161642      0.16921034        0.61674549       2.1009035       2797.0045      -3.0295683       -5.2126243         2.1830559       3558.7315                           2379.4011                 21.336455                   396.267                                            761.72695
              1       1776.7188      0.10746838       5.4142397       66.890757     0.022113174      0.11967238     0.044514598   2.0473371e-09      0.97220152       1.0012119      0.99923464      0.99904035       50.607017     0.023783203       4.2338997      0.39579165       12.119397       10.940169        19.600228       98.888221       276.17394       45.265789       33.679982       108.71705     0.072431279       0.096639173        0.41441269      0.16793256        0.60203392        2.134964       2796.8723      -2.5808612       -4.9000095         2.3191483       3558.5993                           2379.2689                 21.336455                   396.267                                            761.72695
              3       1777.0787      0.10746838       5.4142397       66.890757     0.022113174      0.11967238     0.044514598   2.0473371e-09      0.97220152       1.0012119      0.99926612      0.99907529       51.239384     0.031725846       4.0110428      0.56024708       12.291344       10.981924        19.625852       98.305053       278.44606        45.21954       32.761735       107.53205     0.070425413       0.097851126        0.41106558      0.17122068        0.60286779         2.15978       2797.0676      -2.3185507       -4.6894854         2.3709347       3558.7946                           2379.4642                 21.336455                   396.267                                            761.72695
              2       1776.2674      0.10746838       5.4142397       66.890757     0.022113174      0.11967238     0.044514598   2.0473371e-09      0.97220152       1.0012119      0.99930347      0.99893672       54.171694     0.067881619       4.0404311       1.1952593       12.423986       11.371241        18.565656       93.543376       278.25251       47.282182       34.243841       105.59142     0.078614578       0.094209046        0.43869354      0.16603626        0.58351736       2.1480646        2796.189      -2.6906273       -4.8962775         2.2056501        3557.916                           2378.5856                 21.336455                   396.267                                            761.72695
              1       1776.6706      0.10746838       5.4142397       66.890757     0.022113174      0.11967238     0.044514598   2.0473371e-09      0.97220152       1.0012119      0.99921238      0.99891772       54.113897     0.039457155       3.6054281       1.8984936       12.408217       11.279678        18.516901       93.896174       278.52294       45.996427       30.960543       103.62496     0.074609051       0.092053982        0.45848488      0.16275745        0.57028721       2.1306934       2796.0718      -2.2287931       -4.4329681         2.2041749       3557.7988                           2378.4684                 21.336455                   396.267                                            761.72695
              1       1775.6385      0.10746838       5.4142397       66.890757     0.022113174      0.11967238     0.044514598   2.0473371e-09      0.97220152       1.0012119      0.99938281      0.99880909       55.503739      0.06011734       5.2416805        2.839772       10.651135       11.893693        18.079203       89.786169       256.11244       36.733662        27.67673       102.01776      0.10071269       0.086870219        0.40879517      0.12022753        0.54880799       1.8382229       2796.2343      -3.3420784       -5.5252218         2.1831434       3557.9612                           2378.6308                 21.336455                   396.267                                            761.72695
              4       1777.5318      0.10746838       5.4142397       66.890757     0.022113174      0.11967238     0.044514598   2.0473371e-09      0.97220152       1.0012119      0.99963377      0.99871227       49.171106      0.14167501       6.7078731       4.8891488       8.7426246       9.4983395         17.81883       91.837482       246.14017       30.828023       29.596679       109.67532       0.1139564        0.07997108        0.52579453     0.096850593        0.67082015       2.4347224       2798.7045      -2.6839372       -6.7834754         4.0995381       3560.4314                            2381.101                 21.336455                   396.267                                            761.72695
              2       1777.8175      0.10746838       5.4142397       66.890757     0.022113174      0.11967238     0.044514598   2.0473371e-09      0.97220152       1.0012119      0.99956566      0.99865566         50.4216      0.11137597       6.7425632       4.5528749       8.1664999        9.554429        18.093545       92.102051       251.23515       30.259373       28.555244       107.87894      0.11083346       0.082507715         0.5425495     0.092898743        0.67768052       2.4773791       2799.2083      -2.6501135       -6.5630533         3.9129398       3560.9352                           2381.6048                 21.336455                   396.267                                            761.72695
              5       1777.3307      0.10746838       5.4142397       66.890757     0.022113174      0.11967238     0.044514598   2.0473371e-09      0.97220152       1.0012119        0.999434      0.99807883       46.999517      0.25877216       7.1075413       2.3229073       8.6599536       10.974758        20.809407        97.49884       262.86409       37.792681       37.097807       114.95058      0.13119901        0.11742694        0.46146785      0.06512706        0.70435587       2.3524079       2802.7681      -4.9168276       -7.9120342         2.9952065       3564.4951                           2385.1646                 21.336455                   396.267                                            761.72695
              1       1776.3847      0.10746838       5.4142397       66.890757     0.022113174      0.11967238     0.044514598   2.0473371e-09      0.97220152       1.0012119        0.999448      0.99833171       42.560255      0.26065338       6.8075667       1.9033377       8.1854402       9.7067119        22.603405       105.96306        266.3987       44.236112        38.19762       116.52633     0.099378572         0.1256977        0.43376075      0.11302687        0.64879201       2.1673548       2802.8446      -5.9010684         -8.52195         2.6208816       3564.5715                           2385.2411                 21.336455                   396.267                                            761.72695
              1       1776.6763      0.10746838       5.4142397       66.890757     0.022113174      0.11967238     0.044514598   2.0473371e-09      0.97220152       1.0012119      0.99936499      0.99781746       41.905615      0.30353418       7.3800347      0.56321929       9.8146797       10.212777        22.597883        105.1121       257.42316       47.243083       42.200313       119.97147     0.096056367        0.13224777        0.43250743       0.1087755        0.61937532       2.2441076       2802.5792      -5.4767657       -7.9523287          2.475563       3564.3062                           2384.9758                 21.336455                   396.267                                            761.72695
              1       1776.3846      0.10746838       5.4142397       66.890757     0.022113174      0.11967238     0.044514598   2.0473371e-09      0.97220152       1.0012119      0.99934802      0.99784169       40.398195      0.34292864       7.2144734      0.45484266       9.8115515       10.298618        22.814962       106.18623        258.0051       48.011418       43.404013       122.54103      0.10008879        0.13439202         0.4316126      0.11323842        0.61939915       2.2571366       2802.3995      -5.6786324       -8.0428501         2.3642177       3564.1264                            2384.796                 21.336455                   396.267                                            761.72695
              3       1775.1424      0.10746838       5.4142397       66.890757     0.022113174      0.11967238     0.044514598   2.0473371e-09      0.97220152       1.0012119      0.99925795      0.99773069        41.36859      0.12735064       7.2887567       0.4843017       10.005998       11.130474        21.869428       104.86739       255.17113       40.604958       38.478615       120.71001     0.080494077        0.13869067         0.4313657      0.16072672        0.61557936       2.3194616        2799.384      -5.4130661       -7.8196708         2.4066047        3561.111                           2381.7806                 21.336455                   396.267                                            761.72695
              2       1775.1806      0.10746838       5.4142397       66.890757     0.022113174      0.11967238     0.044514598   2.0473371e-09      0.97220152       1.0012119      0.99920973      0.99777358       40.223321     0.091625694       7.3323679      0.39108517       9.9975338       10.881223        21.365575        104.9704       256.04565       40.904493        38.83098       122.43927     0.083135738        0.13611639        0.43733218      0.15681154        0.63109411       2.3645177       2799.6371      -5.5014484       -7.9011918         2.3997434       3561.3641                           2382.0337                 21.336455                   396.267                                            761.72695
              1       1775.2706      0.10746838       5.4142397       66.890757     0.022113174      0.11967238     0.044514598   2.0473371e-09      0.97220152       1.0012119      0.99936622      0.99784069       39.136329      0.45682137       6.9891673       3.1483519       10.257833       11.470903        22.425149       106.21221       249.73542       40.471886       41.190807       118.34817     0.074246835        0.11768896        0.43276755      0.16232778        0.68981563       2.4060269         2798.01      -4.5979255       -7.9120735          3.314148        3559.737                           2380.4066                 21.336455                   396.267                                            761.72695
              2       1778.2716      0.10746838       5.4142397       66.890757     0.022113174      0.11967238     0.044514598   2.0473371e-09      0.97220152       1.0012119       1.0000767      0.99823651        38.10462      0.44732427       5.7643065       4.1030559       8.0830461       9.9350534        21.607223       106.15215       258.86295       41.082146       36.094974       116.97986      0.07060571         0.1368305        0.33699415      0.18120723        0.70030325       2.4832863       2805.0999      -5.1418494       -7.9726149         2.8307655       3566.8269                           2387.4965                 21.336455                   396.267                                            761.72695
              1       1779.5373      0.10746838       5.4142397       66.890757     0.022113174      0.11967238     0.044514598   2.0473371e-09      0.97220152       1.0012119       1.0003343      0.99855707       38.540943      0.42874324       5.9395416       4.4969657        7.938591       12.579014        24.247852       107.17048       247.00166       33.008033       30.054347       115.51643     0.073877372        0.13551661        0.41407586      0.16033116        0.59088014       2.0969104       2806.8068      -4.7296005       -7.8722675          3.142667       3568.5337                           2389.2033                 21.336455                   396.267                                            761.72695
              1       1782.7459      0.10746838       5.4142397       66.890757     0.022113174      0.11967238     0.044514598   2.0473371e-09      0.97220152       1.0012119      0.99895794      0.99824099       38.631489      0.29501309       6.0157145       3.8561018       9.5437779       14.682825        26.092002       108.02735       215.31616       34.059821       27.563307       117.18643     0.098016074        0.13270189        0.42555421     0.089905157        0.67154342       2.0034169       2808.0252      -2.1301609       -5.0282846         2.8981237       3569.7522                           2390.4218                 21.336455                   396.267                                            761.72695
              1       1782.6235      0.10746838       5.4142397       66.890757     0.022113174      0.11967238     0.044514598   2.0473371e-09      0.97220152       1.0012119      0.99916675      0.99841961       41.414018      0.29128686       6.2400838       3.9086023       10.465871       14.776577         26.00105       105.76302       224.79127        35.95625       27.765901       113.00649     0.093703723        0.13894494         0.3964606      0.10665449         0.6942155       1.8957094       2807.6411      -2.0604594       -5.1500176         3.0895582        3569.368                           2390.0376                 21.336455                   396.267                                            761.72695
              3        1781.432      0.10746838       5.4142397       66.890757     0.022113174      0.11967238     0.044514598   2.0473371e-09      0.97220152       1.0012119      0.99905708      0.99851453       41.881854      0.30425178       6.1109216       3.2442088       10.091263       14.597035        25.404554       104.93863       227.18225       37.917957       30.421771       114.28585     0.095548024        0.13547266        0.37641004      0.10925624          0.703466       1.8841167       2805.9464      -2.4046651       -5.1112301          2.706565       3567.6733                           2388.3429                 21.336455                   396.267                                            761.72695
              1       1781.7075      0.10746838       5.4142397       66.890757     0.022113174      0.11967238     0.044514598   2.0473371e-09      0.97220152       1.0012119      0.99918259      0.99858274       42.978973      0.24183145       5.3965439       3.6328471       10.207396       14.643939        24.858373       103.98997       237.14416       36.874311       26.960118       111.77238     0.099940918        0.12057029        0.38182876        0.093276        0.72506406       1.9209953       2806.7679      -2.5399379       -4.9829357         2.4429978       3568.4949                           2389.1644                 21.336455                   396.267                                            761.72695
              2       1780.9244      0.10746838       5.4142397       66.890757     0.022113174      0.11967238     0.044514598   2.0473371e-09      0.97220152       1.0012119      0.99909705      0.99843987       41.023655      0.21302955       5.5305556       3.5955403       9.9978753       14.758029        24.923545        104.8356       237.45948       36.933267       26.934273       115.24088      0.10672081        0.11428086        0.40632467     0.092860859        0.70884479       1.9170866       2805.4701      -2.6741286       -5.1733274         2.4991988       3567.1971                           2387.8667                 21.336455                   396.267                                            761.72695
              1       1780.7758      0.10746838       5.4142397       66.890757     0.022113174      0.11967238     0.044514598   2.0473371e-09      0.97220152       1.0012119      0.99899115      0.99883482       42.692048      0.11614296       5.4274871       3.2313643       9.8435042       13.929557        24.588328       105.27252       232.55358        39.11873       26.794274       114.20512      0.10374113        0.11577361        0.43309653     0.097258569        0.70985598        1.814756       2805.8777      -3.0264762       -5.3681317         2.3416555       3567.6046                           2388.2742                 21.336455                   396.267                                            761.72695
              1       1777.5149      0.10746838       5.4142397       66.890757     0.022113174      0.11967238     0.044514598   2.0473371e-09      0.97220152       1.0012119      0.99910562      0.99846515       40.348557     0.064435045       4.7434966       2.6197701       11.379797       13.098892        21.756091        105.5518       246.50147       43.323337       30.448487       115.98962     0.084892118         0.1069151        0.47907802      0.10914172        0.67469072       2.0494829       2800.6886      -3.6928322       -5.7383384         2.0455063       3562.4155                           2383.0851                 21.336455                   396.267                                            761.72695
              1       1775.8776      0.10746838       5.4142397       66.890757     0.022113174      0.11967238     0.044514598   2.0473371e-09      0.97220152       1.0012119      0.99915042       0.9980037        41.58623      0.31815087       4.2812059         3.16612       9.3149654       10.626095        18.804345       98.449476       231.22595        41.08673       35.242393       118.74878      0.10011768        0.14433208        0.48006477      0.13910023        0.63524316       1.8359094       2803.0184      -6.4951013        -8.527447         2.0323457       3564.7453                           2385.4149                 21.336455                   396.267                                            761.72695
              1       1775.8976      0.10746838       5.4142397       66.890757     0.022113174      0.11967238     0.044514598   2.0473371e-09      0.97220152       1.0012119      0.99887401      0.99783387       44.089024      0.30415348       3.2523008       4.8884132       9.1900518       9.3045793        15.268216       92.025281       238.64186       41.269446       34.180407       115.65059      0.12109895        0.10674534        0.47737918      0.13037394        0.68323104       1.8181157       2801.0221      -5.4768953       -7.5139226         2.0370273        3562.749                           2383.4186                 21.336455                   396.267                                            761.72695
              3       1775.8238      0.10746838       5.4142397       66.890757     0.022113174      0.11967238     0.044514598   2.0473371e-09      0.97220152       1.0012119      0.99889362      0.99777825       45.238201      0.29743466       3.2233495       4.9542944       9.0571422       9.3172589        15.114917       90.764201       239.92197       41.223401       33.319268       114.04289      0.11922851        0.10427421        0.46862175      0.12675846        0.67817157       1.8319998       2800.7211      -5.4001986       -7.4385338         2.0383353       3562.4481                           2383.1177                 21.336455                   396.267                                            761.72695
              1       1770.3917     0.091213673       4.9760224       67.345306     0.022099864      0.11982779      0.03858075   2.0304856e-09      0.97182009       1.0014188      0.99889564      0.99778456       45.323713      0.29701978       3.2192902       4.9460193       9.0605666       9.3050119        15.103968        90.75131       239.92553       41.396143       33.490049       114.16212      0.11879158        0.10479735        0.46805908      0.12797905        0.67949403       1.8330763       2788.9973      -5.3905016       -7.4278453         2.0373436       3551.5644                            2369.563                 21.498015                 397.93628                                            762.56708
              1       1771.8228     0.091213673       4.9760224       67.345306     0.022099864      0.11982779      0.03858075   2.0304856e-09      0.97182009       1.0014188      0.99856318      0.99794946       46.867956      0.34907157       3.8536631       1.4897666       9.4567214       10.852594        17.257284       91.730022       277.85429       49.517999       42.126224       122.05089       0.0681513       0.096560111        0.48491545      0.18384598        0.70921173       1.6760468       2788.7137      -3.8176265       -6.0241611         2.2065347       3551.2808                           2369.2794                 21.498015                 397.93628                                            762.56708
              1       1774.3936     0.091213673       4.9760224       67.345306     0.022099864      0.11982779      0.03858075   2.0304856e-09      0.97182009       1.0014188      0.99831605      0.99759325       43.138189      0.35391153       2.2363329       2.6376073       8.1668722       10.378679        15.891857       90.132783       295.56772       50.362111       39.001167       125.82409     0.067818563        0.10784902        0.47055372      0.20535321        0.72925504       1.8807066       2791.3661      -2.5729926       -5.1897859         2.6167933       3553.9332                           2371.9318                 21.498015                 397.93628                                            762.56708
              2       1774.2402     0.091213673       4.9760224       67.345306     0.022099864      0.11982779      0.03858075   2.0304856e-09      0.97182009       1.0014188      0.99873341      0.99755505       45.316437      0.46715708       2.3382732       2.7987289       8.7513815       9.3854663        15.175402       87.404792       286.43034       52.768837       40.405517       122.36644     0.028474038        0.10076299        0.47712004      0.22305442        0.68630735       1.8066352       2789.6727      -1.8796662       -4.3839838         2.5043175       3552.2398                           2370.2385                 21.498015                 397.93628                                            762.56708
              1       1770.8082     0.091213673       4.9760224       67.345306     0.022099864      0.11982779      0.03858075   2.0304856e-09      0.97182009       1.0014188      0.99924149      0.99807311       51.108491      0.43952601       5.4912325      0.55032835       7.2197156       7.4655685        14.098802       84.116341       266.94045       51.871996       48.171729       119.35383     0.094214657         0.1061094        0.61602108      0.22769831        0.67541285       1.9487031       2786.3181      -3.6343438       -5.6533833         2.0190396       3548.8852                           2366.8838                 21.498015                 397.93628                                            762.56708
              1       1771.1641     0.091213673       4.9760224       67.345306     0.022099864      0.11982779      0.03858075   2.0304856e-09      0.97182009       1.0014188       0.9992793       0.9980813       50.409787      0.44371415       5.3044397      0.90772299       7.4008073       7.2050248        13.756499        84.10249       264.21246       50.899993       47.486764       119.48774     0.096813796        0.10672698         0.6178654      0.23022981        0.68035986       1.9522371       2786.8215      -3.5301509       -5.5483163         2.0181653       3549.3886                           2367.3872                 21.498015                 397.93628                                            762.56708
              2       1768.5846     0.091213673       4.9760224       67.345306     0.022099864      0.11982779      0.03858075   2.0304856e-09      0.97182009       1.0014188      0.99920186      0.99861249       47.573681      0.79399866       6.1572606      0.45106552       8.9190432       8.3511557        17.407823       92.221813       241.13185       55.399243       57.528211       122.59236      0.12080855        0.18173414        0.50554246      0.31171401        0.61781072       2.1171963        2782.443      -3.9204344       -5.9737796         2.0533452       3545.0101                           2363.0087                 21.498015                 397.93628                                            762.56708
              3       1768.7979     0.091213673       4.9760224       67.345306     0.022099864      0.11982779      0.03858075   2.0304856e-09      0.97182009       1.0014188      0.99940168      0.99892843       49.398094      0.73090739       6.5763733     0.077701814       9.2066599       8.6922057        18.445897       92.533963       242.81839       54.177603       55.945071        120.1514      0.13277045        0.18279847        0.53801837      0.31728824         0.6860602       2.2935665       2782.4581      -3.7147407       -5.7995014         2.0847607       3545.0252                           2363.0238                 21.498015                 397.93628                                            762.56708
              1       1768.7814     0.091213673       4.9760224       67.345306     0.022099864      0.11982779      0.03858075   2.0304856e-09      0.97182009       1.0014188      0.99939896      0.99890895       49.324879      0.73225217       6.6066458    0.0022261759       9.2416248       8.7006339        18.504364        92.56525        242.0204       54.313762       56.131571       120.46674      0.13307268        0.18280164        0.53596157      0.31739948        0.68688676       2.2931583        2782.543      -3.7736112       -5.8551079         2.0814968       3545.1101                           2363.1087                 21.498015                 397.93628                                            762.56708
              1       1768.7937     0.091213673       4.9760224       67.345306     0.022099864      0.11982779      0.03858075   2.0304856e-09      0.97182009       1.0014188      0.99939493      0.99892551        49.33619      0.73393941       6.5423573      0.10578895        9.214652       8.7317533        18.453529       92.463644       242.93298       54.252287       55.849893       120.29813      0.13269158        0.18354983        0.53561301       0.3179754        0.68527551        2.290056       2782.4449      -3.7123012       -5.7938816         2.0815804        3545.012                           2363.0106                 21.498015                 397.93628                                            762.56708
              1       1768.6536     0.091213673       4.9760224       67.345306     0.022099864      0.11982779      0.03858075   2.0304856e-09      0.97182009       1.0014188      0.99951194       0.9988095       48.539043      0.68054389       6.3234098     0.015865291       9.4238515       8.7395853        18.524834       92.988687       245.23353        55.37036       55.137854       121.34283      0.13411466        0.18885296        0.51184982      0.32264279        0.67759201       2.2874606        2782.688       -3.973925       -6.0137589         2.0398339       3545.2551                           2363.2537                 21.498015                 397.93628                                            762.56708
              1       1769.7456     0.091213673       4.9760224       67.345306     0.022099864      0.11982779      0.03858075   2.0304856e-09      0.97182009       1.0014188      0.99905746      0.99888023       50.855272      0.70866899       5.9194012      0.66710546       9.6023828       8.6751134        17.509174       90.928606       234.27632       56.228454       55.061556       115.86248        0.128675        0.19403523        0.48182954      0.32920041        0.68912028       2.2280443       2782.2499      -2.6628437       -4.7030186         2.0401748       3544.8169                           2362.8156                 21.498015                 397.93628                                            762.56708
              1       1770.6167     0.091213673       4.9760224       67.345306     0.022099864      0.11982779      0.03858075   2.0304856e-09      0.97182009       1.0014188      0.99909218      0.99921255       52.272756      0.66775646       5.9394331      0.49764595       8.7934735       7.9215107        16.626046       90.064638        239.5261       58.658712       56.128488       114.42533      0.14960905        0.17550051        0.48298108       0.3094136        0.68140823        2.156645       2784.1287      -2.7312056       -4.7626864         2.0314808       3546.6958                           2364.6944                 21.498015                 397.93628                                            762.56708
              1       1770.7593     0.091213673       4.9760224       67.345306     0.022099864      0.11982779      0.03858075   2.0304856e-09      0.97182009       1.0014188       0.9990354      0.99920875       52.412835      0.67836866       6.0092037      0.30003897       8.8050057       7.9836441        16.584209        89.80706        238.9204       59.128915       56.385997       114.22518      0.14935198        0.17523774        0.48094493      0.31024364        0.69233846       2.1627708        2784.252      -2.6502891       -4.6773972          2.027108       3546.8191                           2364.8177                 21.498015                 397.93628                                            762.56708
              1        1772.964     0.091213673       4.9760224       67.345306     0.022099864      0.11982779      0.03858075   2.0304856e-09      0.97182009       1.0014188      0.99929519      0.99917931       41.145773      0.68530386       6.6344467      0.67440328       8.0432701       8.7982222        16.572679       95.068423        232.7913       51.296907       56.194566       131.17535      0.12414438         0.1381119        0.40511964       0.3334411         0.6330741       1.8064661        2790.488      -3.5635289       -5.7589895         2.1954605        3553.055                           2371.0537                 21.498015                 397.93628                                            762.56708
              1       1773.7241     0.091213673       4.9760224       67.345306     0.022099864      0.11982779      0.03858075   2.0304856e-09      0.97182009       1.0014188      0.99948016        0.999112       42.149743      0.66969751       5.7195022       1.5158183       9.1569193       8.3169459        15.151493       93.176131        236.3893       51.925764       53.590477        127.7382      0.10001906        0.13278559        0.41914053      0.34364182        0.62531522       1.7124747       2791.3752      -3.2470489        -5.340263         2.0932142       3553.9423                           2371.9409                 21.498015                 397.93628                                            762.56708
              1       1773.3181     0.091213673       4.9760224       67.345306     0.022099864      0.11982779      0.03858075   2.0304856e-09      0.97182009       1.0014188       0.9994483      0.99919914       42.181939      0.64355084        6.305651      0.68696466       9.8867077       8.6722511        16.164335       94.460654       234.93806       52.070098       55.314921       129.04057     0.087993046        0.12761869          0.390203      0.33380232        0.61789554       1.6998103       2789.6973      -2.8140589       -4.9220648         2.1080059       3552.2643                            2370.263                 21.498015                 397.93628                                            762.56708
              1       1772.3623     0.091213673       4.9760224       67.345306     0.022099864      0.11982779      0.03858075   2.0304856e-09      0.97182009       1.0004576      0.99927533      0.99906762        43.09231      0.65602832       5.6303025      0.45979491       9.5609945       9.9146767        17.084883       96.561574       248.21927       54.707337       54.472045       126.03462     0.070689802        0.11931691        0.31663328      0.32358997        0.59654471       1.8048461       2786.6329      -2.2376773       -4.2552841         2.0176067          3549.2                           2367.0847                 21.598862                 397.94933                                            762.56708
              2        1772.779     0.091213673       4.9760224       67.345306     0.022099864      0.11982779      0.03858075   2.0304856e-09      0.97182009       1.0004576      0.99922344      0.99908906       43.192129      0.70295304       5.7824382      0.49419865       9.3270252       9.7232732        16.757868        95.80035       244.88431       54.998426       55.740202       125.88073     0.070778317         0.1218096        0.30620534      0.32472084         0.5954486       1.8169526       2786.7284      -1.8687351       -3.8896507         2.0209155       3549.2955                           2367.1802                 21.598862                 397.94933                                            762.56708
              1       1772.4569     0.091213673       4.9760224       67.345306     0.022099864      0.11982779      0.03858075   2.0304856e-09      0.97182009       1.0004576       0.9991543      0.99895938       43.879003      0.70674986       5.6382996      0.74167523        9.306164       10.007782        16.096148       93.671265       240.19178       54.622962        55.75024       125.68837     0.068205574        0.11370949        0.31006671      0.30741144        0.58441819        1.793093       2786.6578      -2.1555591       -4.1769514         2.0213922       3549.2249                           2367.1096                 21.598862                 397.94933                                            762.56708
              2       1773.1236     0.091213673       4.9760224       67.345306     0.022099864      0.11982779      0.03858075   2.0304856e-09      0.97182009       1.0004576      0.99932982      0.99879129       39.357859      0.67619707       4.7982555       1.6839745         7.36939       9.1167881        15.500577       96.152725        251.0839       56.085457       55.921166       130.53785     0.077258193        0.11696162        0.29379922      0.29949379        0.61058026       1.8080741       2789.3919      -2.8559306        -4.874552         2.0186214        3551.959                           2369.8438                 21.598862                 397.94933                                            762.56708
              1       1772.5408     0.091213673       4.9760224       67.345306     0.022099864      0.11982779      0.03858075   2.0304856e-09      0.97182009       1.0004576      0.99889004      0.99852114       40.714362      0.57124148       5.9219962      0.05103103       7.4186898       10.196983        15.446952        92.69569       242.68006       53.506747       56.487746       133.35876     0.064712052        0.13520178        0.29706972      0.32306981        0.62778929       1.7708036       2786.3359      -1.9107096       -3.9282986          2.017589        3548.903                           2366.7877                 21.598862                 397.94933                                            762.56708
              1       1772.7991     0.091213673       4.9760224       67.345306     0.022099864      0.11982779      0.03858075   2.0304856e-09      0.97182009       1.0004576      0.99924598      0.99838914       43.076812       0.5997341        5.884002       0.9025992       8.7619425       10.690021        13.325241       87.415562       238.87031       53.171647        57.05115       131.19765      0.10102495        0.15465464        0.36182534      0.32037159        0.62374739       1.7848652       2792.1236      -4.5462272        -6.600861         2.0546338       3554.6907                           2372.5754                 21.598862                 397.94933                                            762.56708
              2       1772.8012     0.091213673       4.9760224       67.345306     0.022099864      0.11982779      0.03858075   2.0304856e-09      0.97182009       1.0004576      0.99922884      0.99840522       43.006298      0.59756771       5.8909981      0.89078699       8.7770285        10.74009        13.407153       87.610862       238.96913       53.189606       57.062745        131.2941      0.10226958        0.15425264        0.36168328      0.31895133        0.62536989       1.7843456       2792.1964      -4.5805162       -6.6350939         2.0545776       3554.7635                           2372.6482                 21.598862                 397.94933                                            762.56708
              1       1773.3135     0.091213673       4.9760224       67.345306     0.022099864      0.11982779      0.03858075   2.0304856e-09      0.97182009       1.0004576      0.99897756      0.99832368       42.341814      0.46619701       4.4592729        2.728482       10.325679       12.653456        15.794113       90.266661       257.24983       51.168189       46.860342        127.0727      0.10567046         0.1498877        0.40899856      0.32176635        0.63708807       2.0617528       2792.3149      -4.1274771       -6.1523613         2.0248842       3554.8819                           2372.7667                 21.598862                 397.94933                                            762.56708
              1       1773.3726     0.091213673       4.9760224       67.345306     0.022099864      0.11982779      0.03858075   2.0304856e-09      0.97182009       1.0004576       0.9989634      0.99822561       43.480613      0.55901258       3.7631922        2.945033       10.809782       12.150727        14.404749       87.202245       261.37464       53.930719       49.192391       127.47279      0.10779153        0.14631079        0.43329256      0.30064638        0.64076026       2.0989048       2793.3024      -4.5621779       -6.5955624         2.0333845       3555.8695                           2373.7542                 21.598862                 397.94933                                            762.56708
              1       1774.1803     0.091213673       4.9760224       67.345306     0.022099864      0.11982779      0.03858075   2.0304856e-09      0.97182009       1.0004576      0.99892499      0.99808331        43.55654      0.59885647       3.2613643        3.682162       10.783922       12.065142        13.497061       85.790357        263.8031       53.191918       48.018901       125.82122      0.10482708         0.1488873        0.44960087      0.31752572         0.6290909       2.0582484       2793.7388       -3.972611       -6.0101388         2.0375278       3556.3059                           2374.1906                 21.598862                 397.94933                                            762.56708
              1       1773.7217     0.091213673       4.9760224       67.345306     0.022099864      0.11982779      0.03858075   2.0304856e-09      0.97182009       1.0004576      0.99902455      0.99808967       45.758034       0.5125338       3.2170015       3.5292232       10.548566       11.625058        12.998661        84.05777       267.54146       52.735893       46.018958       122.89085      0.07848008        0.14039534        0.44704674      0.31677502        0.61669266       2.1022573       2792.4207      -3.7721993        -5.827432         2.0552328       3554.9878                           2372.8725                 21.598862                 397.94933                                            762.56708
              1       1773.7496     0.091213673       4.9760224       67.345306     0.022099864      0.11982779      0.03858075   2.0304856e-09      0.97182009       1.0004576      0.99898089      0.99799523       45.060177       0.4964945       3.2960367       3.4212389       10.191515         11.5858        12.821353       84.130849       264.29253       52.947471       46.334382       124.45103     0.086435537        0.13536306        0.44532649      0.31327232        0.62217691       2.1200802       2793.2543      -4.1610685       -6.2146299         2.0535614       3555.8214                           2373.7061                 21.598862                 397.94933                                            762.56708
              1       1771.7078     0.091213673       4.9760224       67.345306     0.022099864      0.11982779      0.03858075   2.0304856e-09      0.97182009       1.0004576      0.99915755      0.99835877       45.762215      0.52716905        2.171387       3.6649853       9.6677527       10.413429        12.293684       83.936329       266.77783       52.765315       42.230417       120.50716      0.09812722         0.1284879        0.46289843      0.29982943        0.61895304       2.1642075       2790.5804      -4.8659396       -7.1931213         2.3271817       3553.1474                           2371.0322                 21.598862                 397.94933                                            762.56708
              1       1772.5499     0.091213673       4.9760224       67.345306     0.022099864      0.11982779      0.03858075   2.0304856e-09      0.97182009       1.0004576      0.99933162      0.99850724       47.486978      0.55538648       3.0006069       4.0640201       9.0650478       10.001194        11.491748       81.336974       262.93508       50.497375       43.658522       117.31471      0.11278665        0.13521421        0.45598272      0.31798244        0.67803989       2.1180881       2793.3645      -5.4158546       -7.4558075         2.0399528       3555.9316                           2373.8163                 21.598862                 397.94933                                            762.56708
              1       1772.8719     0.091213673       4.9760224       67.345306     0.022099864      0.11982779      0.03858075   2.0304856e-09      0.97182009       1.0004576      0.99929405      0.99851408       46.642245       0.5514127       2.7532423       4.1416575       9.1930976       9.4887064        10.829191       81.531771       264.64016       51.707698       44.130723       118.22174      0.10880263        0.13127665        0.44705844      0.30853248        0.68457805       2.0802201       2793.6899      -5.2565519       -7.3245751         2.0680233        3556.257                           2374.1417                 21.598862                 397.94933                                            762.56708
              1        1772.642     0.091213673       4.9760224       67.345306     0.022099864      0.11982779      0.03858075   2.0304856e-09      0.97182009       1.0004576       0.9991682      0.99824638       45.840905      0.56589088       3.1445552       4.1575597       9.2106138       10.658698        12.426324       84.133606       263.85276       52.252072       45.111279       118.49424      0.11451406        0.12266298        0.37212892      0.28195736        0.65355787       2.0258585       2794.1196      -5.7013786       -7.7243081         2.0229295       3556.6867                           2374.5714                 21.598862                 397.94933                                            762.56708
              1       1772.0996     0.091213673       4.9760224       67.345306     0.022099864      0.11982779      0.03858075   2.0304856e-09      0.97182009       1.0004576      0.99924647      0.99823392       49.290444      0.54918536       3.1595916       3.4862207       9.5381771       10.303706        10.813894       80.594817        262.0295       52.422651       45.999688       115.47592      0.12591491        0.12901963        0.36834877      0.26173141        0.66090334       1.9319003       2793.1003      -5.7340892        -7.802673         2.0685838       3555.6674                           2373.5521                 21.598862                 397.94933                                            762.56708
              2       1771.9301     0.091213673       4.9760224       67.345306     0.022099864      0.11982779      0.03858075   2.0304856e-09      0.97182009       1.0004576      0.99928327      0.99824423       51.436298      0.55904084       4.2662738       4.1305247       9.5478542       10.085611        10.822794       77.503477       247.89747       45.497751       44.351363       114.56379      0.14208995        0.13680898        0.32757764      0.26179001        0.69535178       2.0396008       2791.3428      -5.0248241       -7.1602402         2.1354161       3553.9099                           2371.7947                 21.598862                 397.94933                                            762.56708
              1       1771.8091     0.091213673       4.9760224       67.345306     0.022099864      0.11982779      0.03858075   2.0304856e-09      0.97182009       1.0004576      0.99924616       0.9980452       49.160899       0.6861235        3.941855       4.5536526       9.3353209       10.472566        11.770024       79.320331       245.39096       44.271813       44.198294       116.26618      0.12629771        0.14024796        0.30190809      0.29208105        0.72348618       1.8736238       2789.8507      -4.3997247       -6.5201249         2.1204002       3552.4177                           2370.3025                 21.598862                 397.94933                                            762.56708
              1       1771.6324     0.090976172        4.981401       67.361885     0.022099119      0.11980733     0.038538534   2.0287979e-09      0.97188828       1.0004656      0.99927127      0.99802362        50.11324      0.64054862       4.2870438       5.1475777       9.4409856       11.928175        13.214594       80.131679       238.48147       41.786136       40.973694       113.41311      0.11486754        0.12950147        0.35707088      0.28121656        0.72234598       1.8883514       2791.1492      -5.2484251       -7.6151029         2.3666778       3553.7617                           2371.6671                 21.550517                 397.93157                                            762.61249
              1       1771.5573     0.090976172        4.981401       67.361885     0.022099119      0.11980733     0.038538534   2.0287979e-09      0.97188828       1.0004656      0.99939058      0.99798851       48.629923      0.64286832       4.4340235       5.2398627       9.5219426       12.032741        13.332206       81.153938       238.61783       39.972518       40.358642       114.87621      0.11148233        0.12886404        0.34740575      0.27897886        0.70751506       1.9234073        2791.043      -5.2704996       -7.7343425         2.4638429       3553.6555                           2371.5609                 21.550517                 397.93157                                            762.61249
              1       1770.0569     0.090976172        4.981401       67.361885     0.022099119      0.11980733     0.038538534   2.0287979e-09      0.97188828       1.0004656      0.99911304      0.99757572       44.853987       0.5627096       4.4648887         4.55327       9.0531762       11.439978        12.962667        83.34601       230.59194        40.19528       41.082104       119.54026       0.1007311        0.12705109        0.41265133      0.26303719        0.64460032       1.7805607       2788.3829      -5.4408341       -7.7265635         2.2857293       3550.9954                           2368.9009                 21.550517                 397.93157                                            762.61249
              1       1770.4187     0.090976172        4.981401       67.361885     0.022099119      0.11980733     0.038538534   2.0287979e-09      0.97188828       1.0004656       0.9994258        0.997585       45.303006      0.55295245       4.6332529       4.9741392       10.266826       11.282947        13.271502       83.002471       225.45097       38.524044       39.642542       116.99913      0.10056244        0.12415404        0.40886082      0.26340912        0.64735513       1.7542523       2789.3353        -5.55517       -8.0358739         2.4807039       3551.9478                           2369.8532                 21.550517                 397.93157                                            762.61249
              1       1770.9903     0.090976172        4.981401       67.361885     0.022099119      0.11980733     0.038538534   2.0287979e-09      0.97188828       1.0004656      0.99986804      0.99810089       47.254456      0.42616357       4.2797875       5.6221939       10.079602       11.289902        13.309614        83.27907       236.40908       35.446614       33.996619       110.20829       0.1131449        0.13316659          0.416119      0.24504854        0.57979436       1.9423608       2791.7059      -6.1688758       -8.6764285         2.5075526       3554.3184                           2372.2238                 21.550517                 397.93157                                            762.61249
              1       1771.2513     0.090976172        4.981401       67.361885     0.022099119      0.11980733     0.038538534   2.0287979e-09      0.97188828       1.0004656      0.99986764      0.99815756       46.829939      0.43528565       4.3870595       5.4256615       10.173292       11.411024        13.518503       83.761337       235.31386       35.344887       34.521624       110.94557      0.11399116        0.13396562        0.41778451      0.24794602        0.58063304       1.9274478       2792.1914      -6.1506119       -8.6499833         2.4993713       3554.8039                           2372.7093                 21.550517                 397.93157                                            762.61249
              1       1770.3545     0.090976172        4.981401       67.361885     0.022099119      0.11980733     0.038538534   2.0287979e-09      0.97188828       1.0004656       1.0000328      0.99819169        44.60807      0.47210667       4.3288469       5.0079786       10.544443       10.771921        13.380512       86.279873       241.29294       35.826077       36.355021       113.99678      0.11735852        0.12677144        0.43494728      0.22550498        0.58143289       1.9741823       2791.2063      -6.5548742       -8.9015921         2.3467178       3553.8188                           2371.7242                 21.550517                 397.93157                                            762.61249
              2       1770.8079     0.090976172        4.981401       67.361885     0.022099119      0.11980733     0.038538534   2.0287979e-09      0.97188828       1.0004656       1.0000316       0.9982457       44.357807      0.55143292       4.0671798       5.2171991       10.506321       10.568953        13.572752       86.259651       242.71261       38.091706       36.463743       113.64099      0.12251696        0.11811571        0.44035726      0.20906535        0.58197115       1.9992271       2792.3331      -6.6649451       -8.9574532         2.2925081       3554.9456                           2372.8511                 21.550517                 397.93157                                            762.61249
              1       1770.2673     0.090976172        4.981401       67.361885     0.022099119      0.11980733     0.038538534   2.0287979e-09      0.97188828       1.0004656      0.99986118      0.99799645       42.473732       0.7006238       3.7135494       5.2901203       9.8831732       9.4254123        13.195717       86.595696       242.23756       42.822195       40.011058       116.65299      0.11496212        0.10972859        0.43614995      0.20825742        0.58834871       2.0664425       2791.2267      -6.6522848       -8.8364539         2.1841691       3553.8392                           2371.7446                 21.550517                 397.93157                                            762.61249
              1       1771.4883     0.090976172        4.981401       67.361885     0.022099119      0.11980733     0.038538534   2.0287979e-09      0.97188828       1.0004656      0.99998101      0.99848345       39.349306      0.84556835       5.0009278       5.4582513       10.294879       8.9027494        15.263988       92.615015       222.31259       43.595441       45.798295        119.7933      0.13046555        0.10081149        0.48589401       0.1775461        0.54775605       2.0627428       2790.2654      -4.9506504        -7.839285         2.8886346       3552.8779                           2370.7833                 21.550517                 397.93157                                            762.61249
              2       1771.5528     0.090976172        4.981401       67.361885     0.022099119      0.11980733     0.038538534   2.0287979e-09      0.97188828       1.0004656      0.99969786      0.99858393        38.62902      0.59787738       6.8128318       5.0501119       10.142464       8.7597226        17.199743       96.115549        214.4461       40.906363        44.99887       122.14556      0.11811454         0.1035312        0.41397058      0.20667127        0.55230998       2.1295736       2787.3198       -3.413356       -7.7426175         4.3292615       3549.9323                           2367.8377                 21.550517                 397.93157                                            762.61249
              1       1771.4462     0.090976172        4.981401       67.361885     0.022099119      0.11980733     0.038538534   2.0287979e-09      0.97188828       1.0004656      0.99941836      0.99852614       40.334212      0.63597371        8.179401        3.221043       10.561145       9.0619359        18.136036       95.120916       220.00946       41.305738       47.840757       122.97453      0.10283616        0.12249358        0.41912381      0.22068768        0.56439391       2.1606286       2786.5708      -3.1454729       -7.7380247         4.5925518       3549.1833                           2367.0887                 21.550517                 397.93157                                            762.61249
              2       1773.5929     0.090976172        4.981401       67.361885     0.022099119      0.11980733     0.038538534   2.0287979e-09      0.97188828       1.0004656       0.9995639      0.99856514       38.498385      0.58402896       9.0673365         3.60235         10.7823       8.6120824        18.352848       96.541725       213.21624       37.924804       47.571392       124.45851      0.10880593         0.1228488        0.42873043       0.2159344        0.57367319       2.1202619        2788.092      -1.7593148       -7.8954003         6.1360855       3550.7045                           2368.6099                 21.550517                 397.93157                                            762.61249
              1       1775.9034     0.090976172        4.981401       67.361885     0.022099119      0.11980733     0.038538534   2.0287979e-09      0.97188828       1.0004656      0.99985269      0.99866023       42.368113      0.45506358       9.5618813       2.1124653       10.651781       8.4225039        17.088881       92.409294       220.79523       41.775121       47.775417       121.94188      0.10812302         0.1025356        0.50441196      0.19387572        0.54649395       1.9226032       2792.6549      -1.7302696       -7.2251228         5.4948532       3555.2674                           2373.1728                 21.550517                 397.93157                                            762.61249
              1       1776.5511     0.090976172        4.981401       67.361885     0.022099119      0.11980733     0.038538534   2.0287979e-09      0.97188828       1.0004656      0.99942785      0.99833728       47.934234      0.12440941       9.5980846       0.6452082       11.021251       8.9489442        14.705596         87.0698       227.75595       39.818035       44.907068       118.12147      0.12126497        0.10409979        0.54644315      0.23222672        0.56929891       2.1133958       2795.6174      -2.5637929       -6.9301143         4.3663214       3558.2299                           2376.1353                 21.550517                 397.93157                                            762.61249
              1       1774.3499     0.090976172        4.981401       67.361885     0.022099119      0.11980733     0.038538534   2.0287979e-09      0.97188828       1.0004656      0.99946587      0.99825611       45.808507    0.0030095892        8.787884      0.90014764       11.896719       9.3968199        15.106861        89.62751       224.00223       39.267722       41.722677       120.06351      0.12766594         0.1134563        0.52719514      0.21780612        0.58992383       2.1216597       2793.3837      -3.6481857       -7.3223988         3.6742131       3555.9962                           2373.9017                 21.550517                 397.93157                                            762.61249
              1       1773.6135     0.090976172        4.981401       67.361885     0.022099119      0.11980733     0.038538534   2.0287979e-09      0.97188828       1.0004656      0.99932906      0.99831005       45.730402     0.013485379       8.6785669      0.82998253       11.725273       9.5357948        15.219414       90.274514       225.35533       39.849464       41.932159       119.96459      0.12078681        0.10466425        0.51675334       0.2067541        0.60622513        2.137873       2792.2821        -3.83379       -7.3626418         3.5288518       3554.8946                              2372.8                 21.550517                 397.93157                                            762.61249
              1       1772.3106     0.090976172        4.981401       67.361885     0.022099119      0.11980733     0.038538534   2.0287979e-09      0.97188828       1.0004656       0.9995219      0.99811421       48.406931    0.0038019635       7.5912415      0.88462508       11.347764       8.9675422        12.215927       83.736509       241.26851       40.267754       41.046667       118.10478     0.092468723        0.11844426        0.50105295      0.24674117        0.65709415       1.9196838       2791.6672      -4.8291844       -7.5392473         2.7100629       3554.2797                           2372.1851                 21.550517                 397.93157                                            762.61249
              1       1773.0841     0.090976172        4.981401       67.361885     0.022099119      0.11980733     0.038538534   2.0287979e-09      0.97188828       1.0004656       0.9996673      0.99849843       48.604898     0.034718463        8.002705       1.5580303       11.778461       9.3030942        14.205947       87.297905       248.13189       39.255971       40.494504       116.77859     0.080448656        0.13427432        0.53845563      0.24081004        0.64493212       1.8335501       2791.0278      -3.7360658       -7.0670905         3.3310246       3553.6403                           2371.5458                 21.550517                 397.93157                                            762.61249
              3       1773.9139     0.090976172        4.981401       67.361885     0.022099119      0.11980733     0.038538534   2.0287979e-09      0.97188828       1.0004656      0.99919252      0.99785961        55.65829      0.15442254       7.6762981       2.5874774       9.7291824       8.1775982        12.907055       81.090112       263.67177       36.140638       35.051011       102.70364     0.078610737        0.15104688        0.49701832      0.24603825        0.65480287       2.1028345       2791.6988      -3.2417061        -6.861041         3.6193349       3554.3113                           2372.2167                 21.550517                 397.93157                                            762.61249
              2       1774.0019     0.090976172        4.981401       67.361885     0.022099119      0.11980733     0.038538534   2.0287979e-09      0.97188828       1.0004656      0.99933668       0.9978497       53.035792      0.13587771       7.6492095       2.7909099       9.5563567       7.7682849        12.835197       82.930433       266.19132       35.262828        34.60115       105.12512     0.091055898        0.14831538         0.4995491      0.22095424        0.65298228       2.1547625       2792.7131      -3.6608478       -7.3771194         3.7162716       3555.3256                            2373.231                 21.550517                 397.93157                                            762.61249
              1       1775.2414     0.090976172        4.981401       67.361885     0.022099119      0.11980733     0.038538534   2.0287979e-09      0.97188828       1.0004656      0.99959392      0.99749837       54.518329      0.12949674        7.446773       2.3405047       10.169336       8.1983323        11.821682        79.20494       272.66112       35.247918       34.227634        104.2841      0.10405157        0.16697272        0.50195666      0.23575851         0.6583856        2.212318       2795.3682      -3.7489422        -7.022786         3.2738438       3557.9807                           2375.8861                 21.550517                 397.93157                                            762.61249
              1       1775.9444     0.090976172        4.981401       67.361885     0.022099119      0.11980733     0.038538534   2.0287979e-09      0.97188828       1.0004656      0.99983044      0.99773152       56.123491     0.084451218       8.1659776       1.6136046       10.119379       8.0664139        11.717705       77.932186       271.20814       35.506256       35.806272       104.05109      0.11022325        0.16261409        0.51570344      0.20872994        0.60821705       2.1715089       2796.7707      -3.7471496       -7.2549109         3.5077613       3559.3831                           2377.2886                 21.550517                 397.93157                                            762.61249
              1       1779.8187     0.090976172        4.981401       67.361885     0.022099119      0.11980733     0.038538534   2.0287979e-09      0.97188828       1.0004656      0.99991569      0.99742348       59.411676      0.26309024       8.1679452       1.5414161       11.515653       7.9335948        15.195761       80.593832       255.17224       42.516493       38.413231        94.75012      0.11433913         0.1539276        0.50903267      0.17789753        0.58123152       2.1134455        2803.269       -3.122013        -6.590309          3.468296       3565.8815                           2383.7869                 21.550517                 397.93157                                            762.61249
              1       1778.8183     0.090976172        4.981401       67.361885     0.022099119      0.11980733     0.038538534   2.0287979e-09      0.97188828       1.0004656       0.9999302      0.99637691       57.023423      0.17824223       6.3258237       1.7248997       9.3551651       8.2088831        16.115169        81.47805       256.58877       43.072358       29.064741       99.431592     0.082769879        0.14678301        0.37546352      0.24632032         0.6025974       1.6938249       2799.2537      -2.1147776       -4.4381472         2.3233695       3561.8662                           2379.7716                 21.550517                 397.93157                                            762.61249
              5       1777.2309     0.090976172        4.981401       67.361885     0.022099119      0.11980733     0.038538534   2.0287979e-09      0.97188828       1.0004656        1.000152      0.99641294       54.462293     0.015909841       7.2627969      0.67118572       8.1744762       7.2706667        14.981166       81.730266       249.10865        41.56152       31.135691       105.70609     0.049038572        0.14083952        0.42084757      0.25657953        0.64415998       1.6992232       2793.6547     -0.90270634       -3.3532222         2.4505158       3556.2672                           2374.1726                 21.550517                 397.93157                                            762.61249
              1       1776.5906     0.090976172        4.981401       67.361885     0.022099119      0.11980733     0.038538534   2.0287979e-09      0.97188828       1.0004656       1.0002388      0.99646344       53.688992     0.010168844       7.7570992       0.1892048       8.6970949       7.5070404        15.783843       82.968135       246.70479       40.953184       31.795197       107.55628     0.052544526        0.14258687        0.42538348      0.26151394        0.67535436       1.7226951       2793.7156      -1.5734838       -4.1251176         2.5516338       3556.3281                           2374.2335                 21.550517                 397.93157                                            762.61249
              1         1775.67     0.090976172        4.981401       67.361885     0.022099119      0.11980733     0.038538534   2.0287979e-09      0.97188828       1.0004656       0.9998006      0.99681799       57.469706     0.086107093       6.5335534      0.99380682       8.5953853       7.9428613         15.73652       81.057705       259.04999       44.234949       31.058509       101.37844     0.058838054        0.14389408        0.44111104      0.25518956        0.72253087       1.7414221       2795.7432      -3.5078937       -5.7361515         2.2282578       3558.3557                           2376.2611                 21.550517                 397.93157                                            762.61249
              1       1774.2104     0.090976172        4.981401       67.361885     0.022099119      0.11980733     0.038538534   2.0287979e-09      0.97188828       1.0004656      0.99989878       0.9971467        54.42975     0.084908814       5.9388856      0.69295649       9.2123464       9.1125885        17.576668       86.796377       264.81831       44.056551        30.06161       103.08485     0.070528102        0.16796708        0.43777115      0.23647496        0.68298775       1.6535553       2796.8346      -5.5131356       -7.5575345         2.0443989        3559.447                           2377.3525                 21.550517                 397.93157                                            762.61249
              1       1774.3439     0.090976172        4.981401       67.361885     0.022099119      0.11980733     0.038538534   2.0287979e-09      0.97188828       1.0004656      0.99989074      0.99711607       54.260584     0.079273563       6.0242327      0.65917364       9.1891507       9.1739435        17.630558       86.882506       264.10039       43.675787       29.939723       103.23403     0.070637017        0.16915365        0.43953242      0.23818173        0.68564309       1.6528896       2796.9325       -5.428558       -7.4814821          2.052924        3559.545                           2377.4504                 21.550517                 397.93157                                            762.61249
              1       1773.8618     0.090976172        4.981401       67.361885     0.022099119      0.11980733     0.038538534   2.0287979e-09      0.97188828       1.0004656      0.99984885      0.99722937       54.511843     0.067322679       6.0318739      0.63412094       9.2675078       9.4113964        18.044839       87.563126       264.83867       43.165506       29.149013       102.45001     0.072176488        0.16821899        0.44011878      0.24231029        0.68243635       1.6455556       2796.6848      -5.7868402       -7.8386361         2.0517959       3559.2973                           2377.2027                 21.550517                 397.93157                                            762.61249
              1       1774.2331     0.090976172        4.981401       67.361885     0.022099119      0.11980733     0.038538534   2.0287979e-09      0.97188828       1.0004656       1.0000186      0.99729532        55.28407     0.084168702       6.3227937      0.79677841       9.5610349        9.428489        18.785649        88.66256       266.23758       42.859446       29.028097       100.26979     0.065864514        0.17023463          0.437923      0.24870278         0.7085976        1.749274       2797.1907      -5.6685462       -7.7970566         2.1285103       3559.8032                           2377.7086                 21.550517                 397.93157                                            762.61249
              1       1775.6043     0.090976172        4.981401       67.361885     0.022099119      0.11980733     0.038538534   2.0287979e-09      0.97188828       1.0004656       1.0003002        0.997095        52.87584      0.16898248       5.4871017       1.5518805       8.7114521       9.2827584        16.038475       85.787838       296.58105       49.105409       31.444995       104.77718     0.074736903        0.16179693        0.50041995      0.28661014        0.69800387       2.0368938       2799.0856      -5.2447486       -7.3006863         2.0559378       3561.6981                           2379.6035                 21.550517                 397.93157                                            762.61249
              2       1774.5839     0.090976172        4.981401       67.361885     0.022099119      0.11980733     0.038538534   2.0287979e-09      0.97188828       1.0004656      0.99970162      0.99703182       50.958141      0.19289736       5.0431929       1.5807746       9.0645501       9.5759122         16.73036       87.556534       290.19487        48.85602       32.482937       107.94206     0.053307765         0.1791786        0.45732534      0.30123317        0.69093572       2.0211332         2793.68      -3.5623187       -5.5811176         2.0187989       3556.2925                           2374.1979                 21.550517                 397.93157                                            762.61249
              1       1773.3483     0.090976172        4.981401       67.361885     0.022099119      0.11980733     0.038538534   2.0287979e-09      0.97188828       1.0004656      0.99939312      0.99731635       49.163869      0.14602651       6.0009655       2.1301756        8.121543       11.120588        18.883825       90.275292        267.8048       40.376478       28.859897       110.27728     0.058104464        0.17174174        0.54236444      0.23865775         0.6396684       1.7804809       2792.8216      -4.3687402       -6.6629897         2.2942495       3555.4341                           2373.3395                 21.550517                 397.93157                                            762.61249
              1       1773.3985     0.090976172        4.981401       67.361885     0.022099119      0.11980733     0.038538534   2.0287979e-09      0.97188828       1.0004656       0.9993985      0.99731476       49.223887      0.14500366       5.9767288        2.148627       8.0874541        11.11793        18.855532       90.194004       268.20337       40.366784       28.781305       110.17452     0.057868022        0.17192501        0.54185828      0.23928442        0.63907775       1.7768962       2792.8922      -4.3538563       -6.6430882         2.2892319       3555.5047                           2373.4101                 21.550517                 397.93157                                            762.61249
              1       1773.4599     0.090976172        4.981401       67.361885     0.022099119      0.11980733     0.038538534   2.0287979e-09      0.97188828       1.0004656       1.0000298       0.9973033       43.487444      0.33726922       5.6110891        2.134759       8.9184629       11.864844        21.546641       97.517014       277.71688       44.623765        34.33365       118.17263     0.061988418        0.17642011        0.56513239      0.23609843        0.64237273       1.8360378       2793.9775      -4.8351212       -6.9971255         2.1620042         3556.59                           2374.4954                 21.550517                 397.93157                                            762.61249
              1        1772.513     0.090976172        4.981401       67.361885     0.022099119      0.11980733     0.038538534   2.0287979e-09      0.97188828       1.0004656       1.0001622      0.99740068        42.51752      0.44189006       5.3353758       2.2158361       8.9464421       10.806756        19.947319       95.484507       280.45993       47.435534       38.831369       121.10623     0.059249102        0.17440721        0.56294595      0.22176709        0.60492694       1.8872712       2792.4022      -4.9943521       -7.0990473         2.1046952       3555.0147                           2372.9201                 21.550517                 397.93157                                            762.61249
              1       1772.5612     0.090976172        4.981401       67.361885     0.022099119      0.11980733     0.038538534   2.0287979e-09      0.97188828       1.0004656       1.0000832      0.99735663       43.236034      0.44630422       5.3982571       2.3165705        9.318788        11.13658        20.292538       95.043382       281.53877       47.887862       38.827349       120.04849     0.058000532        0.17221284        0.55853467      0.22052157        0.61030222       1.9102307       2792.4302      -4.9600832       -7.0950497         2.1349665       3555.0427                           2372.9481                 21.550517                 397.93157                                            762.61249
              1       1772.6278     0.090976172        4.981401       67.361885     0.022099119      0.11980733     0.038538534   2.0287979e-09      0.97188828       1.0009352       1.0000849      0.99735469       43.298167      0.44632198       5.3971125       2.3162285       9.3210394       11.140848        20.291632       95.091508       281.93455       47.953227       38.871976       120.14327     0.058025433         0.1720903        0.55854693      0.22029833         0.6102565       1.9105811       2792.4604      -4.9086441       -7.0432598         2.1346157       3555.0729                           2373.0225                 21.501555                 397.93628                                            762.61249
              2       1773.4957     0.090976172        4.981401       67.361885     0.022099119      0.11980733     0.038538534   2.0287979e-09      0.97188828       1.0009352       1.0004618      0.99717626       48.830435      0.22472191       6.9997148      0.58682493       9.0566373       11.438986        18.457779       88.230622       274.61766       43.996572       41.982219       120.67319     0.054558879        0.16625977        0.56126337      0.18792573        0.66971351       2.1064236       2793.4307      -4.5258837       -6.8338502         2.3079665       3556.0431                           2373.9928                 21.501555                 397.93628                                            762.61249
              1       1775.9314     0.090976172        4.981401       67.361885     0.022099119      0.11980733     0.038538534   2.0287979e-09      0.97188828       1.0009352       1.0012725      0.99766725       48.847352       0.4237168        6.478084      0.14033051       9.1484184       10.897816        18.936493       91.968977       282.01953       46.710361       45.246918       117.65135     0.039661995        0.16350811        0.54355502      0.19302172        0.75772698       1.9998923       2797.0049      -3.8772487       -5.9509416         2.0736929       3559.6174                            2377.567                 21.501555                 397.93628                                            762.61249
              1       1776.2284     0.090976172        4.981401       67.361885     0.022099119      0.11980733     0.038538534   2.0287979e-09      0.97188828       1.0009352       1.0013401      0.99743408       50.207707      0.41803586       6.2704968      0.47072408       9.4084876       11.468767        19.354948       91.749177       287.50486       46.535778       43.803496       114.79211     0.057389095         0.1777279        0.55030537      0.21705813        0.77272997       2.0218506       2796.8681      -3.5119437       -5.5854418         2.0734981       3559.4806                           2377.4303                 21.501555                 397.93628                                            762.61249
              1       1777.3999     0.090976172        4.981401       67.361885     0.022099119      0.11980733     0.038538534   2.0287979e-09      0.97188828       1.0009352       1.0011011      0.99769063       48.357336      0.64970179         6.56602        1.589516        10.00225       12.133373        20.812803       94.501408        281.7519       44.662025       44.215016       113.87414     0.058328235        0.17777777        0.62443855      0.22077774        0.79957938       2.1385006       2796.5296      -2.1711098       -4.5628158          2.391706       3559.1421                           2377.0917                 21.501555                 397.93628                                            762.61249
              3       1776.4328     0.090976172        4.981401       67.361885     0.022099119      0.11980733     0.038538534   2.0287979e-09      0.97188828       1.0009352       1.0012793      0.99805018       49.341402      0.62889942        3.015513       3.1480734       10.797361       10.404619         14.58307       85.008956       311.45567       47.786615       39.965056        113.4996     0.094763451        0.19300682        0.49095808      0.29892032        0.79885742       1.9243205       2796.1199      -2.9334547       -5.0805639         2.1471093       3558.7324                           2376.6821                 21.501555                 397.93628                                            762.61249
              1       1775.5985     0.090976172        4.981401       67.361885     0.022099119      0.11980733     0.038538534   2.0287979e-09      0.97188828       1.0009352        1.001134        0.998269       50.473743      0.59522342       3.1573294       2.9314323       10.691133       10.388246        14.731276       84.660864       306.90961       47.771609       39.468779       112.62504     0.098333304        0.19433529        0.49960703       0.3050878        0.78988321       1.9211912       2795.0091      -3.2122954       -5.3576688         2.1453734       3557.6216                           2375.5713                 21.501555                 397.93628                                            762.61249
              1       1775.7814     0.090976172        4.981401       67.361885     0.022099119      0.11980733     0.038538534   2.0287979e-09      0.97188828       1.0009352       1.0011637      0.99823888       50.338123      0.61402838       3.3827389       2.2430587       11.459636       10.817037        15.218047       85.058327       308.09992        50.03864       42.188635       114.57871      0.09463351        0.19893767        0.49217872      0.30525883        0.76115699       1.8586705       2794.3752      -2.7124597       -4.9190326         2.2065729       3556.9877                           2374.9374                 21.501555                 397.93628                                            762.61249
              1       1775.4039     0.090976172        4.981401       67.361885     0.022099119      0.11980733     0.038538534   2.0287979e-09      0.97188828       1.0009352       1.0010725      0.99832953       49.655487      0.61227559       3.4423506       2.2723059       11.444155       10.923048        15.549255       86.128003       308.51282       50.484571       42.301397       114.87374     0.096595922        0.20174931        0.48288549      0.30139586         0.7625085       1.8923166       2793.9951      -2.8998793       -5.0817729         2.1818936       3556.6076                           2374.5572                 21.501555                 397.93628                                            762.61249
              1       1774.6562     0.090976172        4.981401       67.361885     0.022099119      0.11980733     0.038538534   2.0287979e-09      0.97188828       1.0009352       1.0010964      0.99827174       48.173082      0.58682145       3.9996091       1.8517982       11.056578       11.935995        16.637172       88.308501       299.45925       50.027223       42.553397       116.63789     0.094990165        0.19451205        0.50980806      0.29010488         0.7328174       1.8725741       2794.2638      -3.7819095       -5.8861031         2.1041936       3556.8763                           2374.8259                 21.501555                 397.93628                                            762.61249
              1       1773.3602     0.090976172        4.981401       67.361885     0.022099119      0.11980733     0.038538534   2.0287979e-09      0.97188828      0.99980499        1.000846      0.99852939       47.277793      0.63474268       4.6160694       1.5829074       11.698871       12.136455        18.852984       91.699526       293.21222       49.663702       42.542081        117.0801     0.092026349          0.172582        0.52029977      0.26637732         0.7080274       1.7777845       2793.9693      -4.9306547       -6.9638925         2.0332378       3556.5817                           2374.4042                 21.620598                 397.94444                                            762.61249
              1       1773.3634     0.090976172        4.981401       67.361885     0.022099119      0.11980733     0.038538534   2.0287979e-09      0.97188828      0.99980499       1.0009423      0.99854961       48.337124      0.47499739       4.7434952        1.363769        12.34987       12.161686        18.650983       90.495863       290.51843       48.801768       40.539277       117.85117      0.11442265        0.16856286        0.51881844      0.24721003        0.69890003       1.8866746       2793.9194      -4.9025433       -6.9366948         2.0341516       3556.5319                           2374.3543                 21.620598                 397.94444                                            762.61249
              2       1772.4365     0.090976172        4.981401       67.361885     0.022099119      0.11980733     0.038538534   2.0287979e-09      0.97188828      0.99980499       1.0011703      0.99877275       45.732281      0.41585318       6.0784746      0.76863189       11.561793       11.603718        20.649385       96.339469       294.43833       47.333025       45.028508        121.1283      0.12697645        0.13992275         0.5232645       0.1909657        0.61425122       2.1932481       2792.8815      -5.3105338       -7.3829967         2.0724628        3555.494                           2373.3165                 21.620598                 397.94444                                            762.61249
              1        1772.863     0.090976172        4.981401       67.361885     0.022099119      0.11980733     0.038538534   2.0287979e-09      0.97188828      0.99980499       1.0012197      0.99868103       44.883277      0.39462015       6.2708461      0.63465291       11.619277       11.658399        20.341649       96.350254       292.71869       48.372665        46.40042       122.81017      0.13441979        0.13667492        0.53367236      0.19114703        0.61879814       2.2328098       2793.5147       -5.200583       -7.2939249         2.0933419       3556.1272                           2373.9497                 21.620598                 397.94444                                            762.61249
              1       1771.4686     0.090976172        4.981401       67.361885     0.022099119      0.11980733     0.038538534   2.0287979e-09      0.97188828      0.99980499       1.0008611      0.99906082        47.27531      0.20843447       6.4210627      0.46775605       10.847685       10.586496         20.71646       96.754195       257.77531       45.348356       36.258666        114.0054      0.13937911        0.11176107        0.48745234      0.18809939        0.58122769       2.1660942       2791.3584      -5.5168262            -7.62         2.1031738       3553.9709                           2371.7934                 21.620598                 397.94444                                            762.61249
              1       1770.3381     0.090976172        4.981401       67.361885     0.022099119      0.11980733     0.038538534   2.0287979e-09      0.97188828      0.99980499       1.0004677      0.99882587       47.027541       0.1796859       6.1117998       1.4991377       10.444172       9.8145358        18.174855        93.61045       260.09286       43.503485       35.188706       112.34306      0.12312335        0.10628961        0.42374952      0.18666584        0.59892486        2.143559       2790.9175      -6.4269328        -8.620114         2.1931812         3553.53                           2371.3525                 21.620598                 397.94444                                            762.61249
              3       1770.3767     0.090976172        4.981401       67.361885     0.022099119      0.11980733     0.038538534   2.0287979e-09      0.97188828      0.99980499        1.000467      0.99881894       47.038365      0.17808453       6.1147858         1.42102       10.452484          9.8311        18.136553       93.581734       260.05585       43.661619       35.395435       112.48517      0.12304565        0.10433067        0.42299882      0.18377081        0.59608084       2.1372807         2790.88      -6.3695665       -8.5485576         2.1789911       3553.4925                           2371.3149                 21.620598                 397.94444                                            762.61249
              1       1770.3732     0.090976172        4.981401       67.361885     0.022099119      0.11980733     0.038538534   2.0287979e-09      0.97188828      0.99980499       1.0004907       0.9988811       47.471388      0.16480295       6.2344576       1.3369773        10.28808       9.7904743        18.375353       93.862431        260.3004       43.473442       35.251034       111.92141      0.12029564        0.10365804        0.42798366      0.18289482         0.5927878       2.1264162       2790.6487      -6.2573339       -8.4573147         2.1999809       3553.2612                           2371.0836                 21.620598                 397.94444                                            762.61249
              1       1770.4152     0.090976172        4.981401       67.361885     0.022099119      0.11980733     0.038538534   2.0287979e-09      0.97188828      0.99980499       1.0005072      0.99887923       47.538895      0.16083884       6.2664977       1.2998128       10.354134       9.7817107        18.353496       93.778322       259.89886       43.372635       35.211386       111.91428      0.11970301        0.10348591        0.42570848      0.18317319        0.59289993       2.1189583       2790.6337      -6.2078541       -8.4106849         2.2028308       3553.2461                           2371.0686                 21.620598                 397.94444                                            762.61249
              1       1771.0129     0.090976172        4.981401       67.361885     0.022099119      0.11980733     0.038538534   2.0287979e-09      0.97188828       1.0010824       1.0005119      0.99887395        47.70794      0.16088717       6.2633836       1.2988823       10.360259       9.7933219        18.351031       93.909257       260.97566       43.550475         35.3328       112.17214      0.11977076        0.10315253        0.42574183      0.18256582        0.59277555       2.1199115         2791.64      -6.1133631        -8.314996         2.2016329       3554.2525                           2372.2111                 21.486339                 397.94262                                            762.61249
              1       1770.1726     0.090976172        4.981401       67.361885     0.022099119      0.11980733     0.038538534   2.0287979e-09      0.97188828       1.0010824       1.0004438      0.99863025       48.907905     0.089466675       5.7414252       1.5271684       9.7134855       9.7025039        16.798582       91.222156       269.63514       43.649486       33.945134       111.84472      0.10618403        0.09371562        0.42366768      0.17278013        0.56718135       2.0639213       2789.7446      -6.0059388       -8.1052929          2.099354       3552.3571                           2370.3157                 21.486339                 397.94262                                            762.61249
              1       1769.4289     0.090976172        4.981401       67.361885     0.022099119      0.11980733     0.038538534   2.0287979e-09      0.97188828       1.0010824         1.00024      0.99876768       50.216899     0.094558095       6.2828498       1.1547005        9.668162       11.268467        19.332483       94.831479        266.1082       41.883465       33.377922       109.28803      0.10700573       0.084629146        0.38343071      0.16341012        0.58167861       2.1359614       2787.3495      -5.5520867       -7.7315674         2.1794807       3549.9619                           2367.9205                 21.486339                 397.94262                                            762.61249
              1       1768.6904     0.090976172        4.981401       67.361885     0.022099119      0.11980733     0.038538534   2.0287979e-09      0.97188828       1.0009447       1.0003546      0.99865357       48.889125      0.18487546       6.7928198       0.1852572       9.6238135       11.410657        20.436659       97.525918       265.83565       46.383011       39.599635       112.69682       0.1115426       0.099460824          0.364541      0.18622898         0.5556502       2.0117054        2786.501      -5.8663775       -8.0180504         2.1516729       3549.1135                           2367.0641                 21.500567                 397.93628                                            762.61249
              3       1769.1394     0.090976172        4.981401       67.361885     0.022099119      0.11980733     0.038538534   2.0287979e-09      0.97188828       1.0009447       1.0004011      0.99858909       49.968902      0.18078536       6.6926967      0.24055592       9.7605163       11.309865        19.698806       96.072883       270.18981       46.677108       40.461906       111.18972      0.11817814       0.096625411        0.37486641      0.18852942        0.55501367        1.968333       2787.7198      -6.0267422       -8.1609167         2.1341745       3550.3323                           2368.2829                 21.500567                 397.93628                                            762.61249
              1       1769.3785     0.090976172        4.981401       67.361885     0.022099119      0.11980733     0.038538534   2.0287979e-09      0.97188828       1.0009447       1.0004636      0.99860313       50.699084      0.17315318       6.6447046      0.50536065       9.9681243        11.31389        19.313554       95.105404       268.62134       44.679386       39.131529       109.75975      0.12243665       0.097740247        0.36619005      0.17783267        0.55463168        1.930191        2787.684      -5.7697637       -7.9361702         2.1664065       3550.2965                           2368.2471                 21.500567                 397.93628                                            762.61249
              1       1769.3751     0.090976172        4.981401       67.361885     0.022099119      0.11980733     0.038538534   2.0287979e-09      0.97188828       1.0009447       1.0004628      0.99860245       50.700595      0.17355055       6.6423652       0.5058102       9.9696612       11.312604        19.309239       95.097061       268.57911       44.686303       39.135615       109.75766      0.12243949        0.09772646        0.36633492      0.17778721        0.55453925       1.9302666       2787.6793      -5.7707519         -7.93656         2.1658081       3550.2918                           2368.2424                 21.500567                 397.93628                                            762.61249
              2       1769.8764     0.090976172        4.981401       67.361885     0.022099119      0.11980733     0.038538534   2.0287979e-09      0.97188828       1.0009447       1.0003814      0.99843669       48.255057      0.16882947       6.8868111      0.40420975       9.7634442       11.729029        19.653651       96.260348       264.50931       43.893762       39.040207       113.71401       0.1393027        0.10436568        0.32579988      0.16661222         0.5392399       1.9287012       2787.4138      -5.1367311       -7.3597454         2.2230143       3550.0262                           2367.9769                 21.500567                 397.93628                                            762.61249
              2       1769.6753     0.090976172        4.981401       67.361885     0.022099119      0.11980733     0.038538534   2.0287979e-09      0.97188828       1.0009447       1.0003084      0.99846396       48.042299      0.14085188       6.8869253       0.1936291       9.6392114       11.747443        19.377826       96.020914       262.40305       43.711886       39.019967       114.46628       0.1401497         0.1049493        0.33478782      0.17019681        0.53736903       1.9185803       2787.4044      -5.3331026       -7.5136186          2.180516       3550.0169                           2367.9675                 21.500567                 397.93628                                            762.61249
              1       1769.4595     0.090976172        4.981401       67.361885     0.022099119      0.11980733     0.038538534   2.0287979e-09      0.97188828       1.0009447       1.0002773      0.99848913       48.291131      0.12478448       6.9625936      0.19911951       9.8339558       11.775088        19.406778       96.012142       261.14625       41.893442         38.1163       113.51443      0.13500072        0.10494482        0.33741059      0.18004908        0.54453873       1.9008614       2787.2664      -5.4799147        -7.685405         2.2054903       3549.8789                           2367.8295                 21.500567                 397.93628                                            762.61249
              1       1769.3488     0.090976172        4.981401       67.361885     0.022099119      0.11980733     0.038538534   2.0287979e-09      0.97188828       1.0009447       1.0000973      0.99817876       49.102043     0.039401928       5.3166077        1.211406       10.776804       11.066693        17.651952       92.848384       273.44653       47.222536       35.614117       110.96275      0.11904977         0.1009003        0.38053087      0.17179611        0.59041908       1.8043338       2789.1941      -6.5544962       -8.5746867         2.0201905       3551.8066                           2369.7573                 21.500567                 397.93628                                            762.61249
              1       1769.2669     0.090976172        4.981401       67.361885     0.022099119      0.11980733     0.038538534   2.0287979e-09      0.97188828       1.0009447      0.99986809       0.9981726       49.708256     0.066506961        5.547441      0.94796637       10.801785       11.537652        18.690574       94.125202       266.86849       48.126557       35.625484       109.78627      0.10424076        0.09765229         0.3840909      0.17176463        0.59116372        1.754595       2788.3446      -6.2115933       -8.2349715         2.0233782       3550.9571                           2368.9077                 21.500567                 397.93628                                            762.61249
              4       1769.9621     0.090976172        4.981401       67.361885     0.022099119      0.11980733     0.038538534   2.0287979e-09      0.97188828       1.0009447      0.99990014      0.99807522       47.470376      0.11012509       6.6361987      0.49957968       10.772652       11.441175        21.007045       99.513294       268.11448       48.957362       38.556306       111.58025      0.12605729        0.10461201        0.44897508      0.15341065        0.58318787       1.7318768       2790.5341      -6.6111725       -8.7740732         2.1629007       3553.1466                           2371.0973                 21.500567                 397.93628                                            762.61249
              1       1773.0447     0.090976172        4.981401       67.361885     0.022099119      0.11980733     0.038538534   2.0287979e-09      0.97188828       1.0009447      0.99980604      0.99840494       47.838735      0.16238469       7.4369185      0.92358948       9.4073947       9.9416312        20.372968       101.09969        264.9463       49.376485       42.206094       111.41448      0.12083793       0.094883567        0.51048961      0.14259413        0.50622425       1.6734263       2792.4088      -4.4659147       -7.0968024         2.6308877       3555.0212                           2372.9719                 21.500567                 397.93628                                            762.61249
              1       1774.9582     0.090976172        4.981401       67.361885     0.022099119      0.11980733     0.038538534   2.0287979e-09      0.97188828       1.0009447       1.0003935      0.99780626       49.115282      0.21052952       5.4655443       3.3439811       8.3345862       9.2182128         17.97747       95.005319       295.10628       50.781038       39.435818       112.29302      0.12975256        0.11438609        0.53672747      0.20274454        0.52569725       1.6273479       2798.7342      -5.7151369       -8.1050297         2.3898927       3561.3467                           2379.2974                 21.500567                 397.93628                                            762.61249
              1       1776.7574     0.090976172        4.981401       67.361885     0.022099119      0.11980733     0.038538534   2.0287979e-09      0.97188828       1.0009447       1.0003423      0.99701664       46.503816      0.23839779       5.7155106      0.76126337       6.3316936       10.031534        19.701589       95.878287       291.25987       55.518125       41.269065       119.88797        0.117684        0.10602279        0.53295541      0.19284203        0.50318531        1.565217       2798.6137      -3.8556837       -5.8823957          2.026712       3561.2262                           2379.1769                 21.500567                 397.93628                                            762.61249
              1       1776.6834     0.090976172        4.981401       67.361885     0.022099119      0.11980733     0.038538534   2.0287979e-09      0.97188828       1.0009447       1.0003894       0.9969975       47.430477      0.22841146       5.6793881      0.34427329       6.3320636       9.7596108        19.208799       94.905978       293.77224       56.596563       41.993596       119.34814      0.11691285        0.10500799        0.53534209      0.19268106        0.51830686       1.5762188       2798.8265      -4.0360924       -6.0539055         2.0178131        3561.439                           2379.3897                 21.500567                 397.93628                                            762.61249
              1       1776.1984     0.090976172        4.981401       67.361885     0.022099119      0.11980733     0.038538534   2.0287979e-09      0.97188828       1.0009447       1.0003482       0.9969983       47.964074       0.2211818       5.8266238      0.17083636       6.2487748       9.8396889         19.09399       94.299071        292.8205       56.178653       42.327898       119.01765      0.11678771        0.10668375        0.53479998      0.19174043        0.51396335       1.5658707       2797.6725      -3.9440418        -5.961595         2.0175532        3560.285                           2378.2356                 21.500567                 397.93628                                            762.61249
              1       1776.7022     0.090976172        4.981401       67.361885     0.022099119      0.11980733     0.038538534   2.0287979e-09      0.97188828       1.0009447        1.000334      0.99701236       48.138224      0.24937084        5.805174      0.32869308       6.3631097       9.7993176        19.346163       94.853892       284.20606        55.80671       42.391776        118.0589       0.1159751        0.10935959        0.55299126      0.18924313        0.51508659       1.5089828       2798.4719      -3.8399799       -5.8582909          2.018311       3561.0844                           2379.0351                 21.500567                 397.93628                                            762.61249
              1       1775.6931     0.090976172        4.981401       67.361885     0.022099119      0.11980733     0.038538534   2.0287979e-09      0.97188828       1.0009447       1.0000574      0.99683873       49.554989      0.38285734       4.7607077      0.86481077       6.8968167       9.8100253        16.580888       89.505987       283.88607       61.145064       46.087003       116.47612      0.11175878       0.095232588        0.57221998      0.19597748        0.59014358       1.7946303       2797.5006       -4.363426       -6.4385569         2.0751308       3560.1131                           2378.0637                 21.500567                 397.93628                                            762.61249
              1       1774.5928     0.090976172        4.981401       67.361885     0.022099119      0.11980733     0.038538534   2.0287979e-09      0.97188828       1.0009447      0.99979587      0.99731385       49.264414       0.4228676       4.5545553       1.1852152       5.8719713       10.458794        17.688068       91.823536       300.68907       60.372992       46.681754       117.87944      0.10004365       0.083028985        0.57327904      0.20057407        0.64695778       1.9100491       2796.3875      -4.9071658       -6.9833693         2.0762035            3559                           2376.9506                 21.500567                 397.93628                                            762.61249
              1       1773.5223     0.090976172        4.981401       67.361885     0.022099119      0.11980733     0.038538534   2.0287979e-09      0.97188828       1.0009447      0.99970517      0.99750281       49.449144      0.47890075       3.6508524       1.7268856       6.3250889       11.095531        17.874158       92.170115       301.74882       59.579869       43.417275       115.39029      0.11265384       0.084110916         0.5065717      0.17114391        0.66614988       1.8956845       2796.5434      -6.0556485       -8.2805138         2.2248653       3559.1559                           2377.1066                 21.500567                 397.93628                                            762.61249
              2       1773.1533     0.090976172        4.981401       67.361885     0.022099119      0.11980733     0.038538534   2.0287979e-09      0.97188828       1.0009447      0.99950104      0.99745673       51.301909      0.54647427       3.9967869      0.77565745       5.8020985       11.679382        19.348981       91.007364       296.93061       61.188924       44.430589       114.47846      0.12833952       0.093904008        0.53730443      0.17946728        0.67591382       1.9822365       2794.7654      -5.5356696       -7.8546923         2.3190227       3557.3779                           2375.3285                 21.500567                 397.93628                                            762.61249
              1       1774.9993     0.090976172        4.981401       67.361885     0.022099119      0.11980733     0.038538534   2.0287979e-09      0.97188828       1.0009447      0.99924623       0.9966448       49.800103      0.15453609       5.2638997       3.6440298       9.4388807       11.852226        18.851244        87.74803       279.31296       43.604846       29.186066       110.25384       0.1294965       0.084967101        0.51080963      0.20657022        0.66625539        2.035334       2795.1436      -3.8787991       -6.2622243         2.3834251       3557.7561                           2375.7068                 21.500567                 397.93628                                            762.61249
              1       1775.2743     0.090976172        4.981401       67.361885     0.022099119      0.11980733     0.038538534   2.0287979e-09      0.97188828       1.0009447      0.99929196      0.99651633       49.161986      0.11345285       5.1935104       4.4044578       8.7033012        11.40527        18.075789       87.444217       279.61093       41.015484       27.122447       109.33718      0.13892347       0.089291013        0.49252778        0.206729        0.65406292       1.9457149       2795.2179      -3.6408793       -6.2323343          2.591455       3557.8304                            2375.781                 21.500567                 397.93628                                            762.61249
              1       1773.8272     0.090976172        4.981401       67.361885     0.022099119      0.11980733     0.038538534   2.0287979e-09      0.97188828       1.0009447      0.99929807      0.99644232       47.078388      0.05496308       4.7648023       4.8182638       9.5492794       11.346523        17.964407       89.223917       273.71206       40.962095       25.931928       111.40505      0.14600027        0.11461396         0.4915263      0.22003012        0.70413096       2.0307973       2792.8738      -3.9159729       -6.4143601         2.4983872       3555.4863                            2373.437                 21.500567                 397.93628                                            762.61249
              1       1773.7576     0.090976172        4.981401       67.361885     0.022099119      0.11980733     0.038538534   2.0287979e-09      0.97188828       1.0009447      0.99929817      0.99642542       46.967858     0.052021222       4.8253183       4.7966188       9.5305818       11.393304        17.928105       89.180896       272.87412       40.804704       26.091929       111.62197      0.14482771        0.11455667        0.49501848      0.22059253         0.7041286       2.0312135       2792.5278      -3.8125476       -6.3358241         2.5232765       3555.1402                           2373.0909                 21.500567                 397.93628                                            762.61249
              1       1774.3294     0.090976172        4.981401       67.361885     0.022099119      0.11980733     0.038538534   2.0287979e-09      0.97188828       1.0009447      0.99982798      0.99657247       44.366251      0.10162689       4.5473933        6.138437       9.1741757       10.323942         16.98494       89.671293       277.78689       40.812115       25.598954       113.21515      0.11371617        0.11299012        0.49549497      0.22543023        0.65044201       1.7845459       2795.2398      -4.5967169       -7.4654611         2.8687442       3557.8522                           2375.8029                 21.500567                 397.93628                                            762.61249
              1       1775.0444     0.090976172        4.981401       67.361885     0.022099119      0.11980733     0.038538534   2.0287979e-09      0.97188828       1.0009447      0.99990331      0.99650667       47.073055     0.036531397       4.2653957       6.1878161       9.4233117       10.473215        16.093452       86.641593       285.11199       40.222341       23.763539       109.89964      0.11218084        0.10821103        0.47453037      0.21153505        0.62886253       1.7769628        2796.075      -4.2993425       -7.0022988         2.7029563       3558.6875                           2376.6382                 21.500567                 397.93628                                            762.61249
              1       1775.4003     0.090976172        4.981401       67.361885     0.022099119      0.11980733     0.038538534   2.0287979e-09      0.97188828       1.0009447      0.99978979      0.99643987       46.814882     0.010889788       4.6265722       6.0390319       9.2937421       10.478169        16.408888       86.848596       279.08822       39.698434       23.861238       110.58274      0.10161727         0.1010559        0.48505089      0.20144915        0.62815351       1.8063606       2795.2957      -3.5537918       -6.4344424         2.8806506       3557.9082                           2375.8589                 21.500567                 397.93628                                            762.61249
              1       1772.6231     0.090976172        4.981401       67.361885     0.022099119      0.11980733     0.038538534   2.0287979e-09      0.97188828       1.0009447       1.0001712      0.99671678        47.70428      0.16267783       7.6282676       1.0600175       7.7196934       10.991559        21.005497       92.345799       266.13108       44.144977       34.638467       117.81972      0.07981028        0.13673117        0.47447683      0.26940874        0.64012013        2.030628       2791.8697      -4.6179636       -7.4231297         2.8051661       3554.4822                           2372.4329                 21.500567                 397.93628                                            762.61249
              1       1769.7544     0.090976172        4.981401       67.361885     0.022099119      0.11980733     0.038538534   2.0287979e-09      0.97188828       1.0009447      0.99962504      0.99738259       49.935823      0.23139796       8.3827976      0.15018657       5.5723089       9.5114463        20.532324       92.532917       245.04487       46.704409       39.390332       115.37639      0.12327629        0.13530087        0.47510691      0.21924648        0.70255699       2.1341977       2788.2821      -5.6928518       -8.6273598          2.934508       3550.8946                           2368.8452                 21.500567                 397.93628                                            762.61249
              1       1772.8824     0.090976172        4.981401       67.361885     0.022099119      0.11980733     0.038538534   2.0287979e-09      0.97188828       1.0009447       1.0001413      0.99716862       47.980695      0.20623558       8.9254364      0.25029774       5.0021305       8.1353957         19.03988       90.924246       252.51906       42.031833       39.453077       118.56345      0.14935643        0.15736973        0.43500815      0.23103812        0.71240661       1.9764233        2790.331      -3.5893977       -7.0131108         3.4237131       3552.9435                           2370.8942                 21.500567                 397.93628                                            762.61249
              1       1772.8211     0.090976172        4.981401       67.361885     0.022099119      0.11980733     0.038538534   2.0287979e-09      0.97188828       1.0009447       1.0001061      0.99707749       48.356526      0.29923588       9.4619844      0.17556516       4.9436334       8.0376661        18.363168       89.350257        247.2286       42.422059       43.801808       119.67118      0.13979849        0.15144987        0.40186677      0.23816636        0.70528419       1.9635114       2788.5215      -2.7458925       -6.6418435          3.895951        3551.134                           2369.0846                 21.500567                 397.93628                                            762.61249
              1       1772.5374     0.090976172        4.981401       67.361885     0.022099119      0.11980733     0.038538534   2.0287979e-09      0.97188828       1.0005172       1.0001046      0.99707926       48.299955      0.29921971       9.4630265      0.17587656       4.9415836       8.0337804        18.363993        89.30644       246.86825       42.362544       43.761177       119.58489      0.13977581        0.15156144        0.40185561      0.23836962        0.70532582       1.9631924       2788.0437      -2.7907027       -6.6879324         3.8972297       3550.6562                            2368.567                 21.545105                 397.93157                                            762.61249
              1       1772.0566     0.090976172        4.981401       67.361885     0.022099119      0.11980733     0.038538534   2.0287979e-09      0.97188828       1.0005172      0.99992543      0.99697845       46.206362      0.50892026       9.8436821      0.18723758       5.4011475       9.5255716         17.87753       87.850147        244.1403       45.585158       54.071371       125.88515       0.1146796        0.17205606        0.39456585      0.26382171        0.70741453       2.0080083       2786.0117      -2.2554591       -6.5750448         4.3195857       3548.6242                            2366.535                 21.545105                 397.93157                                            762.61249
              1       1770.5912     0.090976172        4.981401       67.361885     0.022099119      0.11980733     0.038538534   2.0287979e-09      0.97188828       1.0005172       1.0007778      0.99762453       43.549648      0.65737338       8.2276099       0.6324746       7.4857172        8.352671        16.383282       88.319496       273.40427       49.682667        58.60447       132.37625      0.11201375        0.14529972        0.45951509       0.2632341        0.68569755       1.9322107       2790.1415      -5.7858137        -8.828987         3.0431734        3552.754                           2370.6648                 21.545105                 397.93157                                            762.61249
              1       1770.5867     0.090976172        4.981401       67.361885     0.022099119      0.11980733     0.038538534   2.0287979e-09      0.97188828       1.0005172       1.0007169      0.99755696       42.851904      0.70761682       8.4326967      0.20488215       7.2029429       8.4907899        16.924455       88.917615       271.24908       50.383596       60.592897       134.51789      0.10869445        0.14081815        0.46772061      0.25801145        0.68559244       1.9326534        2790.418      -5.9285492       -8.9247923         2.9962431       3553.0305                           2370.9413                 21.545105                 397.93157                                            762.61249
              1       1770.4732     0.090976172        4.981401       67.361885     0.022099119      0.11980733     0.038538534   2.0287979e-09      0.97188828       1.0005172       1.0005881      0.99749672        45.14579      0.79799536        5.299753       1.3901748       8.1266889       11.537998        16.712632       88.831653       299.40948       49.887158       53.464118        127.7689      0.12129015        0.15439657        0.59839864      0.23273179        0.66909494       2.1814838       2791.1131      -6.3895539       -8.4147013         2.0251473       3553.7256                           2371.6364                 21.545105                 397.93157                                            762.61249
              1        1770.263     0.090976172        4.981401       67.361885     0.022099119      0.11980733     0.038538534   2.0287979e-09      0.97188828       1.0005172       1.0004488      0.99770803       42.696611      0.71936445       4.6446049       2.0595001       8.1389709       11.874815        17.558854       91.271732       303.55286       48.550366       48.791776       128.95457      0.13034293         0.1564922        0.58972618      0.21366178        0.66491286       2.1883402       2791.6563      -6.8713896        -8.888945         2.0175555       3554.2688                           2372.1797                 21.545105                 397.93157                                            762.61249
              1       1768.5252     0.090976172        4.981401       67.361885     0.022099119      0.11980733     0.038538534   2.0287979e-09      0.97188828       1.0005172        1.000259      0.99790724       41.093447      0.74315672       3.8867111        1.453266       9.2733205       12.447508        18.639519       95.130787       294.92096       53.515827       51.232544       131.89834      0.10719438        0.14289189        0.54506703      0.21616629         0.7149781       2.2511163       2788.9609      -7.2615112       -9.4647048         2.2031936       3551.5734                           2369.4842                 21.545105                 397.93157                                            762.61249
              1       1768.9744     0.090976172        4.981401       67.361885     0.022099119      0.11980733     0.038538534   2.0287979e-09      0.97188828       1.0005172       1.0001794      0.99781315       40.939287      0.76724954       3.7825856       1.5776854       8.7240262       12.715093        18.772005       95.202189       289.04486       55.165811       51.765928       132.00147      0.09941935        0.14448348        0.55159974      0.23289137        0.72239376       2.3085547       2788.9127      -6.7882549       -9.0001148         2.2118599       3551.5252                           2369.4361                 21.545105                 397.93157                                            762.61249
              3       1768.9257     0.090976172        4.981401       67.361885     0.022099119      0.11980733     0.038538534   2.0287979e-09      0.97188828       1.0005172        1.000245      0.99716784       39.999795      0.85911935        3.573779       2.5311969       9.6125769       10.603145        16.938877        93.24875       280.39072       57.641219       52.032426       130.16896      0.09949913        0.15639916         0.5721328      0.23869978        0.70500742       2.3076144       2787.0701      -5.9155592       -8.0200207         2.1044615       3549.6826                           2367.5934                 21.545105                 397.93157                                            762.61249
              4       1769.0888     0.090976172        4.981401       67.361885     0.022099119      0.11980733     0.038538534   2.0287979e-09      0.97188828       1.0005172       1.0003254      0.99716218       39.696152      0.87715849       3.7169685       2.6151811       9.8342168       10.743678        17.311945       93.461532       277.52031       57.645983       52.453879       130.34558     0.089213545        0.15316757        0.57301128      0.24122163        0.70588576       2.3013968        2787.019       -5.726981       -7.7933776         2.0663966       3549.6315                           2367.5424                 21.545105                 397.93157                                            762.61249
              1       1768.9699     0.090976172        4.981401       67.361885     0.022099119      0.11980733     0.038538534   2.0287979e-09      0.97188828       1.0005172      0.99983429      0.99728764       38.712129      0.95742661       3.9617911       2.4597104       9.4836345       11.258778        17.155669       93.955502       269.62312       58.077967       58.458783       133.70075     0.078026275        0.12979924        0.51242304      0.22466119        0.71113076       2.3030157       2788.3252      -6.4989299       -8.5438138         2.0448839       3550.9377                           2368.8486                 21.545105                 397.93157                                            762.61249
              1       1769.1594     0.090976172        4.981401       67.361885     0.022099119      0.11980733     0.038538534   2.0287979e-09      0.97188828       1.0005172       0.9997707      0.99723569       39.048936      0.90636487       4.5251931       2.0906471       9.7100015       12.017412        17.541596       93.803573       249.40564       55.429741       57.365458       132.16194     0.060948034        0.12618639        0.53602927      0.23436177        0.75319627       2.2582381        2786.045      -5.1693732       -7.1885116         2.0191384       3548.6575                           2366.5683                 21.545105                 397.93157                                            762.61249
              1        1768.596     0.090976172        4.981401       67.361885     0.022099119      0.11980733     0.038538534   2.0287979e-09      0.97188828       1.0005172      0.99978692      0.99721283       40.342251      0.99008517       4.7569396       1.9402395       9.7398146       12.247365        17.494874       92.437341       248.44181       55.838298       59.127554       130.71821     0.070884033        0.12276924         0.5408433      0.21404445        0.75338375       2.2782685       2785.3534        -5.38695       -7.4046473         2.0176973       3547.9659                           2365.8767                 21.545105                 397.93157                                            762.61249
              3       1768.7185     0.090976172        4.981401       67.361885     0.022099119      0.11980733     0.038538534   2.0287979e-09      0.97188828       1.0005172      0.99970707      0.99723642       39.102695      0.98966835       4.7644431       2.2798095       9.1979949        12.36773        17.708471       93.238776       250.16841       55.879897       58.447133       131.48707     0.073452121        0.12428328          0.531209      0.21500322        0.75523931        2.266178       2786.0487      -5.6121276       -7.6386975         2.0265699       3548.6612                            2366.572                 21.545105                 397.93157                                            762.61249
              4       1769.0991     0.090976172        4.981401       67.361885     0.022099119      0.11980733     0.038538534   2.0287979e-09      0.97188828       1.0005172      0.99959681      0.99717706       38.542203      0.98405973       4.8419194       2.2995012       8.7823494       12.667416        17.947476        93.53653       252.07477       55.386439       58.389914        132.2008     0.075557766        0.12191552        0.53330522      0.20308989        0.74508541       2.2438729       2786.4189       -5.416597       -7.4507446         2.0341476       3549.0314                           2366.9422                 21.545105                 397.93157                                            762.61249
              1       1770.6083     0.090976172        4.981401       67.361885     0.022099119      0.11980733     0.038538534   2.0287979e-09      0.97188828       1.0005172      0.99951918      0.99702313         42.9773      0.81194794       4.6175995       1.4931874       7.6884292       11.624708        14.618004        85.13229       252.48796        51.51076       56.077202       131.52712      0.07199188         0.1335811        0.50474427      0.22952525        0.79213514       2.1976078       2787.6771      -4.5364777       -6.5752914         2.0388137       3550.2896                           2368.2005                 21.545105                 397.93157                                            762.61249
              3       1770.8649     0.090976172        4.981401       67.361885     0.022099119      0.11980733     0.038538534   2.0287979e-09      0.97188828       1.0005172       0.9990014      0.99786744       48.159803      0.64693184       7.0662677      0.27848395        7.399389       13.502018        17.729406       87.872419       244.05111       46.716884       57.679741       127.55979     0.066304946        0.14978345        0.55220367      0.26017586        0.75869078       2.0427642       2785.8546      -3.3686759       -5.6276262         2.2589504       3548.4671                           2366.3779                 21.545105                 397.93157                                            762.61249
              1       1771.7136     0.090976172        4.981401       67.361885     0.022099119      0.11980733     0.038538534   2.0287979e-09      0.97188828       1.0005172      0.99963317       0.9979782       45.659111      0.65992638       7.8410565      0.47049514       7.5301867       13.824302        19.196529       89.902879       242.28103       42.291835       56.539478       130.40133      0.10274439        0.13119497         0.6323501      0.21867434        0.76313341       2.1142646       2788.7543      -3.9698009       -6.6742162         2.7044153       3551.3668                           2369.2776                 21.545105                 397.93157                                            762.61249
              2       1771.8147     0.090976172        4.981401       67.361885     0.022099119      0.11980733     0.038538534   2.0287979e-09      0.97188828       1.0005172       0.9996019      0.99785277       44.970565      0.71008319       7.3665725       1.1372442       7.6117558       13.871814         18.82274       89.659255       245.71331       41.106039       54.523902       129.74778      0.10337832        0.13186069        0.63399837      0.22273606        0.76002247       2.0147621       2788.8564      -3.9197935        -6.588574         2.6687805       3551.4689                           2369.3797                 21.545105                 397.93157                                            762.61249
              1       1771.9524     0.090976172        4.981401       67.361885     0.022099119      0.11980733     0.038538534   2.0287979e-09      0.97188828       1.0005172      0.99971891      0.99775855        48.45258      0.65317554       7.4909243      0.73716714       7.3510003       13.383662        19.187686       88.897142       242.50234       36.576785       48.911813       119.06599      0.11796325        0.16265529        0.65038565      0.23255485        0.73066994        2.140649       2789.0224      -3.8649981       -6.4595182         2.5945201       3551.6349                           2369.5457                 21.545105                 397.93157                                            762.61249
              1       1771.6026     0.090976172        4.981401       67.361885     0.022099119      0.11980733     0.038538534   2.0287979e-09      0.97188828       1.0005172      0.99969208      0.99764341       47.285166      0.73913076       7.8300658       1.4107886       7.9121988       13.901486        20.735588       91.988978       234.25553       36.193776       49.793325       118.19127      0.11376874        0.15544102        0.64581271      0.21643585        0.73038391       2.0931167       2787.3395      -3.3734431       -6.4856483         3.1122052        3549.952                           2367.8629                 21.545105                 397.93157                                            762.61249
