[14:09:58] [INFO] 
[14:09:58] [INFO] ================================================================================
[14:09:58] [INFO]    Starting step_03_04_cobaya_mcmc
[14:09:58] [INFO] ================================================================================
[14:09:58] [INFO] 
[14:09:58] [SUCCESS] TEP-CLASS: TEP-CLASS v2.0 available
[14:09:58] [SUCCESS] Cobaya: Cobaya 3.6.2 available
[14:09:58] [SUCCESS] Pantheon+ data: 1701 SNe loaded
[14:09:58] [PROCESS] Running TEP sanity check...
[14:09:59] [SUCCESS] TEP sanity check passed: dL(eps=0)=9302.66, dL(eps=0.2)=10122.32
[14:09:59] [PROCESS] No MPI detected. Spawning 4 parallel chains via multiprocessing...
[output] Output to be read-from/written-into folder 'results/outputs', with prefix 'tep_cobaya_joint_chain1'
[output] Output to be read-from/written-into folder 'results/outputs', with prefix 'tep_cobaya_joint_chain0'
[output] Output to be read-from/written-into folder 'results/outputs', with prefix 'tep_cobaya_joint_chain2'
[output] Output to be read-from/written-into folder 'results/outputs', with prefix 'tep_cobaya_joint_chain3'
[prior] *WARNING* External prior 'SZ' loaded. Mind that it might not be normalized!
[prior] *WARNING* External prior 'SZ' loaded. Mind that it might not be normalized!
[prior] *WARNING* External prior 'SZ' loaded. Mind that it might not be normalized!
[prior] *WARNING* External prior 'SZ' loaded. Mind that it might not be normalized!
[classy] `classy` module loaded successfully from /Users/matthewsmawfield/www/Temporal Equivalence Principle/TEP-C0/external/class/build/lib.macosx-11.1-arm64-cpython-313/classy
[classy] `classy` module loaded successfully from /Users/matthewsmawfield/www/Temporal Equivalence Principle/TEP-C0/external/class/build/lib.macosx-11.1-arm64-cpython-313/classy
[classy] `classy` module loaded successfully from /Users/matthewsmawfield/www/Temporal Equivalence Principle/TEP-C0/external/class/build/lib.macosx-11.1-arm64-cpython-313/classy
[classy] `classy` module loaded successfully from /Users/matthewsmawfield/www/Temporal Equivalence Principle/TEP-C0/external/class/build/lib.macosx-11.1-arm64-cpython-313/classy
[planck_2018_highl_plik.ttteee] `clipy` module loaded successfully from /Users/matthewsmawfield/www/Temporal Equivalence Principle/TEP-HC/data/external/cobaya_packages/code/planck/clipy/clipy
[planck_2018_highl_plik.ttteee] `clipy` module loaded successfully from /Users/matthewsmawfield/www/Temporal Equivalence Principle/TEP-HC/data/external/cobaya_packages/code/planck/clipy/clipy
[planck_2018_highl_plik.ttteee] `clipy` module loaded successfully from /Users/matthewsmawfield/www/Temporal Equivalence Principle/TEP-HC/data/external/cobaya_packages/code/planck/clipy/clipy
[planck_2018_highl_plik.ttteee] `clipy` module loaded successfully from /Users/matthewsmawfield/www/Temporal Equivalence Principle/TEP-HC/data/external/cobaya_packages/code/planck/clipy/clipy
----
clipy_0.15
----
clipy_0.15
----
clipy_0.15
----
clipy_0.15
/Users/matthewsmawfield/www/Temporal Equivalence Principle/TEP-HC/data/external/cobaya_packages/code/planck/clipy/clipy/smica.py:311: RuntimeWarning: divide by zero encountered in matmul
  lkl = -.5 * delta.T @ (self.siginv @ delta)
/Users/matthewsmawfield/www/Temporal Equivalence Principle/TEP-HC/data/external/cobaya_packages/code/planck/clipy/clipy/smica.py:311: RuntimeWarning: overflow encountered in matmul
  lkl = -.5 * delta.T @ (self.siginv @ delta)
/Users/matthewsmawfield/www/Temporal Equivalence Principle/TEP-HC/data/external/cobaya_packages/code/planck/clipy/clipy/smica.py:311: RuntimeWarning: invalid value encountered in matmul
  lkl = -.5 * delta.T @ (self.siginv @ delta)
Checking likelihood '/Users/matthewsmawfield/www/Temporal Equivalence Principle/TEP-HC/data/external/cobaya_packages/data/planck_2018/baseline/plc_3.0/hi_l/plik/plik_rd12_HM_v22b_TTTEEE.clik' on test data. got -1172.47 expected -1172.47 (diff 4.00569e-06)
----
/Users/matthewsmawfield/www/Temporal Equivalence Principle/TEP-HC/data/external/cobaya_packages/code/planck/clipy/clipy/smica.py:311: RuntimeWarning: divide by zero encountered in matmul
  lkl = -.5 * delta.T @ (self.siginv @ delta)
/Users/matthewsmawfield/www/Temporal Equivalence Principle/TEP-HC/data/external/cobaya_packages/code/planck/clipy/clipy/smica.py:311: RuntimeWarning: overflow encountered in matmul
  lkl = -.5 * delta.T @ (self.siginv @ delta)
/Users/matthewsmawfield/www/Temporal Equivalence Principle/TEP-HC/data/external/cobaya_packages/code/planck/clipy/clipy/smica.py:311: RuntimeWarning: invalid value encountered in matmul
  lkl = -.5 * delta.T @ (self.siginv @ delta)
Checking likelihood '/Users/matthewsmawfield/www/Temporal Equivalence Principle/TEP-HC/data/external/cobaya_packages/data/planck_2018/baseline/plc_3.0/hi_l/plik/plik_rd12_HM_v22b_TTTEEE.clik' on test data. got -1172.47 expected -1172.47 (diff 4.00569e-06)
----
/Users/matthewsmawfield/www/Temporal Equivalence Principle/TEP-HC/data/external/cobaya_packages/code/planck/clipy/clipy/smica.py:311: RuntimeWarning: divide by zero encountered in matmul
  lkl = -.5 * delta.T @ (self.siginv @ delta)
/Users/matthewsmawfield/www/Temporal Equivalence Principle/TEP-HC/data/external/cobaya_packages/code/planck/clipy/clipy/smica.py:311: RuntimeWarning: overflow encountered in matmul
  lkl = -.5 * delta.T @ (self.siginv @ delta)
/Users/matthewsmawfield/www/Temporal Equivalence Principle/TEP-HC/data/external/cobaya_packages/code/planck/clipy/clipy/smica.py:311: RuntimeWarning: invalid value encountered in matmul
  lkl = -.5 * delta.T @ (self.siginv @ delta)
Checking likelihood '/Users/matthewsmawfield/www/Temporal Equivalence Principle/TEP-HC/data/external/cobaya_packages/data/planck_2018/baseline/plc_3.0/hi_l/plik/plik_rd12_HM_v22b_TTTEEE.clik' on test data. got -1172.47 expected -1172.47 (diff 4.00569e-06)
----
/Users/matthewsmawfield/www/Temporal Equivalence Principle/TEP-HC/data/external/cobaya_packages/code/planck/clipy/clipy/smica.py:311: RuntimeWarning: divide by zero encountered in matmul
  lkl = -.5 * delta.T @ (self.siginv @ delta)
/Users/matthewsmawfield/www/Temporal Equivalence Principle/TEP-HC/data/external/cobaya_packages/code/planck/clipy/clipy/smica.py:311: RuntimeWarning: overflow encountered in matmul
  lkl = -.5 * delta.T @ (self.siginv @ delta)
/Users/matthewsmawfield/www/Temporal Equivalence Principle/TEP-HC/data/external/cobaya_packages/code/planck/clipy/clipy/smica.py:311: RuntimeWarning: invalid value encountered in matmul
  lkl = -.5 * delta.T @ (self.siginv @ delta)
Checking likelihood '/Users/matthewsmawfield/www/Temporal Equivalence Principle/TEP-HC/data/external/cobaya_packages/data/planck_2018/baseline/plc_3.0/hi_l/plik/plik_rd12_HM_v22b_TTTEEE.clik' on test data. got -1172.47 expected -1172.47 (diff 4.00569e-06)
----
[PantheonCobaya] Loaded full covariance from data/raw/Pantheon+SH0ES.cov (1701 x 1701)
[PantheonCobaya] Loaded full covariance from data/raw/Pantheon+SH0ES.cov (1701 x 1701)
[PantheonCobaya] Loaded full covariance from data/raw/Pantheon+SH0ES.cov (1701 x 1701)
[PantheonCobaya] Loaded full covariance from data/raw/Pantheon+SH0ES.cov (1701 x 1701)
[mcmc] Getting initial point... (this may take a few seconds)
[mcmc] Getting initial point... (this may take a few seconds)
[mcmc] Getting initial point... (this may take a few seconds)
[mcmc] Getting initial point... (this may take a few seconds)
/Users/matthewsmawfield/www/Temporal Equivalence Principle/TEP-HC/data/external/cobaya_packages/code/planck/clipy/clipy/smica.py:311: RuntimeWarning: divide by zero encountered in matmul
  lkl = -.5 * delta.T @ (self.siginv @ delta)
/Users/matthewsmawfield/www/Temporal Equivalence Principle/TEP-HC/data/external/cobaya_packages/code/planck/clipy/clipy/smica.py:311: RuntimeWarning: overflow encountered in matmul
  lkl = -.5 * delta.T @ (self.siginv @ delta)
/Users/matthewsmawfield/www/Temporal Equivalence Principle/TEP-HC/data/external/cobaya_packages/code/planck/clipy/clipy/smica.py:311: RuntimeWarning: invalid value encountered in matmul
  lkl = -.5 * delta.T @ (self.siginv @ delta)
/Users/matthewsmawfield/www/Temporal Equivalence Principle/TEP-HC/data/external/cobaya_packages/code/planck/clipy/clipy/smica.py:311: RuntimeWarning: divide by zero encountered in matmul
  lkl = -.5 * delta.T @ (self.siginv @ delta)
/Users/matthewsmawfield/www/Temporal Equivalence Principle/TEP-HC/data/external/cobaya_packages/code/planck/clipy/clipy/smica.py:311: RuntimeWarning: overflow encountered in matmul
  lkl = -.5 * delta.T @ (self.siginv @ delta)
/Users/matthewsmawfield/www/Temporal Equivalence Principle/TEP-HC/data/external/cobaya_packages/code/planck/clipy/clipy/smica.py:311: RuntimeWarning: invalid value encountered in matmul
  lkl = -.5 * delta.T @ (self.siginv @ delta)
[mcmc] Initial point: tep_epsilon_T:0.001, tep_z_T:5, H0:67.5, omega_b:0.0224, omega_cdm:0.12, tau_reio:0.054, logA:3.044, n_s:0.966, A_planck:1.001524, calib_100T:1.00264, calib_217T:0.9968021, A_cib_217:70.35262, xi_sz_cib:0.1202503, A_sz:8.969306, ksz_norm:1.688417, gal545_A_100:3.171699, gal545_A_143:11.71049, gal545_A_143_217:20.81041, gal545_A_217:71.50254, ps_A_100_100:275.2375, ps_A_143_143:59.62176, ps_A_143_217:38.99661, ps_A_217_217:112.3805, galf_TE_A_100:0.1285599, galf_TE_A_100_143:0.08213539, galf_TE_A_100_217:0.6151561, galf_TE_A_143:0.1256678, galf_TE_A_143_217:0.5459146, galf_TE_A_217:1.684527
[model] Measuring speeds... (this may take a few seconds)
[mcmc] Initial point: tep_epsilon_T:0.001, tep_z_T:5, H0:67.5, omega_b:0.0224, omega_cdm:0.12, tau_reio:0.054, logA:3.044, n_s:0.966, A_planck:0.9996488, calib_100T:1.000228, calib_217T:0.9979895, A_cib_217:69.16884, xi_sz_cib:0.2354075, A_sz:7.658621, ksz_norm:4.411399, gal545_A_100:8.746122, gal545_A_143:9.235439, gal545_A_143_217:20.36364, gal545_A_217:81.44137, ps_A_100_100:251.4483, ps_A_143_143:34.57822, ps_A_143_217:45.70072, ps_A_217_217:106.7466, galf_TE_A_100:0.05713798, galf_TE_A_100_143:0.2225427, galf_TE_A_100_217:0.2904815, galf_TE_A_143:0.07653539, galf_TE_A_143_217:0.6413765, galf_TE_A_217:1.604599
[model] Measuring speeds... (this may take a few seconds)
/Users/matthewsmawfield/www/Temporal Equivalence Principle/TEP-HC/data/external/cobaya_packages/code/planck/clipy/clipy/smica.py:311: RuntimeWarning: divide by zero encountered in matmul
  lkl = -.5 * delta.T @ (self.siginv @ delta)
/Users/matthewsmawfield/www/Temporal Equivalence Principle/TEP-HC/data/external/cobaya_packages/code/planck/clipy/clipy/smica.py:311: RuntimeWarning: overflow encountered in matmul
  lkl = -.5 * delta.T @ (self.siginv @ delta)
/Users/matthewsmawfield/www/Temporal Equivalence Principle/TEP-HC/data/external/cobaya_packages/code/planck/clipy/clipy/smica.py:311: RuntimeWarning: invalid value encountered in matmul
  lkl = -.5 * delta.T @ (self.siginv @ delta)
[mcmc] Initial point: tep_epsilon_T:0.001, tep_z_T:5, H0:67.5, omega_b:0.0224, omega_cdm:0.12, tau_reio:0.054, logA:3.044, n_s:0.966, A_planck:0.9978432, calib_100T:1.000924, calib_217T:0.9974478, A_cib_217:66.22379, xi_sz_cib:0.1374419, A_sz:6.779699, ksz_norm:6.78146, gal545_A_100:8.817265, gal545_A_143:8.71274, gal545_A_143_217:22.71311, gal545_A_217:93.37867, ps_A_100_100:253.1213, ps_A_143_143:52.36119, ps_A_143_217:37.28275, ps_A_217_217:84.20856, galf_TE_A_100:0.1630345, galf_TE_A_100_143:0.1714299, galf_TE_A_100_217:0.3207557, galf_TE_A_143:0.3426919, galf_TE_A_143_217:0.7359264, galf_TE_A_217:1.653498
[model] Measuring speeds... (this may take a few seconds)
/Users/matthewsmawfield/www/Temporal Equivalence Principle/TEP-HC/data/external/cobaya_packages/code/planck/clipy/clipy/smica.py:311: RuntimeWarning: divide by zero encountered in matmul
  lkl = -.5 * delta.T @ (self.siginv @ delta)
/Users/matthewsmawfield/www/Temporal Equivalence Principle/TEP-HC/data/external/cobaya_packages/code/planck/clipy/clipy/smica.py:311: RuntimeWarning: overflow encountered in matmul
  lkl = -.5 * delta.T @ (self.siginv @ delta)
/Users/matthewsmawfield/www/Temporal Equivalence Principle/TEP-HC/data/external/cobaya_packages/code/planck/clipy/clipy/smica.py:311: RuntimeWarning: invalid value encountered in matmul
  lkl = -.5 * delta.T @ (self.siginv @ delta)
[mcmc] Initial point: tep_epsilon_T:0.001, tep_z_T:5, H0:67.5, omega_b:0.0224, omega_cdm:0.12, tau_reio:0.054, logA:3.044, n_s:0.966, A_planck:1.000466, calib_100T:1.000334, calib_217T:0.9987516, A_cib_217:57.9992, xi_sz_cib:0.120713, A_sz:6.96979, ksz_norm:2.487343, gal545_A_100:10.33136, gal545_A_143:10.32471, gal545_A_143_217:27.78492, gal545_A_217:83.23256, ps_A_100_100:300.4821, ps_A_143_143:62.59932, ps_A_143_217:70.44922, ps_A_217_217:103.9976, galf_TE_A_100:0.1709754, galf_TE_A_100_143:0.08416493, galf_TE_A_100_217:0.5263017, galf_TE_A_143:0.1416346, galf_TE_A_143_217:0.8288441, galf_TE_A_217:1.444999
[model] Measuring speeds... (this may take a few seconds)
[model] Setting measured speeds (per sec): {planck_2018_highl_plik.TTTEEE: 25.4, planck_2018_lowl.TT: 1210.0, planck_2018_lowl.EE: 6310.0, scripts.utils.pantheon_cobaya_likelihood.PantheonCobaya: 430.0, classy: 0.291}
[mcmc] Oversampling with factors:
[mcmc] * 1 : ['tep_epsilon_T', 'tep_z_T', 'H0', 'omega_b', 'omega_cdm', 'tau_reio', 'logA', 'n_s']
[mcmc] * 5 : ['A_planck']
[mcmc] * 5 : ['calib_100T', 'calib_217T', 'A_cib_217', 'xi_sz_cib', 'A_sz', 'ksz_norm', 'gal545_A_100', 'gal545_A_143', 'gal545_A_143_217', 'gal545_A_217', 'ps_A_100_100', 'ps_A_143_143', 'ps_A_143_217', 'ps_A_217_217', 'galf_TE_A_100', 'galf_TE_A_100_143', 'galf_TE_A_100_217', 'galf_TE_A_143', 'galf_TE_A_143_217', 'galf_TE_A_217']
[autoselect_covmat] No cached covmat database present, not usable or not up-to-date. Will be re-created and cached.
[model] Setting measured speeds (per sec): {planck_2018_highl_plik.TTTEEE: 46.1, planck_2018_lowl.TT: 459.0, planck_2018_lowl.EE: 4090.0, scripts.utils.pantheon_cobaya_likelihood.PantheonCobaya: 69.0, classy: 0.284}
[mcmc] Oversampling with factors:
[mcmc] * 1 : ['tep_epsilon_T', 'tep_z_T', 'H0', 'omega_b', 'omega_cdm', 'tau_reio', 'logA', 'n_s']
[mcmc] * 7 : ['A_planck']
[mcmc] * 7 : ['calib_100T', 'calib_217T', 'A_cib_217', 'xi_sz_cib', 'A_sz', 'ksz_norm', 'gal545_A_100', 'gal545_A_143', 'gal545_A_143_217', 'gal545_A_217', 'ps_A_100_100', 'ps_A_143_143', 'ps_A_143_217', 'ps_A_217_217', 'galf_TE_A_100', 'galf_TE_A_100_143', 'galf_TE_A_100_217', 'galf_TE_A_143', 'galf_TE_A_143_217', 'galf_TE_A_217']
[autoselect_covmat] No cached covmat database present, not usable or not up-to-date. Will be re-created and cached.
[autoselect_covmat] *WARNING* WARNING: using first of >1 possible best covmats: ['base_plikHM_TTTEEE_lowl_lowE_lensing.covmat', 'base_plikHM_TTTEEE_lowl_lowE_post_BAO.covmat']
[mcmc] Covariance matrix selected automatically: /Users/matthewsmawfield/www/Temporal Equivalence Principle/TEP-HC/data/external/cobaya_packages/data/planck_supp_data_and_covmats/covmats/base_plikHM_TTTEEE_lowl_lowE_lensing.covmat
[autoselect_covmat] *WARNING* WARNING: using first of >1 possible best covmats: ['base_plikHM_TTTEEE_lowl_lowE_lensing.covmat', 'base_plikHM_TTTEEE_lowl_lowE_post_BAO.covmat']
[mcmc] Covariance matrix selected automatically: /Users/matthewsmawfield/www/Temporal Equivalence Principle/TEP-HC/data/external/cobaya_packages/data/planck_supp_data_and_covmats/covmats/base_plikHM_TTTEEE_lowl_lowE_lensing.covmat
[mcmc] Covariance matrix loaded for params ['omega_b', 'omega_cdm', 'tau_reio', 'logA', 'n_s', 'A_planck', 'A_cib_217', 'xi_sz_cib', 'A_sz', 'ps_A_100_100', 'ps_A_143_143', 'ps_A_143_217', 'ps_A_217_217', 'ksz_norm', 'gal545_A_100', 'gal545_A_143', 'gal545_A_143_217', 'gal545_A_217', 'galf_TE_A_100', 'galf_TE_A_100_143', 'galf_TE_A_100_217', 'galf_TE_A_143', 'galf_TE_A_143_217', 'galf_TE_A_217', 'calib_100T', 'calib_217T']
[mcmc] Missing proposal covariance for params ['tep_epsilon_T', 'tep_z_T', 'H0']
[mcmc] Covariance matrix not complete. We will start learning the covariance of the proposal earlier: R-1 = 30 (would be 2 if all params loaded).
[mcmc] Covariance matrix loaded for params ['omega_b', 'omega_cdm', 'tau_reio', 'logA', 'n_s', 'A_planck', 'A_cib_217', 'xi_sz_cib', 'A_sz', 'ps_A_100_100', 'ps_A_143_143', 'ps_A_143_217', 'ps_A_217_217', 'ksz_norm', 'gal545_A_100', 'gal545_A_143', 'gal545_A_143_217', 'gal545_A_217', 'galf_TE_A_100', 'galf_TE_A_100_143', 'galf_TE_A_100_217', 'galf_TE_A_143', 'galf_TE_A_143_217', 'galf_TE_A_217', 'calib_100T', 'calib_217T']
[mcmc] Missing proposal covariance for params ['tep_epsilon_T', 'tep_z_T', 'H0']
[mcmc] Covariance matrix not complete. We will start learning the covariance of the proposal earlier: R-1 = 30 (would be 2 if all params loaded).
[mcmc] Sampling!
[mcmc] Sampling!
[model] Setting measured speeds (per sec): {planck_2018_highl_plik.TTTEEE: 25.3, planck_2018_lowl.TT: 1300.0, planck_2018_lowl.EE: 5560.0, scripts.utils.pantheon_cobaya_likelihood.PantheonCobaya: 121.0, classy: 0.276}
[mcmc] Oversampling with factors:
[mcmc] * 1 : ['tep_epsilon_T', 'tep_z_T', 'H0', 'omega_b', 'omega_cdm', 'tau_reio', 'logA', 'n_s']
[mcmc] * 6 : ['A_planck']
[mcmc] * 6 : ['calib_100T', 'calib_217T', 'A_cib_217', 'xi_sz_cib', 'A_sz', 'ksz_norm', 'gal545_A_100', 'gal545_A_143', 'gal545_A_143_217', 'gal545_A_217', 'ps_A_100_100', 'ps_A_143_143', 'ps_A_143_217', 'ps_A_217_217', 'galf_TE_A_100', 'galf_TE_A_100_143', 'galf_TE_A_100_217', 'galf_TE_A_143', 'galf_TE_A_143_217', 'galf_TE_A_217']
[autoselect_covmat] No cached covmat database present, not usable or not up-to-date. Will be re-created and cached.
[model] Setting measured speeds (per sec): {planck_2018_highl_plik.TTTEEE: 25.6, planck_2018_lowl.TT: 755.0, planck_2018_lowl.EE: 756.0, scripts.utils.pantheon_cobaya_likelihood.PantheonCobaya: 76.4, classy: 0.274}
[mcmc] Oversampling with factors:
[mcmc] * 1 : ['tep_epsilon_T', 'tep_z_T', 'H0', 'omega_b', 'omega_cdm', 'tau_reio', 'logA', 'n_s']
[mcmc] * 5 : ['A_planck']
[mcmc] * 6 : ['calib_100T', 'calib_217T', 'A_cib_217', 'xi_sz_cib', 'A_sz', 'ksz_norm', 'gal545_A_100', 'gal545_A_143', 'gal545_A_143_217', 'gal545_A_217', 'ps_A_100_100', 'ps_A_143_143', 'ps_A_143_217', 'ps_A_217_217', 'galf_TE_A_100', 'galf_TE_A_100_143', 'galf_TE_A_100_217', 'galf_TE_A_143', 'galf_TE_A_143_217', 'galf_TE_A_217']
[autoselect_covmat] No cached covmat database present, not usable or not up-to-date. Will be re-created and cached.
[autoselect_covmat] *WARNING* WARNING: using first of >1 possible best covmats: ['base_plikHM_TTTEEE_lowl_lowE_lensing.covmat', 'base_plikHM_TTTEEE_lowl_lowE_post_BAO.covmat']
[mcmc] Covariance matrix selected automatically: /Users/matthewsmawfield/www/Temporal Equivalence Principle/TEP-HC/data/external/cobaya_packages/data/planck_supp_data_and_covmats/covmats/base_plikHM_TTTEEE_lowl_lowE_lensing.covmat
[mcmc] Covariance matrix loaded for params ['omega_b', 'omega_cdm', 'tau_reio', 'logA', 'n_s', 'A_planck', 'A_cib_217', 'xi_sz_cib', 'A_sz', 'ps_A_100_100', 'ps_A_143_143', 'ps_A_143_217', 'ps_A_217_217', 'ksz_norm', 'gal545_A_100', 'gal545_A_143', 'gal545_A_143_217', 'gal545_A_217', 'galf_TE_A_100', 'galf_TE_A_100_143', 'galf_TE_A_100_217', 'galf_TE_A_143', 'galf_TE_A_143_217', 'galf_TE_A_217', 'calib_100T', 'calib_217T']
[mcmc] Missing proposal covariance for params ['tep_epsilon_T', 'tep_z_T', 'H0']
[mcmc] Covariance matrix not complete. We will start learning the covariance of the proposal earlier: R-1 = 30 (would be 2 if all params loaded).
[mcmc] Sampling!
[autoselect_covmat] *WARNING* WARNING: using first of >1 possible best covmats: ['base_plikHM_TTTEEE_lowl_lowE_lensing.covmat', 'base_plikHM_TTTEEE_lowl_lowE_post_BAO.covmat']
[mcmc] Covariance matrix selected automatically: /Users/matthewsmawfield/www/Temporal Equivalence Principle/TEP-HC/data/external/cobaya_packages/data/planck_supp_data_and_covmats/covmats/base_plikHM_TTTEEE_lowl_lowE_lensing.covmat
[mcmc] Covariance matrix loaded for params ['omega_b', 'omega_cdm', 'tau_reio', 'logA', 'n_s', 'A_planck', 'A_cib_217', 'xi_sz_cib', 'A_sz', 'ps_A_100_100', 'ps_A_143_143', 'ps_A_143_217', 'ps_A_217_217', 'ksz_norm', 'gal545_A_100', 'gal545_A_143', 'gal545_A_143_217', 'gal545_A_217', 'galf_TE_A_100', 'galf_TE_A_100_143', 'galf_TE_A_100_217', 'galf_TE_A_143', 'galf_TE_A_143_217', 'galf_TE_A_217', 'calib_100T', 'calib_217T']
[mcmc] Missing proposal covariance for params ['tep_epsilon_T', 'tep_z_T', 'H0']
[mcmc] Covariance matrix not complete. We will start learning the covariance of the proposal earlier: R-1 = 30 (would be 2 if all params loaded).
[mcmc] Sampling!
/Users/matthewsmawfield/www/Temporal Equivalence Principle/TEP-HC/data/external/cobaya_packages/code/planck/clipy/clipy/smica.py:311: RuntimeWarning: divide by zero encountered in matmul
  lkl = -.5 * delta.T @ (self.siginv @ delta)
/Users/matthewsmawfield/www/Temporal Equivalence Principle/TEP-HC/data/external/cobaya_packages/code/planck/clipy/clipy/smica.py:311: RuntimeWarning: overflow encountered in matmul
  lkl = -.5 * delta.T @ (self.siginv @ delta)
/Users/matthewsmawfield/www/Temporal Equivalence Principle/TEP-HC/data/external/cobaya_packages/code/planck/clipy/clipy/smica.py:311: RuntimeWarning: invalid value encountered in matmul
  lkl = -.5 * delta.T @ (self.siginv @ delta)
[mcmc] Progress @ 2026-06-23 14:10:24 : 1 steps taken, and 0 accepted.
/Users/matthewsmawfield/www/Temporal Equivalence Principle/TEP-HC/data/external/cobaya_packages/code/planck/clipy/clipy/smica.py:311: RuntimeWarning: divide by zero encountered in matmul
  lkl = -.5 * delta.T @ (self.siginv @ delta)
/Users/matthewsmawfield/www/Temporal Equivalence Principle/TEP-HC/data/external/cobaya_packages/code/planck/clipy/clipy/smica.py:311: RuntimeWarning: overflow encountered in matmul
  lkl = -.5 * delta.T @ (self.siginv @ delta)
/Users/matthewsmawfield/www/Temporal Equivalence Principle/TEP-HC/data/external/cobaya_packages/code/planck/clipy/clipy/smica.py:311: RuntimeWarning: invalid value encountered in matmul
  lkl = -.5 * delta.T @ (self.siginv @ delta)
[mcmc] Progress @ 2026-06-23 14:10:25 : 1 steps taken, and 0 accepted.
/Users/matthewsmawfield/www/Temporal Equivalence Principle/TEP-HC/data/external/cobaya_packages/code/planck/clipy/clipy/smica.py:311: RuntimeWarning: divide by zero encountered in matmul
  lkl = -.5 * delta.T @ (self.siginv @ delta)
/Users/matthewsmawfield/www/Temporal Equivalence Principle/TEP-HC/data/external/cobaya_packages/code/planck/clipy/clipy/smica.py:311: RuntimeWarning: overflow encountered in matmul
  lkl = -.5 * delta.T @ (self.siginv @ delta)
/Users/matthewsmawfield/www/Temporal Equivalence Principle/TEP-HC/data/external/cobaya_packages/code/planck/clipy/clipy/smica.py:311: RuntimeWarning: invalid value encountered in matmul
  lkl = -.5 * delta.T @ (self.siginv @ delta)
/Users/matthewsmawfield/www/Temporal Equivalence Principle/TEP-HC/data/external/cobaya_packages/code/planck/clipy/clipy/smica.py:311: RuntimeWarning: divide by zero encountered in matmul
  lkl = -.5 * delta.T @ (self.siginv @ delta)
/Users/matthewsmawfield/www/Temporal Equivalence Principle/TEP-HC/data/external/cobaya_packages/code/planck/clipy/clipy/smica.py:311: RuntimeWarning: overflow encountered in matmul
  lkl = -.5 * delta.T @ (self.siginv @ delta)
/Users/matthewsmawfield/www/Temporal Equivalence Principle/TEP-HC/data/external/cobaya_packages/code/planck/clipy/clipy/smica.py:311: RuntimeWarning: invalid value encountered in matmul
  lkl = -.5 * delta.T @ (self.siginv @ delta)
[mcmc] Progress @ 2026-06-23 14:10:25 : 1 steps taken, and 0 accepted.
[mcmc] Progress @ 2026-06-23 14:10:25 : 1 steps taken, and 0 accepted.
[mcmc] Progress @ 2026-06-23 14:11:25 : 332 steps taken, and 53 accepted.
/Users/matthewsmawfield/www/Temporal Equivalence Principle/TEP-HC/data/external/cobaya_packages/code/planck/clipy/clipy/smica.py:311: RuntimeWarning: divide by zero encountered in matmul
  lkl = -.5 * delta.T @ (self.siginv @ delta)
/Users/matthewsmawfield/www/Temporal Equivalence Principle/TEP-HC/data/external/cobaya_packages/code/planck/clipy/clipy/smica.py:311: RuntimeWarning: overflow encountered in matmul
  lkl = -.5 * delta.T @ (self.siginv @ delta)
/Users/matthewsmawfield/www/Temporal Equivalence Principle/TEP-HC/data/external/cobaya_packages/code/planck/clipy/clipy/smica.py:311: RuntimeWarning: invalid value encountered in matmul
  lkl = -.5 * delta.T @ (self.siginv @ delta)
[mcmc] Progress @ 2026-06-23 14:11:26 : 388 steps taken, and 66 accepted.
/Users/matthewsmawfield/www/Temporal Equivalence Principle/TEP-HC/data/external/cobaya_packages/code/planck/clipy/clipy/smica.py:311: RuntimeWarning: divide by zero encountered in matmul
  lkl = -.5 * delta.T @ (self.siginv @ delta)
/Users/matthewsmawfield/www/Temporal Equivalence Principle/TEP-HC/data/external/cobaya_packages/code/planck/clipy/clipy/smica.py:311: RuntimeWarning: overflow encountered in matmul
  lkl = -.5 * delta.T @ (self.siginv @ delta)
/Users/matthewsmawfield/www/Temporal Equivalence Principle/TEP-HC/data/external/cobaya_packages/code/planck/clipy/clipy/smica.py:311: RuntimeWarning: invalid value encountered in matmul
  lkl = -.5 * delta.T @ (self.siginv @ delta)
[mcmc] Progress @ 2026-06-23 14:11:27 : 282 steps taken, and 38 accepted.
/Users/matthewsmawfield/www/Temporal Equivalence Principle/TEP-HC/data/external/cobaya_packages/code/planck/clipy/clipy/smica.py:311: RuntimeWarning: divide by zero encountered in matmul
  lkl = -.5 * delta.T @ (self.siginv @ delta)
/Users/matthewsmawfield/www/Temporal Equivalence Principle/TEP-HC/data/external/cobaya_packages/code/planck/clipy/clipy/smica.py:311: RuntimeWarning: overflow encountered in matmul
  lkl = -.5 * delta.T @ (self.siginv @ delta)
/Users/matthewsmawfield/www/Temporal Equivalence Principle/TEP-HC/data/external/cobaya_packages/code/planck/clipy/clipy/smica.py:311: RuntimeWarning: invalid value encountered in matmul
  lkl = -.5 * delta.T @ (self.siginv @ delta)
[mcmc] Progress @ 2026-06-23 14:11:27 : 338 steps taken, and 52 accepted.
/Users/matthewsmawfield/www/Temporal Equivalence Principle/TEP-HC/data/external/cobaya_packages/code/planck/clipy/clipy/smica.py:311: RuntimeWarning: divide by zero encountered in matmul
  lkl = -.5 * delta.T @ (self.siginv @ delta)
/Users/matthewsmawfield/www/Temporal Equivalence Principle/TEP-HC/data/external/cobaya_packages/code/planck/clipy/clipy/smica.py:311: RuntimeWarning: overflow encountered in matmul
  lkl = -.5 * delta.T @ (self.siginv @ delta)
/Users/matthewsmawfield/www/Temporal Equivalence Principle/TEP-HC/data/external/cobaya_packages/code/planck/clipy/clipy/smica.py:311: RuntimeWarning: invalid value encountered in matmul
  lkl = -.5 * delta.T @ (self.siginv @ delta)
[mcmc] Progress @ 2026-06-23 14:12:25 : 767 steps taken, and 116 accepted.
/Users/matthewsmawfield/www/Temporal Equivalence Principle/TEP-HC/data/external/cobaya_packages/code/planck/clipy/clipy/smica.py:311: RuntimeWarning: divide by zero encountered in matmul
  lkl = -.5 * delta.T @ (self.siginv @ delta)
/Users/matthewsmawfield/www/Temporal Equivalence Principle/TEP-HC/data/external/cobaya_packages/code/planck/clipy/clipy/smica.py:311: RuntimeWarning: overflow encountered in matmul
  lkl = -.5 * delta.T @ (self.siginv @ delta)
/Users/matthewsmawfield/www/Temporal Equivalence Principle/TEP-HC/data/external/cobaya_packages/code/planck/clipy/clipy/smica.py:311: RuntimeWarning: invalid value encountered in matmul
  lkl = -.5 * delta.T @ (self.siginv @ delta)
[mcmc] Progress @ 2026-06-23 14:12:28 : 726 steps taken, and 122 accepted.
/Users/matthewsmawfield/www/Temporal Equivalence Principle/TEP-HC/data/external/cobaya_packages/code/planck/clipy/clipy/smica.py:311: RuntimeWarning: divide by zero encountered in matmul
  lkl = -.5 * delta.T @ (self.siginv @ delta)
/Users/matthewsmawfield/www/Temporal Equivalence Principle/TEP-HC/data/external/cobaya_packages/code/planck/clipy/clipy/smica.py:311: RuntimeWarning: overflow encountered in matmul
  lkl = -.5 * delta.T @ (self.siginv @ delta)
/Users/matthewsmawfield/www/Temporal Equivalence Principle/TEP-HC/data/external/cobaya_packages/code/planck/clipy/clipy/smica.py:311: RuntimeWarning: invalid value encountered in matmul
  lkl = -.5 * delta.T @ (self.siginv @ delta)
[mcmc] Progress @ 2026-06-23 14:12:28 : 643 steps taken, and 101 accepted.
[mcmc] Progress @ 2026-06-23 14:12:29 : 696 steps taken, and 101 accepted.
/Users/matthewsmawfield/www/Temporal Equivalence Principle/TEP-HC/data/external/cobaya_packages/code/planck/clipy/clipy/smica.py:311: RuntimeWarning: divide by zero encountered in matmul
  lkl = -.5 * delta.T @ (self.siginv @ delta)
/Users/matthewsmawfield/www/Temporal Equivalence Principle/TEP-HC/data/external/cobaya_packages/code/planck/clipy/clipy/smica.py:311: RuntimeWarning: overflow encountered in matmul
  lkl = -.5 * delta.T @ (self.siginv @ delta)
/Users/matthewsmawfield/www/Temporal Equivalence Principle/TEP-HC/data/external/cobaya_packages/code/planck/clipy/clipy/smica.py:311: RuntimeWarning: invalid value encountered in matmul
  lkl = -.5 * delta.T @ (self.siginv @ delta)
/Users/matthewsmawfield/www/Temporal Equivalence Principle/TEP-HC/data/external/cobaya_packages/code/planck/clipy/clipy/smica.py:311: RuntimeWarning: divide by zero encountered in matmul
  lkl = -.5 * delta.T @ (self.siginv @ delta)
/Users/matthewsmawfield/www/Temporal Equivalence Principle/TEP-HC/data/external/cobaya_packages/code/planck/clipy/clipy/smica.py:311: RuntimeWarning: overflow encountered in matmul
  lkl = -.5 * delta.T @ (self.siginv @ delta)
/Users/matthewsmawfield/www/Temporal Equivalence Principle/TEP-HC/data/external/cobaya_packages/code/planck/clipy/clipy/smica.py:311: RuntimeWarning: invalid value encountered in matmul
  lkl = -.5 * delta.T @ (self.siginv @ delta)
[mcmc] Progress @ 2026-06-23 14:13:27 : 1147 steps taken, and 169 accepted.
/Users/matthewsmawfield/www/Temporal Equivalence Principle/TEP-HC/data/external/cobaya_packages/code/planck/clipy/clipy/smica.py:311: RuntimeWarning: divide by zero encountered in matmul
  lkl = -.5 * delta.T @ (self.siginv @ delta)
/Users/matthewsmawfield/www/Temporal Equivalence Principle/TEP-HC/data/external/cobaya_packages/code/planck/clipy/clipy/smica.py:311: RuntimeWarning: overflow encountered in matmul
  lkl = -.5 * delta.T @ (self.siginv @ delta)
/Users/matthewsmawfield/www/Temporal Equivalence Principle/TEP-HC/data/external/cobaya_packages/code/planck/clipy/clipy/smica.py:311: RuntimeWarning: invalid value encountered in matmul
  lkl = -.5 * delta.T @ (self.siginv @ delta)
[mcmc] Progress @ 2026-06-23 14:13:28 : 1183 steps taken, and 191 accepted.
/Users/matthewsmawfield/www/Temporal Equivalence Principle/TEP-HC/data/external/cobaya_packages/code/planck/clipy/clipy/smica.py:311: RuntimeWarning: divide by zero encountered in matmul
  lkl = -.5 * delta.T @ (self.siginv @ delta)
/Users/matthewsmawfield/www/Temporal Equivalence Principle/TEP-HC/data/external/cobaya_packages/code/planck/clipy/clipy/smica.py:311: RuntimeWarning: overflow encountered in matmul
  lkl = -.5 * delta.T @ (self.siginv @ delta)
/Users/matthewsmawfield/www/Temporal Equivalence Principle/TEP-HC/data/external/cobaya_packages/code/planck/clipy/clipy/smica.py:311: RuntimeWarning: invalid value encountered in matmul
  lkl = -.5 * delta.T @ (self.siginv @ delta)
[mcmc] Progress @ 2026-06-23 14:13:30 : 938 steps taken, and 150 accepted.
/Users/matthewsmawfield/www/Temporal Equivalence Principle/TEP-HC/data/external/cobaya_packages/code/planck/clipy/clipy/smica.py:311: RuntimeWarning: divide by zero encountered in matmul
  lkl = -.5 * delta.T @ (self.siginv @ delta)
/Users/matthewsmawfield/www/Temporal Equivalence Principle/TEP-HC/data/external/cobaya_packages/code/planck/clipy/clipy/smica.py:311: RuntimeWarning: overflow encountered in matmul
  lkl = -.5 * delta.T @ (self.siginv @ delta)
/Users/matthewsmawfield/www/Temporal Equivalence Principle/TEP-HC/data/external/cobaya_packages/code/planck/clipy/clipy/smica.py:311: RuntimeWarning: invalid value encountered in matmul
  lkl = -.5 * delta.T @ (self.siginv @ delta)
[mcmc] Progress @ 2026-06-23 14:13:31 : 1081 steps taken, and 159 accepted.
/Users/matthewsmawfield/www/Temporal Equivalence Principle/TEP-HC/data/external/cobaya_packages/code/planck/clipy/clipy/smica.py:311: RuntimeWarning: divide by zero encountered in matmul
  lkl = -.5 * delta.T @ (self.siginv @ delta)
/Users/matthewsmawfield/www/Temporal Equivalence Principle/TEP-HC/data/external/cobaya_packages/code/planck/clipy/clipy/smica.py:311: RuntimeWarning: overflow encountered in matmul
  lkl = -.5 * delta.T @ (self.siginv @ delta)
/Users/matthewsmawfield/www/Temporal Equivalence Principle/TEP-HC/data/external/cobaya_packages/code/planck/clipy/clipy/smica.py:311: RuntimeWarning: invalid value encountered in matmul
  lkl = -.5 * delta.T @ (self.siginv @ delta)
[mcmc] Progress @ 2026-06-23 14:14:30 : 1446 steps taken, and 213 accepted.
[mcmc] Progress @ 2026-06-23 14:14:30 : 1585 steps taken, and 251 accepted.
/Users/matthewsmawfield/www/Temporal Equivalence Principle/TEP-HC/data/external/cobaya_packages/code/planck/clipy/clipy/smica.py:311: RuntimeWarning: divide by zero encountered in matmul
  lkl = -.5 * delta.T @ (self.siginv @ delta)
/Users/matthewsmawfield/www/Temporal Equivalence Principle/TEP-HC/data/external/cobaya_packages/code/planck/clipy/clipy/smica.py:311: RuntimeWarning: overflow encountered in matmul
  lkl = -.5 * delta.T @ (self.siginv @ delta)
/Users/matthewsmawfield/www/Temporal Equivalence Principle/TEP-HC/data/external/cobaya_packages/code/planck/clipy/clipy/smica.py:311: RuntimeWarning: invalid value encountered in matmul
  lkl = -.5 * delta.T @ (self.siginv @ delta)
/Users/matthewsmawfield/www/Temporal Equivalence Principle/TEP-HC/data/external/cobaya_packages/code/planck/clipy/clipy/smica.py:311: RuntimeWarning: divide by zero encountered in matmul
  lkl = -.5 * delta.T @ (self.siginv @ delta)
/Users/matthewsmawfield/www/Temporal Equivalence Principle/TEP-HC/data/external/cobaya_packages/code/planck/clipy/clipy/smica.py:311: RuntimeWarning: overflow encountered in matmul
  lkl = -.5 * delta.T @ (self.siginv @ delta)
/Users/matthewsmawfield/www/Temporal Equivalence Principle/TEP-HC/data/external/cobaya_packages/code/planck/clipy/clipy/smica.py:311: RuntimeWarning: invalid value encountered in matmul
  lkl = -.5 * delta.T @ (self.siginv @ delta)
[mcmc] Progress @ 2026-06-23 14:14:32 : 1395 steps taken, and 206 accepted.
/Users/matthewsmawfield/www/Temporal Equivalence Principle/TEP-HC/data/external/cobaya_packages/code/planck/clipy/clipy/smica.py:311: RuntimeWarning: divide by zero encountered in matmul
  lkl = -.5 * delta.T @ (self.siginv @ delta)
/Users/matthewsmawfield/www/Temporal Equivalence Principle/TEP-HC/data/external/cobaya_packages/code/planck/clipy/clipy/smica.py:311: RuntimeWarning: overflow encountered in matmul
  lkl = -.5 * delta.T @ (self.siginv @ delta)
/Users/matthewsmawfield/www/Temporal Equivalence Principle/TEP-HC/data/external/cobaya_packages/code/planck/clipy/clipy/smica.py:311: RuntimeWarning: invalid value encountered in matmul
  lkl = -.5 * delta.T @ (self.siginv @ delta)
[mcmc] Progress @ 2026-06-23 14:14:33 : 1222 steps taken, and 200 accepted.
/Users/matthewsmawfield/www/Temporal Equivalence Principle/TEP-HC/data/external/cobaya_packages/code/planck/clipy/clipy/smica.py:311: RuntimeWarning: divide by zero encountered in matmul
  lkl = -.5 * delta.T @ (self.siginv @ delta)
/Users/matthewsmawfield/www/Temporal Equivalence Principle/TEP-HC/data/external/cobaya_packages/code/planck/clipy/clipy/smica.py:311: RuntimeWarning: overflow encountered in matmul
  lkl = -.5 * delta.T @ (self.siginv @ delta)
/Users/matthewsmawfield/www/Temporal Equivalence Principle/TEP-HC/data/external/cobaya_packages/code/planck/clipy/clipy/smica.py:311: RuntimeWarning: invalid value encountered in matmul
  lkl = -.5 * delta.T @ (self.siginv @ delta)
[mcmc] Progress @ 2026-06-23 14:15:30 : 1931 steps taken, and 310 accepted.
/Users/matthewsmawfield/www/Temporal Equivalence Principle/TEP-HC/data/external/cobaya_packages/code/planck/clipy/clipy/smica.py:311: RuntimeWarning: divide by zero encountered in matmul
  lkl = -.5 * delta.T @ (self.siginv @ delta)
/Users/matthewsmawfield/www/Temporal Equivalence Principle/TEP-HC/data/external/cobaya_packages/code/planck/clipy/clipy/smica.py:311: RuntimeWarning: overflow encountered in matmul
  lkl = -.5 * delta.T @ (self.siginv @ delta)
/Users/matthewsmawfield/www/Temporal Equivalence Principle/TEP-HC/data/external/cobaya_packages/code/planck/clipy/clipy/smica.py:311: RuntimeWarning: invalid value encountered in matmul
  lkl = -.5 * delta.T @ (self.siginv @ delta)
[mcmc] Progress @ 2026-06-23 14:15:30 : 1741 steps taken, and 258 accepted.
/Users/matthewsmawfield/www/Temporal Equivalence Principle/TEP-HC/data/external/cobaya_packages/code/planck/clipy/clipy/smica.py:311: RuntimeWarning: divide by zero encountered in matmul
  lkl = -.5 * delta.T @ (self.siginv @ delta)
/Users/matthewsmawfield/www/Temporal Equivalence Principle/TEP-HC/data/external/cobaya_packages/code/planck/clipy/clipy/smica.py:311: RuntimeWarning: overflow encountered in matmul
  lkl = -.5 * delta.T @ (self.siginv @ delta)
/Users/matthewsmawfield/www/Temporal Equivalence Principle/TEP-HC/data/external/cobaya_packages/code/planck/clipy/clipy/smica.py:311: RuntimeWarning: invalid value encountered in matmul
  lkl = -.5 * delta.T @ (self.siginv @ delta)
[mcmc] Progress @ 2026-06-23 14:15:33 : 1661 steps taken, and 243 accepted.
/Users/matthewsmawfield/www/Temporal Equivalence Principle/TEP-HC/data/external/cobaya_packages/code/planck/clipy/clipy/smica.py:311: RuntimeWarning: divide by zero encountered in matmul
  lkl = -.5 * delta.T @ (self.siginv @ delta)
/Users/matthewsmawfield/www/Temporal Equivalence Principle/TEP-HC/data/external/cobaya_packages/code/planck/clipy/clipy/smica.py:311: RuntimeWarning: overflow encountered in matmul
  lkl = -.5 * delta.T @ (self.siginv @ delta)
/Users/matthewsmawfield/www/Temporal Equivalence Principle/TEP-HC/data/external/cobaya_packages/code/planck/clipy/clipy/smica.py:311: RuntimeWarning: invalid value encountered in matmul
  lkl = -.5 * delta.T @ (self.siginv @ delta)
[mcmc] Progress @ 2026-06-23 14:15:33 : 1421 steps taken, and 235 accepted.
/Users/matthewsmawfield/www/Temporal Equivalence Principle/TEP-HC/data/external/cobaya_packages/code/planck/clipy/clipy/smica.py:311: RuntimeWarning: divide by zero encountered in matmul
  lkl = -.5 * delta.T @ (self.siginv @ delta)
/Users/matthewsmawfield/www/Temporal Equivalence Principle/TEP-HC/data/external/cobaya_packages/code/planck/clipy/clipy/smica.py:311: RuntimeWarning: overflow encountered in matmul
  lkl = -.5 * delta.T @ (self.siginv @ delta)
/Users/matthewsmawfield/www/Temporal Equivalence Principle/TEP-HC/data/external/cobaya_packages/code/planck/clipy/clipy/smica.py:311: RuntimeWarning: invalid value encountered in matmul
  lkl = -.5 * delta.T @ (self.siginv @ delta)
[mcmc] Progress @ 2026-06-23 14:16:30 : 2159 steps taken, and 321 accepted.
/Users/matthewsmawfield/www/Temporal Equivalence Principle/TEP-HC/data/external/cobaya_packages/code/planck/clipy/clipy/smica.py:311: RuntimeWarning: divide by zero encountered in matmul
  lkl = -.5 * delta.T @ (self.siginv @ delta)
/Users/matthewsmawfield/www/Temporal Equivalence Principle/TEP-HC/data/external/cobaya_packages/code/planck/clipy/clipy/smica.py:311: RuntimeWarning: overflow encountered in matmul
  lkl = -.5 * delta.T @ (self.siginv @ delta)
/Users/matthewsmawfield/www/Temporal Equivalence Principle/TEP-HC/data/external/cobaya_packages/code/planck/clipy/clipy/smica.py:311: RuntimeWarning: invalid value encountered in matmul
  lkl = -.5 * delta.T @ (self.siginv @ delta)
[mcmc] Progress @ 2026-06-23 14:16:32 : 2326 steps taken, and 366 accepted.
/Users/matthewsmawfield/www/Temporal Equivalence Principle/TEP-HC/data/external/cobaya_packages/code/planck/clipy/clipy/smica.py:311: RuntimeWarning: divide by zero encountered in matmul
  lkl = -.5 * delta.T @ (self.siginv @ delta)
/Users/matthewsmawfield/www/Temporal Equivalence Principle/TEP-HC/data/external/cobaya_packages/code/planck/clipy/clipy/smica.py:311: RuntimeWarning: overflow encountered in matmul
  lkl = -.5 * delta.T @ (self.siginv @ delta)
/Users/matthewsmawfield/www/Temporal Equivalence Principle/TEP-HC/data/external/cobaya_packages/code/planck/clipy/clipy/smica.py:311: RuntimeWarning: invalid value encountered in matmul
  lkl = -.5 * delta.T @ (self.siginv @ delta)
[mcmc] Progress @ 2026-06-23 14:16:34 : 1712 steps taken, and 284 accepted.
/Users/matthewsmawfield/www/Temporal Equivalence Principle/TEP-HC/data/external/cobaya_packages/code/planck/clipy/clipy/smica.py:311: RuntimeWarning: divide by zero encountered in matmul
  lkl = -.5 * delta.T @ (self.siginv @ delta)
/Users/matthewsmawfield/www/Temporal Equivalence Principle/TEP-HC/data/external/cobaya_packages/code/planck/clipy/clipy/smica.py:311: RuntimeWarning: overflow encountered in matmul
  lkl = -.5 * delta.T @ (self.siginv @ delta)
/Users/matthewsmawfield/www/Temporal Equivalence Principle/TEP-HC/data/external/cobaya_packages/code/planck/clipy/clipy/smica.py:311: RuntimeWarning: invalid value encountered in matmul
  lkl = -.5 * delta.T @ (self.siginv @ delta)
[mcmc] Progress @ 2026-06-23 14:16:36 : 2009 steps taken, and 297 accepted.
/Users/matthewsmawfield/www/Temporal Equivalence Principle/TEP-HC/data/external/cobaya_packages/code/planck/clipy/clipy/smica.py:311: RuntimeWarning: divide by zero encountered in matmul
  lkl = -.5 * delta.T @ (self.siginv @ delta)
/Users/matthewsmawfield/www/Temporal Equivalence Principle/TEP-HC/data/external/cobaya_packages/code/planck/clipy/clipy/smica.py:311: RuntimeWarning: overflow encountered in matmul
  lkl = -.5 * delta.T @ (self.siginv @ delta)
/Users/matthewsmawfield/www/Temporal Equivalence Principle/TEP-HC/data/external/cobaya_packages/code/planck/clipy/clipy/smica.py:311: RuntimeWarning: invalid value encountered in matmul
  lkl = -.5 * delta.T @ (self.siginv @ delta)
[mcmc] Progress @ 2026-06-23 14:17:30 : 2472 steps taken, and 368 accepted.
/Users/matthewsmawfield/www/Temporal Equivalence Principle/TEP-HC/data/external/cobaya_packages/code/planck/clipy/clipy/smica.py:311: RuntimeWarning: divide by zero encountered in matmul
  lkl = -.5 * delta.T @ (self.siginv @ delta)
/Users/matthewsmawfield/www/Temporal Equivalence Principle/TEP-HC/data/external/cobaya_packages/code/planck/clipy/clipy/smica.py:311: RuntimeWarning: overflow encountered in matmul
  lkl = -.5 * delta.T @ (self.siginv @ delta)
/Users/matthewsmawfield/www/Temporal Equivalence Principle/TEP-HC/data/external/cobaya_packages/code/planck/clipy/clipy/smica.py:311: RuntimeWarning: invalid value encountered in matmul
  lkl = -.5 * delta.T @ (self.siginv @ delta)
[mcmc] Progress @ 2026-06-23 14:17:35 : 2761 steps taken, and 429 accepted.
/Users/matthewsmawfield/www/Temporal Equivalence Principle/TEP-HC/data/external/cobaya_packages/code/planck/clipy/clipy/smica.py:311: RuntimeWarning: divide by zero encountered in matmul
  lkl = -.5 * delta.T @ (self.siginv @ delta)
/Users/matthewsmawfield/www/Temporal Equivalence Principle/TEP-HC/data/external/cobaya_packages/code/planck/clipy/clipy/smica.py:311: RuntimeWarning: overflow encountered in matmul
  lkl = -.5 * delta.T @ (self.siginv @ delta)
/Users/matthewsmawfield/www/Temporal Equivalence Principle/TEP-HC/data/external/cobaya_packages/code/planck/clipy/clipy/smica.py:311: RuntimeWarning: invalid value encountered in matmul
  lkl = -.5 * delta.T @ (self.siginv @ delta)
[mcmc] Progress @ 2026-06-23 14:17:38 : 1989 steps taken, and 334 accepted.
/Users/matthewsmawfield/www/Temporal Equivalence Principle/TEP-HC/data/external/cobaya_packages/code/planck/clipy/clipy/smica.py:311: RuntimeWarning: divide by zero encountered in matmul
  lkl = -.5 * delta.T @ (self.siginv @ delta)
/Users/matthewsmawfield/www/Temporal Equivalence Principle/TEP-HC/data/external/cobaya_packages/code/planck/clipy/clipy/smica.py:311: RuntimeWarning: overflow encountered in matmul
  lkl = -.5 * delta.T @ (self.siginv @ delta)
/Users/matthewsmawfield/www/Temporal Equivalence Principle/TEP-HC/data/external/cobaya_packages/code/planck/clipy/clipy/smica.py:311: RuntimeWarning: invalid value encountered in matmul
  lkl = -.5 * delta.T @ (self.siginv @ delta)
[mcmc] Progress @ 2026-06-23 14:17:38 : 2365 steps taken, and 348 accepted.
/Users/matthewsmawfield/www/Temporal Equivalence Principle/TEP-HC/data/external/cobaya_packages/code/planck/clipy/clipy/smica.py:311: RuntimeWarning: divide by zero encountered in matmul
  lkl = -.5 * delta.T @ (self.siginv @ delta)
/Users/matthewsmawfield/www/Temporal Equivalence Principle/TEP-HC/data/external/cobaya_packages/code/planck/clipy/clipy/smica.py:311: RuntimeWarning: overflow encountered in matmul
  lkl = -.5 * delta.T @ (self.siginv @ delta)
/Users/matthewsmawfield/www/Temporal Equivalence Principle/TEP-HC/data/external/cobaya_packages/code/planck/clipy/clipy/smica.py:311: RuntimeWarning: invalid value encountered in matmul
  lkl = -.5 * delta.T @ (self.siginv @ delta)
[mcmc] Progress @ 2026-06-23 14:18:31 : 2732 steps taken, and 408 accepted.
/Users/matthewsmawfield/www/Temporal Equivalence Principle/TEP-HC/data/external/cobaya_packages/code/planck/clipy/clipy/smica.py:311: RuntimeWarning: divide by zero encountered in matmul
  lkl = -.5 * delta.T @ (self.siginv @ delta)
/Users/matthewsmawfield/www/Temporal Equivalence Principle/TEP-HC/data/external/cobaya_packages/code/planck/clipy/clipy/smica.py:311: RuntimeWarning: overflow encountered in matmul
  lkl = -.5 * delta.T @ (self.siginv @ delta)
/Users/matthewsmawfield/www/Temporal Equivalence Principle/TEP-HC/data/external/cobaya_packages/code/planck/clipy/clipy/smica.py:311: RuntimeWarning: invalid value encountered in matmul
  lkl = -.5 * delta.T @ (self.siginv @ delta)
[mcmc] Progress @ 2026-06-23 14:18:35 : 3090 steps taken, and 481 accepted.
/Users/matthewsmawfield/www/Temporal Equivalence Principle/TEP-HC/data/external/cobaya_packages/code/planck/clipy/clipy/smica.py:311: RuntimeWarning: divide by zero encountered in matmul
  lkl = -.5 * delta.T @ (self.siginv @ delta)
/Users/matthewsmawfield/www/Temporal Equivalence Principle/TEP-HC/data/external/cobaya_packages/code/planck/clipy/clipy/smica.py:311: RuntimeWarning: overflow encountered in matmul
  lkl = -.5 * delta.T @ (self.siginv @ delta)
/Users/matthewsmawfield/www/Temporal Equivalence Principle/TEP-HC/data/external/cobaya_packages/code/planck/clipy/clipy/smica.py:311: RuntimeWarning: invalid value encountered in matmul
  lkl = -.5 * delta.T @ (self.siginv @ delta)
[mcmc] Progress @ 2026-06-23 14:18:39 : 2716 steps taken, and 396 accepted.
/Users/matthewsmawfield/www/Temporal Equivalence Principle/TEP-HC/data/external/cobaya_packages/code/planck/clipy/clipy/smica.py:311: RuntimeWarning: divide by zero encountered in matmul
  lkl = -.5 * delta.T @ (self.siginv @ delta)
/Users/matthewsmawfield/www/Temporal Equivalence Principle/TEP-HC/data/external/cobaya_packages/code/planck/clipy/clipy/smica.py:311: RuntimeWarning: overflow encountered in matmul
  lkl = -.5 * delta.T @ (self.siginv @ delta)
/Users/matthewsmawfield/www/Temporal Equivalence Principle/TEP-HC/data/external/cobaya_packages/code/planck/clipy/clipy/smica.py:311: RuntimeWarning: invalid value encountered in matmul
  lkl = -.5 * delta.T @ (self.siginv @ delta)
[mcmc] Progress @ 2026-06-23 14:18:39 : 2238 steps taken, and 382 accepted.
/Users/matthewsmawfield/www/Temporal Equivalence Principle/TEP-HC/data/external/cobaya_packages/code/planck/clipy/clipy/smica.py:311: RuntimeWarning: divide by zero encountered in matmul
  lkl = -.5 * delta.T @ (self.siginv @ delta)
/Users/matthewsmawfield/www/Temporal Equivalence Principle/TEP-HC/data/external/cobaya_packages/code/planck/clipy/clipy/smica.py:311: RuntimeWarning: overflow encountered in matmul
  lkl = -.5 * delta.T @ (self.siginv @ delta)
/Users/matthewsmawfield/www/Temporal Equivalence Principle/TEP-HC/data/external/cobaya_packages/code/planck/clipy/clipy/smica.py:311: RuntimeWarning: invalid value encountered in matmul
  lkl = -.5 * delta.T @ (self.siginv @ delta)
[mcmc] Progress @ 2026-06-23 14:19:32 : 3102 steps taken, and 466 accepted.
/Users/matthewsmawfield/www/Temporal Equivalence Principle/TEP-HC/data/external/cobaya_packages/code/planck/clipy/clipy/smica.py:311: RuntimeWarning: divide by zero encountered in matmul
  lkl = -.5 * delta.T @ (self.siginv @ delta)
/Users/matthewsmawfield/www/Temporal Equivalence Principle/TEP-HC/data/external/cobaya_packages/code/planck/clipy/clipy/smica.py:311: RuntimeWarning: overflow encountered in matmul
  lkl = -.5 * delta.T @ (self.siginv @ delta)
/Users/matthewsmawfield/www/Temporal Equivalence Principle/TEP-HC/data/external/cobaya_packages/code/planck/clipy/clipy/smica.py:311: RuntimeWarning: invalid value encountered in matmul
  lkl = -.5 * delta.T @ (self.siginv @ delta)
[mcmc] Progress @ 2026-06-23 14:19:36 : 3474 steps taken, and 539 accepted.
/Users/matthewsmawfield/www/Temporal Equivalence Principle/TEP-HC/data/external/cobaya_packages/code/planck/clipy/clipy/smica.py:311: RuntimeWarning: divide by zero encountered in matmul
  lkl = -.5 * delta.T @ (self.siginv @ delta)
/Users/matthewsmawfield/www/Temporal Equivalence Principle/TEP-HC/data/external/cobaya_packages/code/planck/clipy/clipy/smica.py:311: RuntimeWarning: overflow encountered in matmul
  lkl = -.5 * delta.T @ (self.siginv @ delta)
/Users/matthewsmawfield/www/Temporal Equivalence Principle/TEP-HC/data/external/cobaya_packages/code/planck/clipy/clipy/smica.py:311: RuntimeWarning: invalid value encountered in matmul
  lkl = -.5 * delta.T @ (self.siginv @ delta)
[mcmc] Progress @ 2026-06-23 14:19:39 : 3013 steps taken, and 436 accepted.
/Users/matthewsmawfield/www/Temporal Equivalence Principle/TEP-HC/data/external/cobaya_packages/code/planck/clipy/clipy/smica.py:311: RuntimeWarning: divide by zero encountered in matmul
  lkl = -.5 * delta.T @ (self.siginv @ delta)
/Users/matthewsmawfield/www/Temporal Equivalence Principle/TEP-HC/data/external/cobaya_packages/code/planck/clipy/clipy/smica.py:311: RuntimeWarning: overflow encountered in matmul
  lkl = -.5 * delta.T @ (self.siginv @ delta)
/Users/matthewsmawfield/www/Temporal Equivalence Principle/TEP-HC/data/external/cobaya_packages/code/planck/clipy/clipy/smica.py:311: RuntimeWarning: invalid value encountered in matmul
  lkl = -.5 * delta.T @ (self.siginv @ delta)
[mcmc] Progress @ 2026-06-23 14:19:41 : 2481 steps taken, and 425 accepted.
/Users/matthewsmawfield/www/Temporal Equivalence Principle/TEP-HC/data/external/cobaya_packages/code/planck/clipy/clipy/smica.py:311: RuntimeWarning: divide by zero encountered in matmul
  lkl = -.5 * delta.T @ (self.siginv @ delta)
/Users/matthewsmawfield/www/Temporal Equivalence Principle/TEP-HC/data/external/cobaya_packages/code/planck/clipy/clipy/smica.py:311: RuntimeWarning: overflow encountered in matmul
  lkl = -.5 * delta.T @ (self.siginv @ delta)
/Users/matthewsmawfield/www/Temporal Equivalence Principle/TEP-HC/data/external/cobaya_packages/code/planck/clipy/clipy/smica.py:311: RuntimeWarning: invalid value encountered in matmul
  lkl = -.5 * delta.T @ (self.siginv @ delta)
[mcmc] Progress @ 2026-06-23 14:20:34 : 3382 steps taken, and 511 accepted.
/Users/matthewsmawfield/www/Temporal Equivalence Principle/TEP-HC/data/external/cobaya_packages/code/planck/clipy/clipy/smica.py:311: RuntimeWarning: divide by zero encountered in matmul
  lkl = -.5 * delta.T @ (self.siginv @ delta)
/Users/matthewsmawfield/www/Temporal Equivalence Principle/TEP-HC/data/external/cobaya_packages/code/planck/clipy/clipy/smica.py:311: RuntimeWarning: overflow encountered in matmul
  lkl = -.5 * delta.T @ (self.siginv @ delta)
/Users/matthewsmawfield/www/Temporal Equivalence Principle/TEP-HC/data/external/cobaya_packages/code/planck/clipy/clipy/smica.py:311: RuntimeWarning: invalid value encountered in matmul
  lkl = -.5 * delta.T @ (self.siginv @ delta)
[mcmc] Progress @ 2026-06-23 14:20:37 : 3774 steps taken, and 587 accepted.
/Users/matthewsmawfield/www/Temporal Equivalence Principle/TEP-HC/data/external/cobaya_packages/code/planck/clipy/clipy/smica.py:311: RuntimeWarning: divide by zero encountered in matmul
  lkl = -.5 * delta.T @ (self.siginv @ delta)
/Users/matthewsmawfield/www/Temporal Equivalence Principle/TEP-HC/data/external/cobaya_packages/code/planck/clipy/clipy/smica.py:311: RuntimeWarning: overflow encountered in matmul
  lkl = -.5 * delta.T @ (self.siginv @ delta)
/Users/matthewsmawfield/www/Temporal Equivalence Principle/TEP-HC/data/external/cobaya_packages/code/planck/clipy/clipy/smica.py:311: RuntimeWarning: invalid value encountered in matmul
  lkl = -.5 * delta.T @ (self.siginv @ delta)
[mcmc] Progress @ 2026-06-23 14:20:41 : 2771 steps taken, and 477 accepted.
/Users/matthewsmawfield/www/Temporal Equivalence Principle/TEP-HC/data/external/cobaya_packages/code/planck/clipy/clipy/smica.py:311: RuntimeWarning: divide by zero encountered in matmul
  lkl = -.5 * delta.T @ (self.siginv @ delta)
/Users/matthewsmawfield/www/Temporal Equivalence Principle/TEP-HC/data/external/cobaya_packages/code/planck/clipy/clipy/smica.py:311: RuntimeWarning: overflow encountered in matmul
  lkl = -.5 * delta.T @ (self.siginv @ delta)
/Users/matthewsmawfield/www/Temporal Equivalence Principle/TEP-HC/data/external/cobaya_packages/code/planck/clipy/clipy/smica.py:311: RuntimeWarning: invalid value encountered in matmul
  lkl = -.5 * delta.T @ (self.siginv @ delta)
[mcmc] Progress @ 2026-06-23 14:20:42 : 3393 steps taken, and 493 accepted.
/Users/matthewsmawfield/www/Temporal Equivalence Principle/TEP-HC/data/external/cobaya_packages/code/planck/clipy/clipy/smica.py:311: RuntimeWarning: divide by zero encountered in matmul
  lkl = -.5 * delta.T @ (self.siginv @ delta)
/Users/matthewsmawfield/www/Temporal Equivalence Principle/TEP-HC/data/external/cobaya_packages/code/planck/clipy/clipy/smica.py:311: RuntimeWarning: overflow encountered in matmul
  lkl = -.5 * delta.T @ (self.siginv @ delta)
/Users/matthewsmawfield/www/Temporal Equivalence Principle/TEP-HC/data/external/cobaya_packages/code/planck/clipy/clipy/smica.py:311: RuntimeWarning: invalid value encountered in matmul
  lkl = -.5 * delta.T @ (self.siginv @ delta)
[mcmc] Progress @ 2026-06-23 14:21:34 : 3827 steps taken, and 585 accepted.
/Users/matthewsmawfield/www/Temporal Equivalence Principle/TEP-HC/data/external/cobaya_packages/code/planck/clipy/clipy/smica.py:311: RuntimeWarning: divide by zero encountered in matmul
  lkl = -.5 * delta.T @ (self.siginv @ delta)
/Users/matthewsmawfield/www/Temporal Equivalence Principle/TEP-HC/data/external/cobaya_packages/code/planck/clipy/clipy/smica.py:311: RuntimeWarning: overflow encountered in matmul
  lkl = -.5 * delta.T @ (self.siginv @ delta)
/Users/matthewsmawfield/www/Temporal Equivalence Principle/TEP-HC/data/external/cobaya_packages/code/planck/clipy/clipy/smica.py:311: RuntimeWarning: invalid value encountered in matmul
  lkl = -.5 * delta.T @ (self.siginv @ delta)
[mcmc] Progress @ 2026-06-23 14:21:37 : 4136 steps taken, and 646 accepted.
/Users/matthewsmawfield/www/Temporal Equivalence Principle/TEP-HC/data/external/cobaya_packages/code/planck/clipy/clipy/smica.py:311: RuntimeWarning: divide by zero encountered in matmul
  lkl = -.5 * delta.T @ (self.siginv @ delta)
/Users/matthewsmawfield/www/Temporal Equivalence Principle/TEP-HC/data/external/cobaya_packages/code/planck/clipy/clipy/smica.py:311: RuntimeWarning: overflow encountered in matmul
  lkl = -.5 * delta.T @ (self.siginv @ delta)
/Users/matthewsmawfield/www/Temporal Equivalence Principle/TEP-HC/data/external/cobaya_packages/code/planck/clipy/clipy/smica.py:311: RuntimeWarning: invalid value encountered in matmul
  lkl = -.5 * delta.T @ (self.siginv @ delta)
[mcmc] Progress @ 2026-06-23 14:21:41 : 3055 steps taken, and 531 accepted.
/Users/matthewsmawfield/www/Temporal Equivalence Principle/TEP-HC/data/external/cobaya_packages/code/planck/clipy/clipy/smica.py:311: RuntimeWarning: divide by zero encountered in matmul
  lkl = -.5 * delta.T @ (self.siginv @ delta)
/Users/matthewsmawfield/www/Temporal Equivalence Principle/TEP-HC/data/external/cobaya_packages/code/planck/clipy/clipy/smica.py:311: RuntimeWarning: overflow encountered in matmul
  lkl = -.5 * delta.T @ (self.siginv @ delta)
/Users/matthewsmawfield/www/Temporal Equivalence Principle/TEP-HC/data/external/cobaya_packages/code/planck/clipy/clipy/smica.py:311: RuntimeWarning: invalid value encountered in matmul
  lkl = -.5 * delta.T @ (self.siginv @ delta)
[mcmc] Progress @ 2026-06-23 14:21:42 : 3762 steps taken, and 549 accepted.
/Users/matthewsmawfield/www/Temporal Equivalence Principle/TEP-HC/data/external/cobaya_packages/code/planck/clipy/clipy/smica.py:311: RuntimeWarning: divide by zero encountered in matmul
  lkl = -.5 * delta.T @ (self.siginv @ delta)
/Users/matthewsmawfield/www/Temporal Equivalence Principle/TEP-HC/data/external/cobaya_packages/code/planck/clipy/clipy/smica.py:311: RuntimeWarning: overflow encountered in matmul
  lkl = -.5 * delta.T @ (self.siginv @ delta)
/Users/matthewsmawfield/www/Temporal Equivalence Principle/TEP-HC/data/external/cobaya_packages/code/planck/clipy/clipy/smica.py:311: RuntimeWarning: invalid value encountered in matmul
  lkl = -.5 * delta.T @ (self.siginv @ delta)
[mcmc] Progress @ 2026-06-23 14:22:35 : 4171 steps taken, and 645 accepted.
/Users/matthewsmawfield/www/Temporal Equivalence Principle/TEP-HC/data/external/cobaya_packages/code/planck/clipy/clipy/smica.py:311: RuntimeWarning: divide by zero encountered in matmul
  lkl = -.5 * delta.T @ (self.siginv @ delta)
/Users/matthewsmawfield/www/Temporal Equivalence Principle/TEP-HC/data/external/cobaya_packages/code/planck/clipy/clipy/smica.py:311: RuntimeWarning: overflow encountered in matmul
  lkl = -.5 * delta.T @ (self.siginv @ delta)
/Users/matthewsmawfield/www/Temporal Equivalence Principle/TEP-HC/data/external/cobaya_packages/code/planck/clipy/clipy/smica.py:311: RuntimeWarning: invalid value encountered in matmul
  lkl = -.5 * delta.T @ (self.siginv @ delta)
[mcmc] Progress @ 2026-06-23 14:22:39 : 4507 steps taken, and 702 accepted.
/Users/matthewsmawfield/www/Temporal Equivalence Principle/TEP-HC/data/external/cobaya_packages/code/planck/clipy/clipy/smica.py:311: RuntimeWarning: divide by zero encountered in matmul
  lkl = -.5 * delta.T @ (self.siginv @ delta)
/Users/matthewsmawfield/www/Temporal Equivalence Principle/TEP-HC/data/external/cobaya_packages/code/planck/clipy/clipy/smica.py:311: RuntimeWarning: overflow encountered in matmul
  lkl = -.5 * delta.T @ (self.siginv @ delta)
/Users/matthewsmawfield/www/Temporal Equivalence Principle/TEP-HC/data/external/cobaya_packages/code/planck/clipy/clipy/smica.py:311: RuntimeWarning: invalid value encountered in matmul
  lkl = -.5 * delta.T @ (self.siginv @ delta)
[mcmc] Progress @ 2026-06-23 14:22:42 : 4043 steps taken, and 593 accepted.
/Users/matthewsmawfield/www/Temporal Equivalence Principle/TEP-HC/data/external/cobaya_packages/code/planck/clipy/clipy/smica.py:311: RuntimeWarning: divide by zero encountered in matmul
  lkl = -.5 * delta.T @ (self.siginv @ delta)
/Users/matthewsmawfield/www/Temporal Equivalence Principle/TEP-HC/data/external/cobaya_packages/code/planck/clipy/clipy/smica.py:311: RuntimeWarning: overflow encountered in matmul
  lkl = -.5 * delta.T @ (self.siginv @ delta)
/Users/matthewsmawfield/www/Temporal Equivalence Principle/TEP-HC/data/external/cobaya_packages/code/planck/clipy/clipy/smica.py:311: RuntimeWarning: invalid value encountered in matmul
  lkl = -.5 * delta.T @ (self.siginv @ delta)
[mcmc] Progress @ 2026-06-23 14:22:44 : 3390 steps taken, and 590 accepted.
/Users/matthewsmawfield/www/Temporal Equivalence Principle/TEP-HC/data/external/cobaya_packages/code/planck/clipy/clipy/smica.py:311: RuntimeWarning: divide by zero encountered in matmul
  lkl = -.5 * delta.T @ (self.siginv @ delta)
/Users/matthewsmawfield/www/Temporal Equivalence Principle/TEP-HC/data/external/cobaya_packages/code/planck/clipy/clipy/smica.py:311: RuntimeWarning: overflow encountered in matmul
  lkl = -.5 * delta.T @ (self.siginv @ delta)
/Users/matthewsmawfield/www/Temporal Equivalence Principle/TEP-HC/data/external/cobaya_packages/code/planck/clipy/clipy/smica.py:311: RuntimeWarning: invalid value encountered in matmul
  lkl = -.5 * delta.T @ (self.siginv @ delta)
[mcmc] Progress @ 2026-06-23 14:23:36 : 4711 steps taken, and 729 accepted.
/Users/matthewsmawfield/www/Temporal Equivalence Principle/TEP-HC/data/external/cobaya_packages/code/planck/clipy/clipy/smica.py:311: RuntimeWarning: divide by zero encountered in matmul
  lkl = -.5 * delta.T @ (self.siginv @ delta)
/Users/matthewsmawfield/www/Temporal Equivalence Principle/TEP-HC/data/external/cobaya_packages/code/planck/clipy/clipy/smica.py:311: RuntimeWarning: overflow encountered in matmul
  lkl = -.5 * delta.T @ (self.siginv @ delta)
/Users/matthewsmawfield/www/Temporal Equivalence Principle/TEP-HC/data/external/cobaya_packages/code/planck/clipy/clipy/smica.py:311: RuntimeWarning: invalid value encountered in matmul
  lkl = -.5 * delta.T @ (self.siginv @ delta)
[mcmc] Progress @ 2026-06-23 14:23:41 : 4848 steps taken, and 753 accepted.
/Users/matthewsmawfield/www/Temporal Equivalence Principle/TEP-HC/data/external/cobaya_packages/code/planck/clipy/clipy/smica.py:311: RuntimeWarning: divide by zero encountered in matmul
  lkl = -.5 * delta.T @ (self.siginv @ delta)
/Users/matthewsmawfield/www/Temporal Equivalence Principle/TEP-HC/data/external/cobaya_packages/code/planck/clipy/clipy/smica.py:311: RuntimeWarning: overflow encountered in matmul
  lkl = -.5 * delta.T @ (self.siginv @ delta)
/Users/matthewsmawfield/www/Temporal Equivalence Principle/TEP-HC/data/external/cobaya_packages/code/planck/clipy/clipy/smica.py:311: RuntimeWarning: invalid value encountered in matmul
  lkl = -.5 * delta.T @ (self.siginv @ delta)
[mcmc] Progress @ 2026-06-23 14:23:42 : 4377 steps taken, and 648 accepted.
[mcmc] Progress @ 2026-06-23 14:23:45 : 3633 steps taken, and 630 accepted.
/Users/matthewsmawfield/www/Temporal Equivalence Principle/TEP-HC/data/external/cobaya_packages/code/planck/clipy/clipy/smica.py:311: RuntimeWarning: divide by zero encountered in matmul
  lkl = -.5 * delta.T @ (self.siginv @ delta)
/Users/matthewsmawfield/www/Temporal Equivalence Principle/TEP-HC/data/external/cobaya_packages/code/planck/clipy/clipy/smica.py:311: RuntimeWarning: overflow encountered in matmul
  lkl = -.5 * delta.T @ (self.siginv @ delta)
/Users/matthewsmawfield/www/Temporal Equivalence Principle/TEP-HC/data/external/cobaya_packages/code/planck/clipy/clipy/smica.py:311: RuntimeWarning: invalid value encountered in matmul
  lkl = -.5 * delta.T @ (self.siginv @ delta)
/Users/matthewsmawfield/www/Temporal Equivalence Principle/TEP-HC/data/external/cobaya_packages/code/planck/clipy/clipy/smica.py:311: RuntimeWarning: divide by zero encountered in matmul
  lkl = -.5 * delta.T @ (self.siginv @ delta)
/Users/matthewsmawfield/www/Temporal Equivalence Principle/TEP-HC/data/external/cobaya_packages/code/planck/clipy/clipy/smica.py:311: RuntimeWarning: overflow encountered in matmul
  lkl = -.5 * delta.T @ (self.siginv @ delta)
/Users/matthewsmawfield/www/Temporal Equivalence Principle/TEP-HC/data/external/cobaya_packages/code/planck/clipy/clipy/smica.py:311: RuntimeWarning: invalid value encountered in matmul
  lkl = -.5 * delta.T @ (self.siginv @ delta)
[mcmc] Progress @ 2026-06-23 14:24:39 : 5135 steps taken, and 794 accepted.
/Users/matthewsmawfield/www/Temporal Equivalence Principle/TEP-HC/data/external/cobaya_packages/code/planck/clipy/clipy/smica.py:311: RuntimeWarning: divide by zero encountered in matmul
  lkl = -.5 * delta.T @ (self.siginv @ delta)
/Users/matthewsmawfield/www/Temporal Equivalence Principle/TEP-HC/data/external/cobaya_packages/code/planck/clipy/clipy/smica.py:311: RuntimeWarning: overflow encountered in matmul
  lkl = -.5 * delta.T @ (self.siginv @ delta)
/Users/matthewsmawfield/www/Temporal Equivalence Principle/TEP-HC/data/external/cobaya_packages/code/planck/clipy/clipy/smica.py:311: RuntimeWarning: invalid value encountered in matmul
  lkl = -.5 * delta.T @ (self.siginv @ delta)
[mcmc] Progress @ 2026-06-23 14:24:43 : 4603 steps taken, and 687 accepted.
/Users/matthewsmawfield/www/Temporal Equivalence Principle/TEP-HC/data/external/cobaya_packages/code/planck/clipy/clipy/smica.py:311: RuntimeWarning: divide by zero encountered in matmul
  lkl = -.5 * delta.T @ (self.siginv @ delta)
/Users/matthewsmawfield/www/Temporal Equivalence Principle/TEP-HC/data/external/cobaya_packages/code/planck/clipy/clipy/smica.py:311: RuntimeWarning: overflow encountered in matmul
  lkl = -.5 * delta.T @ (self.siginv @ delta)
/Users/matthewsmawfield/www/Temporal Equivalence Principle/TEP-HC/data/external/cobaya_packages/code/planck/clipy/clipy/smica.py:311: RuntimeWarning: invalid value encountered in matmul
  lkl = -.5 * delta.T @ (self.siginv @ delta)
[mcmc] Progress @ 2026-06-23 14:24:43 : 5196 steps taken, and 810 accepted.
/Users/matthewsmawfield/www/Temporal Equivalence Principle/TEP-HC/data/external/cobaya_packages/code/planck/clipy/clipy/smica.py:311: RuntimeWarning: divide by zero encountered in matmul
  lkl = -.5 * delta.T @ (self.siginv @ delta)
/Users/matthewsmawfield/www/Temporal Equivalence Principle/TEP-HC/data/external/cobaya_packages/code/planck/clipy/clipy/smica.py:311: RuntimeWarning: overflow encountered in matmul
  lkl = -.5 * delta.T @ (self.siginv @ delta)
/Users/matthewsmawfield/www/Temporal Equivalence Principle/TEP-HC/data/external/cobaya_packages/code/planck/clipy/clipy/smica.py:311: RuntimeWarning: invalid value encountered in matmul
  lkl = -.5 * delta.T @ (self.siginv @ delta)
[mcmc] Progress @ 2026-06-23 14:24:46 : 3977 steps taken, and 695 accepted.
/Users/matthewsmawfield/www/Temporal Equivalence Principle/TEP-HC/data/external/cobaya_packages/code/planck/clipy/clipy/smica.py:311: RuntimeWarning: divide by zero encountered in matmul
  lkl = -.5 * delta.T @ (self.siginv @ delta)
/Users/matthewsmawfield/www/Temporal Equivalence Principle/TEP-HC/data/external/cobaya_packages/code/planck/clipy/clipy/smica.py:311: RuntimeWarning: overflow encountered in matmul
  lkl = -.5 * delta.T @ (self.siginv @ delta)
/Users/matthewsmawfield/www/Temporal Equivalence Principle/TEP-HC/data/external/cobaya_packages/code/planck/clipy/clipy/smica.py:311: RuntimeWarning: invalid value encountered in matmul
  lkl = -.5 * delta.T @ (self.siginv @ delta)
[mcmc] Progress @ 2026-06-23 14:25:40 : 5688 steps taken, and 877 accepted.
/Users/matthewsmawfield/www/Temporal Equivalence Principle/TEP-HC/data/external/cobaya_packages/code/planck/clipy/clipy/smica.py:311: RuntimeWarning: divide by zero encountered in matmul
  lkl = -.5 * delta.T @ (self.siginv @ delta)
/Users/matthewsmawfield/www/Temporal Equivalence Principle/TEP-HC/data/external/cobaya_packages/code/planck/clipy/clipy/smica.py:311: RuntimeWarning: overflow encountered in matmul
  lkl = -.5 * delta.T @ (self.siginv @ delta)
/Users/matthewsmawfield/www/Temporal Equivalence Principle/TEP-HC/data/external/cobaya_packages/code/planck/clipy/clipy/smica.py:311: RuntimeWarning: invalid value encountered in matmul
  lkl = -.5 * delta.T @ (self.siginv @ delta)
[mcmc] Progress @ 2026-06-23 14:25:43 : 5670 steps taken, and 882 accepted.
/Users/matthewsmawfield/www/Temporal Equivalence Principle/TEP-HC/data/external/cobaya_packages/code/planck/clipy/clipy/smica.py:311: RuntimeWarning: divide by zero encountered in matmul
  lkl = -.5 * delta.T @ (self.siginv @ delta)
/Users/matthewsmawfield/www/Temporal Equivalence Principle/TEP-HC/data/external/cobaya_packages/code/planck/clipy/clipy/smica.py:311: RuntimeWarning: overflow encountered in matmul
  lkl = -.5 * delta.T @ (self.siginv @ delta)
/Users/matthewsmawfield/www/Temporal Equivalence Principle/TEP-HC/data/external/cobaya_packages/code/planck/clipy/clipy/smica.py:311: RuntimeWarning: invalid value encountered in matmul
  lkl = -.5 * delta.T @ (self.siginv @ delta)
[mcmc] Progress @ 2026-06-23 14:25:44 : 4968 steps taken, and 737 accepted.
/Users/matthewsmawfield/www/Temporal Equivalence Principle/TEP-HC/data/external/cobaya_packages/code/planck/clipy/clipy/smica.py:311: RuntimeWarning: divide by zero encountered in matmul
  lkl = -.5 * delta.T @ (self.siginv @ delta)
/Users/matthewsmawfield/www/Temporal Equivalence Principle/TEP-HC/data/external/cobaya_packages/code/planck/clipy/clipy/smica.py:311: RuntimeWarning: overflow encountered in matmul
  lkl = -.5 * delta.T @ (self.siginv @ delta)
/Users/matthewsmawfield/www/Temporal Equivalence Principle/TEP-HC/data/external/cobaya_packages/code/planck/clipy/clipy/smica.py:311: RuntimeWarning: invalid value encountered in matmul
  lkl = -.5 * delta.T @ (self.siginv @ delta)
[mcmc] Progress @ 2026-06-23 14:25:48 : 4319 steps taken, and 757 accepted.
/Users/matthewsmawfield/www/Temporal Equivalence Principle/TEP-HC/data/external/cobaya_packages/code/planck/clipy/clipy/smica.py:311: RuntimeWarning: divide by zero encountered in matmul
  lkl = -.5 * delta.T @ (self.siginv @ delta)
/Users/matthewsmawfield/www/Temporal Equivalence Principle/TEP-HC/data/external/cobaya_packages/code/planck/clipy/clipy/smica.py:311: RuntimeWarning: overflow encountered in matmul
  lkl = -.5 * delta.T @ (self.siginv @ delta)
/Users/matthewsmawfield/www/Temporal Equivalence Principle/TEP-HC/data/external/cobaya_packages/code/planck/clipy/clipy/smica.py:311: RuntimeWarning: invalid value encountered in matmul
  lkl = -.5 * delta.T @ (self.siginv @ delta)
[mcmc] Progress @ 2026-06-23 14:26:40 : 6167 steps taken, and 951 accepted.
/Users/matthewsmawfield/www/Temporal Equivalence Principle/TEP-HC/data/external/cobaya_packages/code/planck/clipy/clipy/smica.py:311: RuntimeWarning: divide by zero encountered in matmul
  lkl = -.5 * delta.T @ (self.siginv @ delta)
/Users/matthewsmawfield/www/Temporal Equivalence Principle/TEP-HC/data/external/cobaya_packages/code/planck/clipy/clipy/smica.py:311: RuntimeWarning: overflow encountered in matmul
  lkl = -.5 * delta.T @ (self.siginv @ delta)
/Users/matthewsmawfield/www/Temporal Equivalence Principle/TEP-HC/data/external/cobaya_packages/code/planck/clipy/clipy/smica.py:311: RuntimeWarning: invalid value encountered in matmul
  lkl = -.5 * delta.T @ (self.siginv @ delta)
[mcmc] Progress @ 2026-06-23 14:26:43 : 6092 steps taken, and 943 accepted.
/Users/matthewsmawfield/www/Temporal Equivalence Principle/TEP-HC/data/external/cobaya_packages/code/planck/clipy/clipy/smica.py:311: RuntimeWarning: divide by zero encountered in matmul
  lkl = -.5 * delta.T @ (self.siginv @ delta)
/Users/matthewsmawfield/www/Temporal Equivalence Principle/TEP-HC/data/external/cobaya_packages/code/planck/clipy/clipy/smica.py:311: RuntimeWarning: overflow encountered in matmul
  lkl = -.5 * delta.T @ (self.siginv @ delta)
/Users/matthewsmawfield/www/Temporal Equivalence Principle/TEP-HC/data/external/cobaya_packages/code/planck/clipy/clipy/smica.py:311: RuntimeWarning: invalid value encountered in matmul
  lkl = -.5 * delta.T @ (self.siginv @ delta)
[mcmc] Progress @ 2026-06-23 14:26:47 : 5347 steps taken, and 800 accepted.
/Users/matthewsmawfield/www/Temporal Equivalence Principle/TEP-HC/data/external/cobaya_packages/code/planck/clipy/clipy/smica.py:311: RuntimeWarning: divide by zero encountered in matmul
  lkl = -.5 * delta.T @ (self.siginv @ delta)
/Users/matthewsmawfield/www/Temporal Equivalence Principle/TEP-HC/data/external/cobaya_packages/code/planck/clipy/clipy/smica.py:311: RuntimeWarning: overflow encountered in matmul
  lkl = -.5 * delta.T @ (self.siginv @ delta)
/Users/matthewsmawfield/www/Temporal Equivalence Principle/TEP-HC/data/external/cobaya_packages/code/planck/clipy/clipy/smica.py:311: RuntimeWarning: invalid value encountered in matmul
  lkl = -.5 * delta.T @ (self.siginv @ delta)
[mcmc] Progress @ 2026-06-23 14:26:50 : 4681 steps taken, and 816 accepted.
/Users/matthewsmawfield/www/Temporal Equivalence Principle/TEP-HC/data/external/cobaya_packages/code/planck/clipy/clipy/smica.py:311: RuntimeWarning: divide by zero encountered in matmul
  lkl = -.5 * delta.T @ (self.siginv @ delta)
/Users/matthewsmawfield/www/Temporal Equivalence Principle/TEP-HC/data/external/cobaya_packages/code/planck/clipy/clipy/smica.py:311: RuntimeWarning: overflow encountered in matmul
  lkl = -.5 * delta.T @ (self.siginv @ delta)
/Users/matthewsmawfield/www/Temporal Equivalence Principle/TEP-HC/data/external/cobaya_packages/code/planck/clipy/clipy/smica.py:311: RuntimeWarning: invalid value encountered in matmul
  lkl = -.5 * delta.T @ (self.siginv @ delta)
[mcmc] Progress @ 2026-06-23 14:27:42 : 6628 steps taken, and 1021 accepted.
/Users/matthewsmawfield/www/Temporal Equivalence Principle/TEP-HC/data/external/cobaya_packages/code/planck/clipy/clipy/smica.py:311: RuntimeWarning: divide by zero encountered in matmul
  lkl = -.5 * delta.T @ (self.siginv @ delta)
/Users/matthewsmawfield/www/Temporal Equivalence Principle/TEP-HC/data/external/cobaya_packages/code/planck/clipy/clipy/smica.py:311: RuntimeWarning: overflow encountered in matmul
  lkl = -.5 * delta.T @ (self.siginv @ delta)
/Users/matthewsmawfield/www/Temporal Equivalence Principle/TEP-HC/data/external/cobaya_packages/code/planck/clipy/clipy/smica.py:311: RuntimeWarning: invalid value encountered in matmul
  lkl = -.5 * delta.T @ (self.siginv @ delta)
[mcmc] Progress @ 2026-06-23 14:27:44 : 6565 steps taken, and 1019 accepted.
/Users/matthewsmawfield/www/Temporal Equivalence Principle/TEP-HC/data/external/cobaya_packages/code/planck/clipy/clipy/smica.py:311: RuntimeWarning: divide by zero encountered in matmul
  lkl = -.5 * delta.T @ (self.siginv @ delta)
/Users/matthewsmawfield/www/Temporal Equivalence Principle/TEP-HC/data/external/cobaya_packages/code/planck/clipy/clipy/smica.py:311: RuntimeWarning: overflow encountered in matmul
  lkl = -.5 * delta.T @ (self.siginv @ delta)
/Users/matthewsmawfield/www/Temporal Equivalence Principle/TEP-HC/data/external/cobaya_packages/code/planck/clipy/clipy/smica.py:311: RuntimeWarning: invalid value encountered in matmul
  lkl = -.5 * delta.T @ (self.siginv @ delta)
[mcmc] Progress @ 2026-06-23 14:27:47 : 5735 steps taken, and 864 accepted.
/Users/matthewsmawfield/www/Temporal Equivalence Principle/TEP-HC/data/external/cobaya_packages/code/planck/clipy/clipy/smica.py:311: RuntimeWarning: divide by zero encountered in matmul
  lkl = -.5 * delta.T @ (self.siginv @ delta)
/Users/matthewsmawfield/www/Temporal Equivalence Principle/TEP-HC/data/external/cobaya_packages/code/planck/clipy/clipy/smica.py:311: RuntimeWarning: overflow encountered in matmul
  lkl = -.5 * delta.T @ (self.siginv @ delta)
/Users/matthewsmawfield/www/Temporal Equivalence Principle/TEP-HC/data/external/cobaya_packages/code/planck/clipy/clipy/smica.py:311: RuntimeWarning: invalid value encountered in matmul
  lkl = -.5 * delta.T @ (self.siginv @ delta)
[mcmc] Progress @ 2026-06-23 14:27:50 : 5096 steps taken, and 874 accepted.
/Users/matthewsmawfield/www/Temporal Equivalence Principle/TEP-HC/data/external/cobaya_packages/code/planck/clipy/clipy/smica.py:311: RuntimeWarning: divide by zero encountered in matmul
  lkl = -.5 * delta.T @ (self.siginv @ delta)
/Users/matthewsmawfield/www/Temporal Equivalence Principle/TEP-HC/data/external/cobaya_packages/code/planck/clipy/clipy/smica.py:311: RuntimeWarning: overflow encountered in matmul
  lkl = -.5 * delta.T @ (self.siginv @ delta)
/Users/matthewsmawfield/www/Temporal Equivalence Principle/TEP-HC/data/external/cobaya_packages/code/planck/clipy/clipy/smica.py:311: RuntimeWarning: invalid value encountered in matmul
  lkl = -.5 * delta.T @ (self.siginv @ delta)
[mcmc] Learn + convergence test @ 1040 samples accepted.
[mcmc]  - Acceptance rate: 0.781
[mcmc]  - Convergence of means: R-1 = 39.778473 after 832 accepted steps
[mcmc] Convergence less than requested for updates: waiting until the next convergence check.
/Users/matthewsmawfield/www/Temporal Equivalence Principle/TEP-HC/data/external/cobaya_packages/code/planck/clipy/clipy/smica.py:311: RuntimeWarning: divide by zero encountered in matmul
  lkl = -.5 * delta.T @ (self.siginv @ delta)
/Users/matthewsmawfield/www/Temporal Equivalence Principle/TEP-HC/data/external/cobaya_packages/code/planck/clipy/clipy/smica.py:311: RuntimeWarning: overflow encountered in matmul
  lkl = -.5 * delta.T @ (self.siginv @ delta)
/Users/matthewsmawfield/www/Temporal Equivalence Principle/TEP-HC/data/external/cobaya_packages/code/planck/clipy/clipy/smica.py:311: RuntimeWarning: invalid value encountered in matmul
  lkl = -.5 * delta.T @ (self.siginv @ delta)
[mcmc] Progress @ 2026-06-23 14:28:44 : 7022 steps taken, and 1076 accepted.
/Users/matthewsmawfield/www/Temporal Equivalence Principle/TEP-HC/data/external/cobaya_packages/code/planck/clipy/clipy/smica.py:311: RuntimeWarning: divide by zero encountered in matmul
  lkl = -.5 * delta.T @ (self.siginv @ delta)
/Users/matthewsmawfield/www/Temporal Equivalence Principle/TEP-HC/data/external/cobaya_packages/code/planck/clipy/clipy/smica.py:311: RuntimeWarning: overflow encountered in matmul
  lkl = -.5 * delta.T @ (self.siginv @ delta)
/Users/matthewsmawfield/www/Temporal Equivalence Principle/TEP-HC/data/external/cobaya_packages/code/planck/clipy/clipy/smica.py:311: RuntimeWarning: invalid value encountered in matmul
  lkl = -.5 * delta.T @ (self.siginv @ delta)
[mcmc] Progress @ 2026-06-23 14:28:45 : 6877 steps taken, and 1066 accepted.
/Users/matthewsmawfield/www/Temporal Equivalence Principle/TEP-HC/data/external/cobaya_packages/code/planck/clipy/clipy/smica.py:311: RuntimeWarning: divide by zero encountered in matmul
  lkl = -.5 * delta.T @ (self.siginv @ delta)
/Users/matthewsmawfield/www/Temporal Equivalence Principle/TEP-HC/data/external/cobaya_packages/code/planck/clipy/clipy/smica.py:311: RuntimeWarning: overflow encountered in matmul
  lkl = -.5 * delta.T @ (self.siginv @ delta)
/Users/matthewsmawfield/www/Temporal Equivalence Principle/TEP-HC/data/external/cobaya_packages/code/planck/clipy/clipy/smica.py:311: RuntimeWarning: invalid value encountered in matmul
  lkl = -.5 * delta.T @ (self.siginv @ delta)
[mcmc] Progress @ 2026-06-23 14:28:50 : 6051 steps taken, and 913 accepted.
/Users/matthewsmawfield/www/Temporal Equivalence Principle/TEP-HC/data/external/cobaya_packages/code/planck/clipy/clipy/smica.py:311: RuntimeWarning: divide by zero encountered in matmul
  lkl = -.5 * delta.T @ (self.siginv @ delta)
/Users/matthewsmawfield/www/Temporal Equivalence Principle/TEP-HC/data/external/cobaya_packages/code/planck/clipy/clipy/smica.py:311: RuntimeWarning: overflow encountered in matmul
  lkl = -.5 * delta.T @ (self.siginv @ delta)
/Users/matthewsmawfield/www/Temporal Equivalence Principle/TEP-HC/data/external/cobaya_packages/code/planck/clipy/clipy/smica.py:311: RuntimeWarning: invalid value encountered in matmul
  lkl = -.5 * delta.T @ (self.siginv @ delta)
[mcmc] Progress @ 2026-06-23 14:28:52 : 5612 steps taken, and 961 accepted.
/Users/matthewsmawfield/www/Temporal Equivalence Principle/TEP-HC/data/external/cobaya_packages/code/planck/clipy/clipy/smica.py:311: RuntimeWarning: divide by zero encountered in matmul
  lkl = -.5 * delta.T @ (self.siginv @ delta)
/Users/matthewsmawfield/www/Temporal Equivalence Principle/TEP-HC/data/external/cobaya_packages/code/planck/clipy/clipy/smica.py:311: RuntimeWarning: overflow encountered in matmul
  lkl = -.5 * delta.T @ (self.siginv @ delta)
/Users/matthewsmawfield/www/Temporal Equivalence Principle/TEP-HC/data/external/cobaya_packages/code/planck/clipy/clipy/smica.py:311: RuntimeWarning: invalid value encountered in matmul
  lkl = -.5 * delta.T @ (self.siginv @ delta)
[mcmc] Progress @ 2026-06-23 14:29:47 : 7240 steps taken, and 1126 accepted.
/Users/matthewsmawfield/www/Temporal Equivalence Principle/TEP-HC/data/external/cobaya_packages/code/planck/clipy/clipy/smica.py:311: RuntimeWarning: divide by zero encountered in matmul
  lkl = -.5 * delta.T @ (self.siginv @ delta)
/Users/matthewsmawfield/www/Temporal Equivalence Principle/TEP-HC/data/external/cobaya_packages/code/planck/clipy/clipy/smica.py:311: RuntimeWarning: overflow encountered in matmul
  lkl = -.5 * delta.T @ (self.siginv @ delta)
/Users/matthewsmawfield/www/Temporal Equivalence Principle/TEP-HC/data/external/cobaya_packages/code/planck/clipy/clipy/smica.py:311: RuntimeWarning: invalid value encountered in matmul
  lkl = -.5 * delta.T @ (self.siginv @ delta)
[mcmc] Progress @ 2026-06-23 14:29:47 : 7577 steps taken, and 1160 accepted.
/Users/matthewsmawfield/www/Temporal Equivalence Principle/TEP-HC/data/external/cobaya_packages/code/planck/clipy/clipy/smica.py:311: RuntimeWarning: divide by zero encountered in matmul
  lkl = -.5 * delta.T @ (self.siginv @ delta)
/Users/matthewsmawfield/www/Temporal Equivalence Principle/TEP-HC/data/external/cobaya_packages/code/planck/clipy/clipy/smica.py:311: RuntimeWarning: overflow encountered in matmul
  lkl = -.5 * delta.T @ (self.siginv @ delta)
/Users/matthewsmawfield/www/Temporal Equivalence Principle/TEP-HC/data/external/cobaya_packages/code/planck/clipy/clipy/smica.py:311: RuntimeWarning: invalid value encountered in matmul
  lkl = -.5 * delta.T @ (self.siginv @ delta)
[mcmc] Progress @ 2026-06-23 14:29:52 : 6395 steps taken, and 971 accepted.
/Users/matthewsmawfield/www/Temporal Equivalence Principle/TEP-HC/data/external/cobaya_packages/code/planck/clipy/clipy/smica.py:311: RuntimeWarning: divide by zero encountered in matmul
  lkl = -.5 * delta.T @ (self.siginv @ delta)
/Users/matthewsmawfield/www/Temporal Equivalence Principle/TEP-HC/data/external/cobaya_packages/code/planck/clipy/clipy/smica.py:311: RuntimeWarning: overflow encountered in matmul
  lkl = -.5 * delta.T @ (self.siginv @ delta)
/Users/matthewsmawfield/www/Temporal Equivalence Principle/TEP-HC/data/external/cobaya_packages/code/planck/clipy/clipy/smica.py:311: RuntimeWarning: invalid value encountered in matmul
  lkl = -.5 * delta.T @ (self.siginv @ delta)
[mcmc] Progress @ 2026-06-23 14:29:54 : 5951 steps taken, and 1025 accepted.
/Users/matthewsmawfield/www/Temporal Equivalence Principle/TEP-HC/data/external/cobaya_packages/code/planck/clipy/clipy/smica.py:311: RuntimeWarning: divide by zero encountered in matmul
  lkl = -.5 * delta.T @ (self.siginv @ delta)
/Users/matthewsmawfield/www/Temporal Equivalence Principle/TEP-HC/data/external/cobaya_packages/code/planck/clipy/clipy/smica.py:311: RuntimeWarning: overflow encountered in matmul
  lkl = -.5 * delta.T @ (self.siginv @ delta)
/Users/matthewsmawfield/www/Temporal Equivalence Principle/TEP-HC/data/external/cobaya_packages/code/planck/clipy/clipy/smica.py:311: RuntimeWarning: invalid value encountered in matmul
  lkl = -.5 * delta.T @ (self.siginv @ delta)
[mcmc] Progress @ 2026-06-23 14:30:49 : 7969 steps taken, and 1218 accepted.
/Users/matthewsmawfield/www/Temporal Equivalence Principle/TEP-HC/data/external/cobaya_packages/code/planck/clipy/clipy/smica.py:311: RuntimeWarning: divide by zero encountered in matmul
  lkl = -.5 * delta.T @ (self.siginv @ delta)
/Users/matthewsmawfield/www/Temporal Equivalence Principle/TEP-HC/data/external/cobaya_packages/code/planck/clipy/clipy/smica.py:311: RuntimeWarning: overflow encountered in matmul
  lkl = -.5 * delta.T @ (self.siginv @ delta)
/Users/matthewsmawfield/www/Temporal Equivalence Principle/TEP-HC/data/external/cobaya_packages/code/planck/clipy/clipy/smica.py:311: RuntimeWarning: invalid value encountered in matmul
  lkl = -.5 * delta.T @ (self.siginv @ delta)
[mcmc] Progress @ 2026-06-23 14:30:50 : 7650 steps taken, and 1191 accepted.
/Users/matthewsmawfield/www/Temporal Equivalence Principle/TEP-HC/data/external/cobaya_packages/code/planck/clipy/clipy/smica.py:311: RuntimeWarning: divide by zero encountered in matmul
  lkl = -.5 * delta.T @ (self.siginv @ delta)
/Users/matthewsmawfield/www/Temporal Equivalence Principle/TEP-HC/data/external/cobaya_packages/code/planck/clipy/clipy/smica.py:311: RuntimeWarning: overflow encountered in matmul
  lkl = -.5 * delta.T @ (self.siginv @ delta)
/Users/matthewsmawfield/www/Temporal Equivalence Principle/TEP-HC/data/external/cobaya_packages/code/planck/clipy/clipy/smica.py:311: RuntimeWarning: invalid value encountered in matmul
  lkl = -.5 * delta.T @ (self.siginv @ delta)
[mcmc] Progress @ 2026-06-23 14:30:54 : 6282 steps taken, and 1073 accepted.
/Users/matthewsmawfield/www/Temporal Equivalence Principle/TEP-HC/data/external/cobaya_packages/code/planck/clipy/clipy/smica.py:311: RuntimeWarning: divide by zero encountered in matmul
  lkl = -.5 * delta.T @ (self.siginv @ delta)
/Users/matthewsmawfield/www/Temporal Equivalence Principle/TEP-HC/data/external/cobaya_packages/code/planck/clipy/clipy/smica.py:311: RuntimeWarning: overflow encountered in matmul
  lkl = -.5 * delta.T @ (self.siginv @ delta)
/Users/matthewsmawfield/www/Temporal Equivalence Principle/TEP-HC/data/external/cobaya_packages/code/planck/clipy/clipy/smica.py:311: RuntimeWarning: invalid value encountered in matmul
  lkl = -.5 * delta.T @ (self.siginv @ delta)
[mcmc] Progress @ 2026-06-23 14:30:54 : 6742 steps taken, and 1022 accepted.
/Users/matthewsmawfield/www/Temporal Equivalence Principle/TEP-HC/data/external/cobaya_packages/code/planck/clipy/clipy/smica.py:311: RuntimeWarning: divide by zero encountered in matmul
  lkl = -.5 * delta.T @ (self.siginv @ delta)
/Users/matthewsmawfield/www/Temporal Equivalence Principle/TEP-HC/data/external/cobaya_packages/code/planck/clipy/clipy/smica.py:311: RuntimeWarning: overflow encountered in matmul
  lkl = -.5 * delta.T @ (self.siginv @ delta)
/Users/matthewsmawfield/www/Temporal Equivalence Principle/TEP-HC/data/external/cobaya_packages/code/planck/clipy/clipy/smica.py:311: RuntimeWarning: invalid value encountered in matmul
  lkl = -.5 * delta.T @ (self.siginv @ delta)
[mcmc] Learn + convergence test @ 1040 samples accepted.
[mcmc]  - Acceptance rate: 0.764
[mcmc]  - Convergence of means: R-1 = 24.521449 after 832 accepted steps
[mcmc]  - Updated covariance matrix of proposal pdf.
/Users/matthewsmawfield/www/Temporal Equivalence Principle/TEP-HC/data/external/cobaya_packages/code/planck/clipy/clipy/smica.py:311: RuntimeWarning: divide by zero encountered in matmul
  lkl = -.5 * delta.T @ (self.siginv @ delta)
/Users/matthewsmawfield/www/Temporal Equivalence Principle/TEP-HC/data/external/cobaya_packages/code/planck/clipy/clipy/smica.py:311: RuntimeWarning: overflow encountered in matmul
  lkl = -.5 * delta.T @ (self.siginv @ delta)
/Users/matthewsmawfield/www/Temporal Equivalence Principle/TEP-HC/data/external/cobaya_packages/code/planck/clipy/clipy/smica.py:311: RuntimeWarning: invalid value encountered in matmul
  lkl = -.5 * delta.T @ (self.siginv @ delta)
[mcmc] Learn + convergence test @ 1240 samples accepted.
[mcmc]  - Acceptance rate: 0.772
[mcmc]  - Convergence of means: R-1 = 34.399597 after 992 accepted steps
[mcmc] Convergence less than requested for updates: waiting until the next convergence check.
/Users/matthewsmawfield/www/Temporal Equivalence Principle/TEP-HC/data/external/cobaya_packages/code/planck/clipy/clipy/smica.py:311: RuntimeWarning: divide by zero encountered in matmul
  lkl = -.5 * delta.T @ (self.siginv @ delta)
/Users/matthewsmawfield/www/Temporal Equivalence Principle/TEP-HC/data/external/cobaya_packages/code/planck/clipy/clipy/smica.py:311: RuntimeWarning: overflow encountered in matmul
  lkl = -.5 * delta.T @ (self.siginv @ delta)
/Users/matthewsmawfield/www/Temporal Equivalence Principle/TEP-HC/data/external/cobaya_packages/code/planck/clipy/clipy/smica.py:311: RuntimeWarning: invalid value encountered in matmul
  lkl = -.5 * delta.T @ (self.siginv @ delta)
[mcmc] Progress @ 2026-06-23 14:31:51 : 8300 steps taken, and 1274 accepted.
/Users/matthewsmawfield/www/Temporal Equivalence Principle/TEP-HC/data/external/cobaya_packages/code/planck/clipy/clipy/smica.py:311: RuntimeWarning: divide by zero encountered in matmul
  lkl = -.5 * delta.T @ (self.siginv @ delta)
/Users/matthewsmawfield/www/Temporal Equivalence Principle/TEP-HC/data/external/cobaya_packages/code/planck/clipy/clipy/smica.py:311: RuntimeWarning: overflow encountered in matmul
  lkl = -.5 * delta.T @ (self.siginv @ delta)
/Users/matthewsmawfield/www/Temporal Equivalence Principle/TEP-HC/data/external/cobaya_packages/code/planck/clipy/clipy/smica.py:311: RuntimeWarning: invalid value encountered in matmul
  lkl = -.5 * delta.T @ (self.siginv @ delta)
[mcmc] Progress @ 2026-06-23 14:31:52 : 7997 steps taken, and 1242 accepted.
/Users/matthewsmawfield/www/Temporal Equivalence Principle/TEP-HC/data/external/cobaya_packages/code/planck/clipy/clipy/smica.py:311: RuntimeWarning: divide by zero encountered in matmul
  lkl = -.5 * delta.T @ (self.siginv @ delta)
/Users/matthewsmawfield/www/Temporal Equivalence Principle/TEP-HC/data/external/cobaya_packages/code/planck/clipy/clipy/smica.py:311: RuntimeWarning: overflow encountered in matmul
  lkl = -.5 * delta.T @ (self.siginv @ delta)
/Users/matthewsmawfield/www/Temporal Equivalence Principle/TEP-HC/data/external/cobaya_packages/code/planck/clipy/clipy/smica.py:311: RuntimeWarning: invalid value encountered in matmul
  lkl = -.5 * delta.T @ (self.siginv @ delta)
[mcmc] Learn + convergence test @ 1120 samples accepted.
[mcmc]  - Acceptance rate: 0.693
[mcmc]  - Convergence of means: R-1 = 43.320378 after 896 accepted steps
[mcmc] Convergence less than requested for updates: waiting until the next convergence check.
/Users/matthewsmawfield/www/Temporal Equivalence Principle/TEP-HC/data/external/cobaya_packages/code/planck/clipy/clipy/smica.py:311: RuntimeWarning: divide by zero encountered in matmul
  lkl = -.5 * delta.T @ (self.siginv @ delta)
/Users/matthewsmawfield/www/Temporal Equivalence Principle/TEP-HC/data/external/cobaya_packages/code/planck/clipy/clipy/smica.py:311: RuntimeWarning: overflow encountered in matmul
  lkl = -.5 * delta.T @ (self.siginv @ delta)
/Users/matthewsmawfield/www/Temporal Equivalence Principle/TEP-HC/data/external/cobaya_packages/code/planck/clipy/clipy/smica.py:311: RuntimeWarning: invalid value encountered in matmul
  lkl = -.5 * delta.T @ (self.siginv @ delta)
[mcmc] Progress @ 2026-06-23 14:31:54 : 7131 steps taken, and 1090 accepted.
/Users/matthewsmawfield/www/Temporal Equivalence Principle/TEP-HC/data/external/cobaya_packages/code/planck/clipy/clipy/smica.py:311: RuntimeWarning: divide by zero encountered in matmul
  lkl = -.5 * delta.T @ (self.siginv @ delta)
/Users/matthewsmawfield/www/Temporal Equivalence Principle/TEP-HC/data/external/cobaya_packages/code/planck/clipy/clipy/smica.py:311: RuntimeWarning: overflow encountered in matmul
  lkl = -.5 * delta.T @ (self.siginv @ delta)
/Users/matthewsmawfield/www/Temporal Equivalence Principle/TEP-HC/data/external/cobaya_packages/code/planck/clipy/clipy/smica.py:311: RuntimeWarning: invalid value encountered in matmul
  lkl = -.5 * delta.T @ (self.siginv @ delta)
[mcmc] Progress @ 2026-06-23 14:31:56 : 6531 steps taken, and 1120 accepted.
[mcmc] Progress @ 2026-06-23 14:32:53 : 8378 steps taken, and 1304 accepted.
/Users/matthewsmawfield/www/Temporal Equivalence Principle/TEP-HC/data/external/cobaya_packages/code/planck/clipy/clipy/smica.py:311: RuntimeWarning: divide by zero encountered in matmul
  lkl = -.5 * delta.T @ (self.siginv @ delta)
/Users/matthewsmawfield/www/Temporal Equivalence Principle/TEP-HC/data/external/cobaya_packages/code/planck/clipy/clipy/smica.py:311: RuntimeWarning: overflow encountered in matmul
  lkl = -.5 * delta.T @ (self.siginv @ delta)
/Users/matthewsmawfield/www/Temporal Equivalence Principle/TEP-HC/data/external/cobaya_packages/code/planck/clipy/clipy/smica.py:311: RuntimeWarning: invalid value encountered in matmul
  lkl = -.5 * delta.T @ (self.siginv @ delta)
[mcmc] Progress @ 2026-06-23 14:32:53 : 8660 steps taken, and 1326 accepted.
/Users/matthewsmawfield/www/Temporal Equivalence Principle/TEP-HC/data/external/cobaya_packages/code/planck/clipy/clipy/smica.py:311: RuntimeWarning: divide by zero encountered in matmul
  lkl = -.5 * delta.T @ (self.siginv @ delta)
/Users/matthewsmawfield/www/Temporal Equivalence Principle/TEP-HC/data/external/cobaya_packages/code/planck/clipy/clipy/smica.py:311: RuntimeWarning: overflow encountered in matmul
  lkl = -.5 * delta.T @ (self.siginv @ delta)
/Users/matthewsmawfield/www/Temporal Equivalence Principle/TEP-HC/data/external/cobaya_packages/code/planck/clipy/clipy/smica.py:311: RuntimeWarning: invalid value encountered in matmul
  lkl = -.5 * delta.T @ (self.siginv @ delta)
[mcmc] Progress @ 2026-06-23 14:32:56 : 7471 steps taken, and 1147 accepted.
[mcmc] Progress @ 2026-06-23 14:32:56 : 6825 steps taken, and 1164 accepted.
/Users/matthewsmawfield/www/Temporal Equivalence Principle/TEP-HC/data/external/cobaya_packages/code/planck/clipy/clipy/smica.py:311: RuntimeWarning: divide by zero encountered in matmul
  lkl = -.5 * delta.T @ (self.siginv @ delta)
/Users/matthewsmawfield/www/Temporal Equivalence Principle/TEP-HC/data/external/cobaya_packages/code/planck/clipy/clipy/smica.py:311: RuntimeWarning: overflow encountered in matmul
  lkl = -.5 * delta.T @ (self.siginv @ delta)
/Users/matthewsmawfield/www/Temporal Equivalence Principle/TEP-HC/data/external/cobaya_packages/code/planck/clipy/clipy/smica.py:311: RuntimeWarning: invalid value encountered in matmul
  lkl = -.5 * delta.T @ (self.siginv @ delta)
/Users/matthewsmawfield/www/Temporal Equivalence Principle/TEP-HC/data/external/cobaya_packages/code/planck/clipy/clipy/smica.py:311: RuntimeWarning: divide by zero encountered in matmul
  lkl = -.5 * delta.T @ (self.siginv @ delta)
/Users/matthewsmawfield/www/Temporal Equivalence Principle/TEP-HC/data/external/cobaya_packages/code/planck/clipy/clipy/smica.py:311: RuntimeWarning: overflow encountered in matmul
  lkl = -.5 * delta.T @ (self.siginv @ delta)
/Users/matthewsmawfield/www/Temporal Equivalence Principle/TEP-HC/data/external/cobaya_packages/code/planck/clipy/clipy/smica.py:311: RuntimeWarning: invalid value encountered in matmul
  lkl = -.5 * delta.T @ (self.siginv @ delta)
[mcmc] Progress @ 2026-06-23 14:33:54 : 9038 steps taken, and 1387 accepted.
[mcmc] Progress @ 2026-06-23 14:33:54 : 8736 steps taken, and 1358 accepted.
/Users/matthewsmawfield/www/Temporal Equivalence Principle/TEP-HC/data/external/cobaya_packages/code/planck/clipy/clipy/smica.py:311: RuntimeWarning: divide by zero encountered in matmul
  lkl = -.5 * delta.T @ (self.siginv @ delta)
/Users/matthewsmawfield/www/Temporal Equivalence Principle/TEP-HC/data/external/cobaya_packages/code/planck/clipy/clipy/smica.py:311: RuntimeWarning: overflow encountered in matmul
  lkl = -.5 * delta.T @ (self.siginv @ delta)
/Users/matthewsmawfield/www/Temporal Equivalence Principle/TEP-HC/data/external/cobaya_packages/code/planck/clipy/clipy/smica.py:311: RuntimeWarning: invalid value encountered in matmul
  lkl = -.5 * delta.T @ (self.siginv @ delta)
/Users/matthewsmawfield/www/Temporal Equivalence Principle/TEP-HC/data/external/cobaya_packages/code/planck/clipy/clipy/smica.py:311: RuntimeWarning: divide by zero encountered in matmul
  lkl = -.5 * delta.T @ (self.siginv @ delta)
/Users/matthewsmawfield/www/Temporal Equivalence Principle/TEP-HC/data/external/cobaya_packages/code/planck/clipy/clipy/smica.py:311: RuntimeWarning: overflow encountered in matmul
  lkl = -.5 * delta.T @ (self.siginv @ delta)
/Users/matthewsmawfield/www/Temporal Equivalence Principle/TEP-HC/data/external/cobaya_packages/code/planck/clipy/clipy/smica.py:311: RuntimeWarning: invalid value encountered in matmul
  lkl = -.5 * delta.T @ (self.siginv @ delta)
[mcmc] Progress @ 2026-06-23 14:33:57 : 7890 steps taken, and 1214 accepted.
/Users/matthewsmawfield/www/Temporal Equivalence Principle/TEP-HC/data/external/cobaya_packages/code/planck/clipy/clipy/smica.py:311: RuntimeWarning: divide by zero encountered in matmul
  lkl = -.5 * delta.T @ (self.siginv @ delta)
/Users/matthewsmawfield/www/Temporal Equivalence Principle/TEP-HC/data/external/cobaya_packages/code/planck/clipy/clipy/smica.py:311: RuntimeWarning: overflow encountered in matmul
  lkl = -.5 * delta.T @ (self.siginv @ delta)
/Users/matthewsmawfield/www/Temporal Equivalence Principle/TEP-HC/data/external/cobaya_packages/code/planck/clipy/clipy/smica.py:311: RuntimeWarning: invalid value encountered in matmul
  lkl = -.5 * delta.T @ (self.siginv @ delta)
[mcmc] Progress @ 2026-06-23 14:33:58 : 7160 steps taken, and 1226 accepted.
/Users/matthewsmawfield/www/Temporal Equivalence Principle/TEP-HC/data/external/cobaya_packages/code/planck/clipy/clipy/smica.py:311: RuntimeWarning: divide by zero encountered in matmul
  lkl = -.5 * delta.T @ (self.siginv @ delta)
/Users/matthewsmawfield/www/Temporal Equivalence Principle/TEP-HC/data/external/cobaya_packages/code/planck/clipy/clipy/smica.py:311: RuntimeWarning: overflow encountered in matmul
  lkl = -.5 * delta.T @ (self.siginv @ delta)
/Users/matthewsmawfield/www/Temporal Equivalence Principle/TEP-HC/data/external/cobaya_packages/code/planck/clipy/clipy/smica.py:311: RuntimeWarning: invalid value encountered in matmul
  lkl = -.5 * delta.T @ (self.siginv @ delta)
[mcmc] Progress @ 2026-06-23 14:34:54 : 9477 steps taken, and 1454 accepted.
/Users/matthewsmawfield/www/Temporal Equivalence Principle/TEP-HC/data/external/cobaya_packages/code/planck/clipy/clipy/smica.py:311: RuntimeWarning: divide by zero encountered in matmul
  lkl = -.5 * delta.T @ (self.siginv @ delta)
/Users/matthewsmawfield/www/Temporal Equivalence Principle/TEP-HC/data/external/cobaya_packages/code/planck/clipy/clipy/smica.py:311: RuntimeWarning: overflow encountered in matmul
  lkl = -.5 * delta.T @ (self.siginv @ delta)
/Users/matthewsmawfield/www/Temporal Equivalence Principle/TEP-HC/data/external/cobaya_packages/code/planck/clipy/clipy/smica.py:311: RuntimeWarning: invalid value encountered in matmul
  lkl = -.5 * delta.T @ (self.siginv @ delta)
[mcmc] Progress @ 2026-06-23 14:34:57 : 9118 steps taken, and 1423 accepted.
/Users/matthewsmawfield/www/Temporal Equivalence Principle/TEP-HC/data/external/cobaya_packages/code/planck/clipy/clipy/smica.py:311: RuntimeWarning: divide by zero encountered in matmul
  lkl = -.5 * delta.T @ (self.siginv @ delta)
/Users/matthewsmawfield/www/Temporal Equivalence Principle/TEP-HC/data/external/cobaya_packages/code/planck/clipy/clipy/smica.py:311: RuntimeWarning: overflow encountered in matmul
  lkl = -.5 * delta.T @ (self.siginv @ delta)
/Users/matthewsmawfield/www/Temporal Equivalence Principle/TEP-HC/data/external/cobaya_packages/code/planck/clipy/clipy/smica.py:311: RuntimeWarning: invalid value encountered in matmul
  lkl = -.5 * delta.T @ (self.siginv @ delta)
[mcmc] Progress @ 2026-06-23 14:35:00 : 7433 steps taken, and 1264 accepted.
/Users/matthewsmawfield/www/Temporal Equivalence Principle/TEP-HC/data/external/cobaya_packages/code/planck/clipy/clipy/smica.py:311: RuntimeWarning: divide by zero encountered in matmul
  lkl = -.5 * delta.T @ (self.siginv @ delta)
/Users/matthewsmawfield/www/Temporal Equivalence Principle/TEP-HC/data/external/cobaya_packages/code/planck/clipy/clipy/smica.py:311: RuntimeWarning: overflow encountered in matmul
  lkl = -.5 * delta.T @ (self.siginv @ delta)
/Users/matthewsmawfield/www/Temporal Equivalence Principle/TEP-HC/data/external/cobaya_packages/code/planck/clipy/clipy/smica.py:311: RuntimeWarning: invalid value encountered in matmul
  lkl = -.5 * delta.T @ (self.siginv @ delta)
[mcmc] Progress @ 2026-06-23 14:35:00 : 8224 steps taken, and 1276 accepted.
/Users/matthewsmawfield/www/Temporal Equivalence Principle/TEP-HC/data/external/cobaya_packages/code/planck/clipy/clipy/smica.py:311: RuntimeWarning: divide by zero encountered in matmul
  lkl = -.5 * delta.T @ (self.siginv @ delta)
/Users/matthewsmawfield/www/Temporal Equivalence Principle/TEP-HC/data/external/cobaya_packages/code/planck/clipy/clipy/smica.py:311: RuntimeWarning: overflow encountered in matmul
  lkl = -.5 * delta.T @ (self.siginv @ delta)
/Users/matthewsmawfield/www/Temporal Equivalence Principle/TEP-HC/data/external/cobaya_packages/code/planck/clipy/clipy/smica.py:311: RuntimeWarning: invalid value encountered in matmul
  lkl = -.5 * delta.T @ (self.siginv @ delta)
[mcmc] Progress @ 2026-06-23 14:35:57 : 10124 steps taken, and 1546 accepted.
/Users/matthewsmawfield/www/Temporal Equivalence Principle/TEP-HC/data/external/cobaya_packages/code/planck/clipy/clipy/smica.py:311: RuntimeWarning: divide by zero encountered in matmul
  lkl = -.5 * delta.T @ (self.siginv @ delta)
/Users/matthewsmawfield/www/Temporal Equivalence Principle/TEP-HC/data/external/cobaya_packages/code/planck/clipy/clipy/smica.py:311: RuntimeWarning: overflow encountered in matmul
  lkl = -.5 * delta.T @ (self.siginv @ delta)
/Users/matthewsmawfield/www/Temporal Equivalence Principle/TEP-HC/data/external/cobaya_packages/code/planck/clipy/clipy/smica.py:311: RuntimeWarning: invalid value encountered in matmul
  lkl = -.5 * delta.T @ (self.siginv @ delta)
[mcmc] Progress @ 2026-06-23 14:35:57 : 9411 steps taken, and 1468 accepted.
/Users/matthewsmawfield/www/Temporal Equivalence Principle/TEP-HC/data/external/cobaya_packages/code/planck/clipy/clipy/smica.py:311: RuntimeWarning: divide by zero encountered in matmul
  lkl = -.5 * delta.T @ (self.siginv @ delta)
/Users/matthewsmawfield/www/Temporal Equivalence Principle/TEP-HC/data/external/cobaya_packages/code/planck/clipy/clipy/smica.py:311: RuntimeWarning: overflow encountered in matmul
  lkl = -.5 * delta.T @ (self.siginv @ delta)
/Users/matthewsmawfield/www/Temporal Equivalence Principle/TEP-HC/data/external/cobaya_packages/code/planck/clipy/clipy/smica.py:311: RuntimeWarning: invalid value encountered in matmul
  lkl = -.5 * delta.T @ (self.siginv @ delta)
[mcmc] Progress @ 2026-06-23 14:36:00 : 8551 steps taken, and 1335 accepted.
/Users/matthewsmawfield/www/Temporal Equivalence Principle/TEP-HC/data/external/cobaya_packages/code/planck/clipy/clipy/smica.py:311: RuntimeWarning: divide by zero encountered in matmul
  lkl = -.5 * delta.T @ (self.siginv @ delta)
/Users/matthewsmawfield/www/Temporal Equivalence Principle/TEP-HC/data/external/cobaya_packages/code/planck/clipy/clipy/smica.py:311: RuntimeWarning: overflow encountered in matmul
  lkl = -.5 * delta.T @ (self.siginv @ delta)
/Users/matthewsmawfield/www/Temporal Equivalence Principle/TEP-HC/data/external/cobaya_packages/code/planck/clipy/clipy/smica.py:311: RuntimeWarning: invalid value encountered in matmul
  lkl = -.5 * delta.T @ (self.siginv @ delta)
[mcmc] Progress @ 2026-06-23 14:36:03 : 7695 steps taken, and 1310 accepted.
/Users/matthewsmawfield/www/Temporal Equivalence Principle/TEP-HC/data/external/cobaya_packages/code/planck/clipy/clipy/smica.py:311: RuntimeWarning: divide by zero encountered in matmul
  lkl = -.5 * delta.T @ (self.siginv @ delta)
/Users/matthewsmawfield/www/Temporal Equivalence Principle/TEP-HC/data/external/cobaya_packages/code/planck/clipy/clipy/smica.py:311: RuntimeWarning: overflow encountered in matmul
  lkl = -.5 * delta.T @ (self.siginv @ delta)
/Users/matthewsmawfield/www/Temporal Equivalence Principle/TEP-HC/data/external/cobaya_packages/code/planck/clipy/clipy/smica.py:311: RuntimeWarning: invalid value encountered in matmul
  lkl = -.5 * delta.T @ (self.siginv @ delta)
[mcmc] Progress @ 2026-06-23 14:36:59 : 9862 steps taken, and 1532 accepted.
/Users/matthewsmawfield/www/Temporal Equivalence Principle/TEP-HC/data/external/cobaya_packages/code/planck/clipy/clipy/smica.py:311: RuntimeWarning: divide by zero encountered in matmul
  lkl = -.5 * delta.T @ (self.siginv @ delta)
/Users/matthewsmawfield/www/Temporal Equivalence Principle/TEP-HC/data/external/cobaya_packages/code/planck/clipy/clipy/smica.py:311: RuntimeWarning: overflow encountered in matmul
  lkl = -.5 * delta.T @ (self.siginv @ delta)
/Users/matthewsmawfield/www/Temporal Equivalence Principle/TEP-HC/data/external/cobaya_packages/code/planck/clipy/clipy/smica.py:311: RuntimeWarning: invalid value encountered in matmul
  lkl = -.5 * delta.T @ (self.siginv @ delta)
[mcmc] Progress @ 2026-06-23 14:36:59 : 10759 steps taken, and 1640 accepted.
/Users/matthewsmawfield/www/Temporal Equivalence Principle/TEP-HC/data/external/cobaya_packages/code/planck/clipy/clipy/smica.py:311: RuntimeWarning: divide by zero encountered in matmul
  lkl = -.5 * delta.T @ (self.siginv @ delta)
/Users/matthewsmawfield/www/Temporal Equivalence Principle/TEP-HC/data/external/cobaya_packages/code/planck/clipy/clipy/smica.py:311: RuntimeWarning: overflow encountered in matmul
  lkl = -.5 * delta.T @ (self.siginv @ delta)
/Users/matthewsmawfield/www/Temporal Equivalence Principle/TEP-HC/data/external/cobaya_packages/code/planck/clipy/clipy/smica.py:311: RuntimeWarning: invalid value encountered in matmul
  lkl = -.5 * delta.T @ (self.siginv @ delta)
[mcmc] Progress @ 2026-06-23 14:37:03 : 8932 steps taken, and 1394 accepted.
/Users/matthewsmawfield/www/Temporal Equivalence Principle/TEP-HC/data/external/cobaya_packages/code/planck/clipy/clipy/smica.py:311: RuntimeWarning: divide by zero encountered in matmul
  lkl = -.5 * delta.T @ (self.siginv @ delta)
/Users/matthewsmawfield/www/Temporal Equivalence Principle/TEP-HC/data/external/cobaya_packages/code/planck/clipy/clipy/smica.py:311: RuntimeWarning: overflow encountered in matmul
  lkl = -.5 * delta.T @ (self.siginv @ delta)
/Users/matthewsmawfield/www/Temporal Equivalence Principle/TEP-HC/data/external/cobaya_packages/code/planck/clipy/clipy/smica.py:311: RuntimeWarning: invalid value encountered in matmul
  lkl = -.5 * delta.T @ (self.siginv @ delta)
[mcmc] Progress @ 2026-06-23 14:37:06 : 8007 steps taken, and 1368 accepted.
/Users/matthewsmawfield/www/Temporal Equivalence Principle/TEP-HC/data/external/cobaya_packages/code/planck/clipy/clipy/smica.py:311: RuntimeWarning: divide by zero encountered in matmul
  lkl = -.5 * delta.T @ (self.siginv @ delta)
/Users/matthewsmawfield/www/Temporal Equivalence Principle/TEP-HC/data/external/cobaya_packages/code/planck/clipy/clipy/smica.py:311: RuntimeWarning: overflow encountered in matmul
  lkl = -.5 * delta.T @ (self.siginv @ delta)
/Users/matthewsmawfield/www/Temporal Equivalence Principle/TEP-HC/data/external/cobaya_packages/code/planck/clipy/clipy/smica.py:311: RuntimeWarning: invalid value encountered in matmul
  lkl = -.5 * delta.T @ (self.siginv @ delta)
[mcmc] Progress @ 2026-06-23 14:37:59 : 11225 steps taken, and 1710 accepted.
/Users/matthewsmawfield/www/Temporal Equivalence Principle/TEP-HC/data/external/cobaya_packages/code/planck/clipy/clipy/smica.py:311: RuntimeWarning: divide by zero encountered in matmul
  lkl = -.5 * delta.T @ (self.siginv @ delta)
/Users/matthewsmawfield/www/Temporal Equivalence Principle/TEP-HC/data/external/cobaya_packages/code/planck/clipy/clipy/smica.py:311: RuntimeWarning: overflow encountered in matmul
  lkl = -.5 * delta.T @ (self.siginv @ delta)
/Users/matthewsmawfield/www/Temporal Equivalence Principle/TEP-HC/data/external/cobaya_packages/code/planck/clipy/clipy/smica.py:311: RuntimeWarning: invalid value encountered in matmul
  lkl = -.5 * delta.T @ (self.siginv @ delta)
[mcmc] Progress @ 2026-06-23 14:38:00 : 10322 steps taken, and 1605 accepted.
/Users/matthewsmawfield/www/Temporal Equivalence Principle/TEP-HC/data/external/cobaya_packages/code/planck/clipy/clipy/smica.py:311: RuntimeWarning: divide by zero encountered in matmul
  lkl = -.5 * delta.T @ (self.siginv @ delta)
/Users/matthewsmawfield/www/Temporal Equivalence Principle/TEP-HC/data/external/cobaya_packages/code/planck/clipy/clipy/smica.py:311: RuntimeWarning: overflow encountered in matmul
  lkl = -.5 * delta.T @ (self.siginv @ delta)
/Users/matthewsmawfield/www/Temporal Equivalence Principle/TEP-HC/data/external/cobaya_packages/code/planck/clipy/clipy/smica.py:311: RuntimeWarning: invalid value encountered in matmul
  lkl = -.5 * delta.T @ (self.siginv @ delta)
[mcmc] Progress @ 2026-06-23 14:38:05 : 9341 steps taken, and 1462 accepted.
/Users/matthewsmawfield/www/Temporal Equivalence Principle/TEP-HC/data/external/cobaya_packages/code/planck/clipy/clipy/smica.py:311: RuntimeWarning: divide by zero encountered in matmul
  lkl = -.5 * delta.T @ (self.siginv @ delta)
/Users/matthewsmawfield/www/Temporal Equivalence Principle/TEP-HC/data/external/cobaya_packages/code/planck/clipy/clipy/smica.py:311: RuntimeWarning: overflow encountered in matmul
  lkl = -.5 * delta.T @ (self.siginv @ delta)
/Users/matthewsmawfield/www/Temporal Equivalence Principle/TEP-HC/data/external/cobaya_packages/code/planck/clipy/clipy/smica.py:311: RuntimeWarning: invalid value encountered in matmul
  lkl = -.5 * delta.T @ (self.siginv @ delta)
[mcmc] Progress @ 2026-06-23 14:38:07 : 8309 steps taken, and 1419 accepted.
/Users/matthewsmawfield/www/Temporal Equivalence Principle/TEP-HC/data/external/cobaya_packages/code/planck/clipy/clipy/smica.py:311: RuntimeWarning: divide by zero encountered in matmul
  lkl = -.5 * delta.T @ (self.siginv @ delta)
/Users/matthewsmawfield/www/Temporal Equivalence Principle/TEP-HC/data/external/cobaya_packages/code/planck/clipy/clipy/smica.py:311: RuntimeWarning: overflow encountered in matmul
  lkl = -.5 * delta.T @ (self.siginv @ delta)
/Users/matthewsmawfield/www/Temporal Equivalence Principle/TEP-HC/data/external/cobaya_packages/code/planck/clipy/clipy/smica.py:311: RuntimeWarning: invalid value encountered in matmul
  lkl = -.5 * delta.T @ (self.siginv @ delta)
[mcmc] Progress @ 2026-06-23 14:38:59 : 11842 steps taken, and 1803 accepted.
/Users/matthewsmawfield/www/Temporal Equivalence Principle/TEP-HC/data/external/cobaya_packages/code/planck/clipy/clipy/smica.py:311: RuntimeWarning: divide by zero encountered in matmul
  lkl = -.5 * delta.T @ (self.siginv @ delta)
/Users/matthewsmawfield/www/Temporal Equivalence Principle/TEP-HC/data/external/cobaya_packages/code/planck/clipy/clipy/smica.py:311: RuntimeWarning: overflow encountered in matmul
  lkl = -.5 * delta.T @ (self.siginv @ delta)
/Users/matthewsmawfield/www/Temporal Equivalence Principle/TEP-HC/data/external/cobaya_packages/code/planck/clipy/clipy/smica.py:311: RuntimeWarning: invalid value encountered in matmul
  lkl = -.5 * delta.T @ (self.siginv @ delta)
[mcmc] Progress @ 2026-06-23 14:39:01 : 10690 steps taken, and 1664 accepted.
/Users/matthewsmawfield/www/Temporal Equivalence Principle/TEP-HC/data/external/cobaya_packages/code/planck/clipy/clipy/smica.py:311: RuntimeWarning: divide by zero encountered in matmul
  lkl = -.5 * delta.T @ (self.siginv @ delta)
/Users/matthewsmawfield/www/Temporal Equivalence Principle/TEP-HC/data/external/cobaya_packages/code/planck/clipy/clipy/smica.py:311: RuntimeWarning: overflow encountered in matmul
  lkl = -.5 * delta.T @ (self.siginv @ delta)
/Users/matthewsmawfield/www/Temporal Equivalence Principle/TEP-HC/data/external/cobaya_packages/code/planck/clipy/clipy/smica.py:311: RuntimeWarning: invalid value encountered in matmul
  lkl = -.5 * delta.T @ (self.siginv @ delta)
[mcmc] Progress @ 2026-06-23 14:39:07 : 9692 steps taken, and 1525 accepted.
/Users/matthewsmawfield/www/Temporal Equivalence Principle/TEP-HC/data/external/cobaya_packages/code/planck/clipy/clipy/smica.py:311: RuntimeWarning: divide by zero encountered in matmul
  lkl = -.5 * delta.T @ (self.siginv @ delta)
/Users/matthewsmawfield/www/Temporal Equivalence Principle/TEP-HC/data/external/cobaya_packages/code/planck/clipy/clipy/smica.py:311: RuntimeWarning: overflow encountered in matmul
  lkl = -.5 * delta.T @ (self.siginv @ delta)
/Users/matthewsmawfield/www/Temporal Equivalence Principle/TEP-HC/data/external/cobaya_packages/code/planck/clipy/clipy/smica.py:311: RuntimeWarning: invalid value encountered in matmul
  lkl = -.5 * delta.T @ (self.siginv @ delta)
[mcmc] Progress @ 2026-06-23 14:39:10 : 8673 steps taken, and 1479 accepted.
/Users/matthewsmawfield/www/Temporal Equivalence Principle/TEP-HC/data/external/cobaya_packages/code/planck/clipy/clipy/smica.py:311: RuntimeWarning: divide by zero encountered in matmul
  lkl = -.5 * delta.T @ (self.siginv @ delta)
/Users/matthewsmawfield/www/Temporal Equivalence Principle/TEP-HC/data/external/cobaya_packages/code/planck/clipy/clipy/smica.py:311: RuntimeWarning: overflow encountered in matmul
  lkl = -.5 * delta.T @ (self.siginv @ delta)
/Users/matthewsmawfield/www/Temporal Equivalence Principle/TEP-HC/data/external/cobaya_packages/code/planck/clipy/clipy/smica.py:311: RuntimeWarning: invalid value encountered in matmul
  lkl = -.5 * delta.T @ (self.siginv @ delta)
[mcmc] Progress @ 2026-06-23 14:40:01 : 12449 steps taken, and 1897 accepted.
/Users/matthewsmawfield/www/Temporal Equivalence Principle/TEP-HC/data/external/cobaya_packages/code/planck/clipy/clipy/smica.py:311: RuntimeWarning: divide by zero encountered in matmul
  lkl = -.5 * delta.T @ (self.siginv @ delta)
/Users/matthewsmawfield/www/Temporal Equivalence Principle/TEP-HC/data/external/cobaya_packages/code/planck/clipy/clipy/smica.py:311: RuntimeWarning: overflow encountered in matmul
  lkl = -.5 * delta.T @ (self.siginv @ delta)
/Users/matthewsmawfield/www/Temporal Equivalence Principle/TEP-HC/data/external/cobaya_packages/code/planck/clipy/clipy/smica.py:311: RuntimeWarning: invalid value encountered in matmul
  lkl = -.5 * delta.T @ (self.siginv @ delta)
[mcmc] Progress @ 2026-06-23 14:40:01 : 11090 steps taken, and 1719 accepted.
/Users/matthewsmawfield/www/Temporal Equivalence Principle/TEP-HC/data/external/cobaya_packages/code/planck/clipy/clipy/smica.py:311: RuntimeWarning: divide by zero encountered in matmul
  lkl = -.5 * delta.T @ (self.siginv @ delta)
/Users/matthewsmawfield/www/Temporal Equivalence Principle/TEP-HC/data/external/cobaya_packages/code/planck/clipy/clipy/smica.py:311: RuntimeWarning: overflow encountered in matmul
  lkl = -.5 * delta.T @ (self.siginv @ delta)
/Users/matthewsmawfield/www/Temporal Equivalence Principle/TEP-HC/data/external/cobaya_packages/code/planck/clipy/clipy/smica.py:311: RuntimeWarning: invalid value encountered in matmul
  lkl = -.5 * delta.T @ (self.siginv @ delta)
[mcmc] Progress @ 2026-06-23 14:40:09 : 10085 steps taken, and 1581 accepted.
/Users/matthewsmawfield/www/Temporal Equivalence Principle/TEP-HC/data/external/cobaya_packages/code/planck/clipy/clipy/smica.py:311: RuntimeWarning: divide by zero encountered in matmul
  lkl = -.5 * delta.T @ (self.siginv @ delta)
/Users/matthewsmawfield/www/Temporal Equivalence Principle/TEP-HC/data/external/cobaya_packages/code/planck/clipy/clipy/smica.py:311: RuntimeWarning: overflow encountered in matmul
  lkl = -.5 * delta.T @ (self.siginv @ delta)
/Users/matthewsmawfield/www/Temporal Equivalence Principle/TEP-HC/data/external/cobaya_packages/code/planck/clipy/clipy/smica.py:311: RuntimeWarning: invalid value encountered in matmul
  lkl = -.5 * delta.T @ (self.siginv @ delta)
[mcmc] Progress @ 2026-06-23 14:40:11 : 9010 steps taken, and 1535 accepted.
/Users/matthewsmawfield/www/Temporal Equivalence Principle/TEP-HC/data/external/cobaya_packages/code/planck/clipy/clipy/smica.py:311: RuntimeWarning: divide by zero encountered in matmul
  lkl = -.5 * delta.T @ (self.siginv @ delta)
/Users/matthewsmawfield/www/Temporal Equivalence Principle/TEP-HC/data/external/cobaya_packages/code/planck/clipy/clipy/smica.py:311: RuntimeWarning: overflow encountered in matmul
  lkl = -.5 * delta.T @ (self.siginv @ delta)
/Users/matthewsmawfield/www/Temporal Equivalence Principle/TEP-HC/data/external/cobaya_packages/code/planck/clipy/clipy/smica.py:311: RuntimeWarning: invalid value encountered in matmul
  lkl = -.5 * delta.T @ (self.siginv @ delta)
[mcmc] Progress @ 2026-06-23 14:41:01 : 13046 steps taken, and 1990 accepted.
/Users/matthewsmawfield/www/Temporal Equivalence Principle/TEP-HC/data/external/cobaya_packages/code/planck/clipy/clipy/smica.py:311: RuntimeWarning: divide by zero encountered in matmul
  lkl = -.5 * delta.T @ (self.siginv @ delta)
/Users/matthewsmawfield/www/Temporal Equivalence Principle/TEP-HC/data/external/cobaya_packages/code/planck/clipy/clipy/smica.py:311: RuntimeWarning: overflow encountered in matmul
  lkl = -.5 * delta.T @ (self.siginv @ delta)
/Users/matthewsmawfield/www/Temporal Equivalence Principle/TEP-HC/data/external/cobaya_packages/code/planck/clipy/clipy/smica.py:311: RuntimeWarning: invalid value encountered in matmul
  lkl = -.5 * delta.T @ (self.siginv @ delta)
[mcmc] Progress @ 2026-06-23 14:41:03 : 11515 steps taken, and 1777 accepted.
/Users/matthewsmawfield/www/Temporal Equivalence Principle/TEP-HC/data/external/cobaya_packages/code/planck/clipy/clipy/smica.py:311: RuntimeWarning: divide by zero encountered in matmul
  lkl = -.5 * delta.T @ (self.siginv @ delta)
/Users/matthewsmawfield/www/Temporal Equivalence Principle/TEP-HC/data/external/cobaya_packages/code/planck/clipy/clipy/smica.py:311: RuntimeWarning: overflow encountered in matmul
  lkl = -.5 * delta.T @ (self.siginv @ delta)
/Users/matthewsmawfield/www/Temporal Equivalence Principle/TEP-HC/data/external/cobaya_packages/code/planck/clipy/clipy/smica.py:311: RuntimeWarning: invalid value encountered in matmul
  lkl = -.5 * delta.T @ (self.siginv @ delta)
[mcmc] Progress @ 2026-06-23 14:41:11 : 9353 steps taken, and 1588 accepted.
/Users/matthewsmawfield/www/Temporal Equivalence Principle/TEP-HC/data/external/cobaya_packages/code/planck/clipy/clipy/smica.py:311: RuntimeWarning: divide by zero encountered in matmul
  lkl = -.5 * delta.T @ (self.siginv @ delta)
/Users/matthewsmawfield/www/Temporal Equivalence Principle/TEP-HC/data/external/cobaya_packages/code/planck/clipy/clipy/smica.py:311: RuntimeWarning: overflow encountered in matmul
  lkl = -.5 * delta.T @ (self.siginv @ delta)
/Users/matthewsmawfield/www/Temporal Equivalence Principle/TEP-HC/data/external/cobaya_packages/code/planck/clipy/clipy/smica.py:311: RuntimeWarning: invalid value encountered in matmul
  lkl = -.5 * delta.T @ (self.siginv @ delta)
[mcmc] Progress @ 2026-06-23 14:41:11 : 10547 steps taken, and 1662 accepted.
/Users/matthewsmawfield/www/Temporal Equivalence Principle/TEP-HC/data/external/cobaya_packages/code/planck/clipy/clipy/smica.py:311: RuntimeWarning: divide by zero encountered in matmul
  lkl = -.5 * delta.T @ (self.siginv @ delta)
/Users/matthewsmawfield/www/Temporal Equivalence Principle/TEP-HC/data/external/cobaya_packages/code/planck/clipy/clipy/smica.py:311: RuntimeWarning: overflow encountered in matmul
  lkl = -.5 * delta.T @ (self.siginv @ delta)
/Users/matthewsmawfield/www/Temporal Equivalence Principle/TEP-HC/data/external/cobaya_packages/code/planck/clipy/clipy/smica.py:311: RuntimeWarning: invalid value encountered in matmul
  lkl = -.5 * delta.T @ (self.siginv @ delta)
[mcmc] Progress @ 2026-06-23 14:42:01 : 13637 steps taken, and 2073 accepted.
/Users/matthewsmawfield/www/Temporal Equivalence Principle/TEP-HC/data/external/cobaya_packages/code/planck/clipy/clipy/smica.py:311: RuntimeWarning: divide by zero encountered in matmul
  lkl = -.5 * delta.T @ (self.siginv @ delta)
/Users/matthewsmawfield/www/Temporal Equivalence Principle/TEP-HC/data/external/cobaya_packages/code/planck/clipy/clipy/smica.py:311: RuntimeWarning: overflow encountered in matmul
  lkl = -.5 * delta.T @ (self.siginv @ delta)
/Users/matthewsmawfield/www/Temporal Equivalence Principle/TEP-HC/data/external/cobaya_packages/code/planck/clipy/clipy/smica.py:311: RuntimeWarning: invalid value encountered in matmul
  lkl = -.5 * delta.T @ (self.siginv @ delta)
[mcmc] Progress @ 2026-06-23 14:42:04 : 11954 steps taken, and 1853 accepted.
/Users/matthewsmawfield/www/Temporal Equivalence Principle/TEP-HC/data/external/cobaya_packages/code/planck/clipy/clipy/smica.py:311: RuntimeWarning: divide by zero encountered in matmul
  lkl = -.5 * delta.T @ (self.siginv @ delta)
/Users/matthewsmawfield/www/Temporal Equivalence Principle/TEP-HC/data/external/cobaya_packages/code/planck/clipy/clipy/smica.py:311: RuntimeWarning: overflow encountered in matmul
  lkl = -.5 * delta.T @ (self.siginv @ delta)
/Users/matthewsmawfield/www/Temporal Equivalence Principle/TEP-HC/data/external/cobaya_packages/code/planck/clipy/clipy/smica.py:311: RuntimeWarning: invalid value encountered in matmul
  lkl = -.5 * delta.T @ (self.siginv @ delta)
[mcmc] Learn + convergence test @ 2080 samples accepted.
[mcmc]  - Acceptance rate: 0.763
[mcmc]  - Convergence of means: R-1 = 42.231568 after 1664 accepted steps
[mcmc] Convergence less than requested for updates: waiting until the next convergence check.
/Users/matthewsmawfield/www/Temporal Equivalence Principle/TEP-HC/data/external/cobaya_packages/code/planck/clipy/clipy/smica.py:311: RuntimeWarning: divide by zero encountered in matmul
  lkl = -.5 * delta.T @ (self.siginv @ delta)
/Users/matthewsmawfield/www/Temporal Equivalence Principle/TEP-HC/data/external/cobaya_packages/code/planck/clipy/clipy/smica.py:311: RuntimeWarning: overflow encountered in matmul
  lkl = -.5 * delta.T @ (self.siginv @ delta)
/Users/matthewsmawfield/www/Temporal Equivalence Principle/TEP-HC/data/external/cobaya_packages/code/planck/clipy/clipy/smica.py:311: RuntimeWarning: invalid value encountered in matmul
  lkl = -.5 * delta.T @ (self.siginv @ delta)
[mcmc] Progress @ 2026-06-23 14:42:11 : 9662 steps taken, and 1639 accepted.
/Users/matthewsmawfield/www/Temporal Equivalence Principle/TEP-HC/data/external/cobaya_packages/code/planck/clipy/clipy/smica.py:311: RuntimeWarning: divide by zero encountered in matmul
  lkl = -.5 * delta.T @ (self.siginv @ delta)
/Users/matthewsmawfield/www/Temporal Equivalence Principle/TEP-HC/data/external/cobaya_packages/code/planck/clipy/clipy/smica.py:311: RuntimeWarning: overflow encountered in matmul
  lkl = -.5 * delta.T @ (self.siginv @ delta)
/Users/matthewsmawfield/www/Temporal Equivalence Principle/TEP-HC/data/external/cobaya_packages/code/planck/clipy/clipy/smica.py:311: RuntimeWarning: invalid value encountered in matmul
  lkl = -.5 * delta.T @ (self.siginv @ delta)
[mcmc] Progress @ 2026-06-23 14:42:13 : 10941 steps taken, and 1731 accepted.
/Users/matthewsmawfield/www/Temporal Equivalence Principle/TEP-HC/data/external/cobaya_packages/code/planck/clipy/clipy/smica.py:311: RuntimeWarning: divide by zero encountered in matmul
  lkl = -.5 * delta.T @ (self.siginv @ delta)
/Users/matthewsmawfield/www/Temporal Equivalence Principle/TEP-HC/data/external/cobaya_packages/code/planck/clipy/clipy/smica.py:311: RuntimeWarning: overflow encountered in matmul
  lkl = -.5 * delta.T @ (self.siginv @ delta)
/Users/matthewsmawfield/www/Temporal Equivalence Principle/TEP-HC/data/external/cobaya_packages/code/planck/clipy/clipy/smica.py:311: RuntimeWarning: invalid value encountered in matmul
  lkl = -.5 * delta.T @ (self.siginv @ delta)
[mcmc] Progress @ 2026-06-23 14:43:04 : 12338 steps taken, and 1912 accepted.
/Users/matthewsmawfield/www/Temporal Equivalence Principle/TEP-HC/data/external/cobaya_packages/code/planck/clipy/clipy/smica.py:311: RuntimeWarning: divide by zero encountered in matmul
  lkl = -.5 * delta.T @ (self.siginv @ delta)
/Users/matthewsmawfield/www/Temporal Equivalence Principle/TEP-HC/data/external/cobaya_packages/code/planck/clipy/clipy/smica.py:311: RuntimeWarning: overflow encountered in matmul
  lkl = -.5 * delta.T @ (self.siginv @ delta)
/Users/matthewsmawfield/www/Temporal Equivalence Principle/TEP-HC/data/external/cobaya_packages/code/planck/clipy/clipy/smica.py:311: RuntimeWarning: invalid value encountered in matmul
  lkl = -.5 * delta.T @ (self.siginv @ delta)
[mcmc] Progress @ 2026-06-23 14:43:05 : 14171 steps taken, and 2154 accepted.
/Users/matthewsmawfield/www/Temporal Equivalence Principle/TEP-HC/data/external/cobaya_packages/code/planck/clipy/clipy/smica.py:311: RuntimeWarning: divide by zero encountered in matmul
  lkl = -.5 * delta.T @ (self.siginv @ delta)
/Users/matthewsmawfield/www/Temporal Equivalence Principle/TEP-HC/data/external/cobaya_packages/code/planck/clipy/clipy/smica.py:311: RuntimeWarning: overflow encountered in matmul
  lkl = -.5 * delta.T @ (self.siginv @ delta)
/Users/matthewsmawfield/www/Temporal Equivalence Principle/TEP-HC/data/external/cobaya_packages/code/planck/clipy/clipy/smica.py:311: RuntimeWarning: invalid value encountered in matmul
  lkl = -.5 * delta.T @ (self.siginv @ delta)
[mcmc] Progress @ 2026-06-23 14:43:13 : 11308 steps taken, and 1797 accepted.
[mcmc] Progress @ 2026-06-23 14:43:14 : 10015 steps taken, and 1704 accepted.
/Users/matthewsmawfield/www/Temporal Equivalence Principle/TEP-HC/data/external/cobaya_packages/code/planck/clipy/clipy/smica.py:311: RuntimeWarning: divide by zero encountered in matmul
  lkl = -.5 * delta.T @ (self.siginv @ delta)
/Users/matthewsmawfield/www/Temporal Equivalence Principle/TEP-HC/data/external/cobaya_packages/code/planck/clipy/clipy/smica.py:311: RuntimeWarning: overflow encountered in matmul
  lkl = -.5 * delta.T @ (self.siginv @ delta)
/Users/matthewsmawfield/www/Temporal Equivalence Principle/TEP-HC/data/external/cobaya_packages/code/planck/clipy/clipy/smica.py:311: RuntimeWarning: invalid value encountered in matmul
  lkl = -.5 * delta.T @ (self.siginv @ delta)
/Users/matthewsmawfield/www/Temporal Equivalence Principle/TEP-HC/data/external/cobaya_packages/code/planck/clipy/clipy/smica.py:311: RuntimeWarning: divide by zero encountered in matmul
  lkl = -.5 * delta.T @ (self.siginv @ delta)
/Users/matthewsmawfield/www/Temporal Equivalence Principle/TEP-HC/data/external/cobaya_packages/code/planck/clipy/clipy/smica.py:311: RuntimeWarning: overflow encountered in matmul
  lkl = -.5 * delta.T @ (self.siginv @ delta)
/Users/matthewsmawfield/www/Temporal Equivalence Principle/TEP-HC/data/external/cobaya_packages/code/planck/clipy/clipy/smica.py:311: RuntimeWarning: invalid value encountered in matmul
  lkl = -.5 * delta.T @ (self.siginv @ delta)
[mcmc] Progress @ 2026-06-23 14:44:04 : 12736 steps taken, and 1980 accepted.
/Users/matthewsmawfield/www/Temporal Equivalence Principle/TEP-HC/data/external/cobaya_packages/code/planck/clipy/clipy/smica.py:311: RuntimeWarning: divide by zero encountered in matmul
  lkl = -.5 * delta.T @ (self.siginv @ delta)
/Users/matthewsmawfield/www/Temporal Equivalence Principle/TEP-HC/data/external/cobaya_packages/code/planck/clipy/clipy/smica.py:311: RuntimeWarning: overflow encountered in matmul
  lkl = -.5 * delta.T @ (self.siginv @ delta)
/Users/matthewsmawfield/www/Temporal Equivalence Principle/TEP-HC/data/external/cobaya_packages/code/planck/clipy/clipy/smica.py:311: RuntimeWarning: invalid value encountered in matmul
  lkl = -.5 * delta.T @ (self.siginv @ delta)
[mcmc] Progress @ 2026-06-23 14:44:07 : 14611 steps taken, and 2223 accepted.
/Users/matthewsmawfield/www/Temporal Equivalence Principle/TEP-HC/data/external/cobaya_packages/code/planck/clipy/clipy/smica.py:311: RuntimeWarning: divide by zero encountered in matmul
  lkl = -.5 * delta.T @ (self.siginv @ delta)
/Users/matthewsmawfield/www/Temporal Equivalence Principle/TEP-HC/data/external/cobaya_packages/code/planck/clipy/clipy/smica.py:311: RuntimeWarning: overflow encountered in matmul
  lkl = -.5 * delta.T @ (self.siginv @ delta)
/Users/matthewsmawfield/www/Temporal Equivalence Principle/TEP-HC/data/external/cobaya_packages/code/planck/clipy/clipy/smica.py:311: RuntimeWarning: invalid value encountered in matmul
  lkl = -.5 * delta.T @ (self.siginv @ delta)
[mcmc] Progress @ 2026-06-23 14:44:14 : 11617 steps taken, and 1848 accepted.
/Users/matthewsmawfield/www/Temporal Equivalence Principle/TEP-HC/data/external/cobaya_packages/code/planck/clipy/clipy/smica.py:311: RuntimeWarning: divide by zero encountered in matmul
  lkl = -.5 * delta.T @ (self.siginv @ delta)
/Users/matthewsmawfield/www/Temporal Equivalence Principle/TEP-HC/data/external/cobaya_packages/code/planck/clipy/clipy/smica.py:311: RuntimeWarning: overflow encountered in matmul
  lkl = -.5 * delta.T @ (self.siginv @ delta)
/Users/matthewsmawfield/www/Temporal Equivalence Principle/TEP-HC/data/external/cobaya_packages/code/planck/clipy/clipy/smica.py:311: RuntimeWarning: invalid value encountered in matmul
  lkl = -.5 * delta.T @ (self.siginv @ delta)
[mcmc] Progress @ 2026-06-23 14:44:14 : 10312 steps taken, and 1761 accepted.
/Users/matthewsmawfield/www/Temporal Equivalence Principle/TEP-HC/data/external/cobaya_packages/code/planck/clipy/clipy/smica.py:311: RuntimeWarning: divide by zero encountered in matmul
  lkl = -.5 * delta.T @ (self.siginv @ delta)
/Users/matthewsmawfield/www/Temporal Equivalence Principle/TEP-HC/data/external/cobaya_packages/code/planck/clipy/clipy/smica.py:311: RuntimeWarning: overflow encountered in matmul
  lkl = -.5 * delta.T @ (self.siginv @ delta)
/Users/matthewsmawfield/www/Temporal Equivalence Principle/TEP-HC/data/external/cobaya_packages/code/planck/clipy/clipy/smica.py:311: RuntimeWarning: invalid value encountered in matmul
  lkl = -.5 * delta.T @ (self.siginv @ delta)
[mcmc] Progress @ 2026-06-23 14:45:04 : 13107 steps taken, and 2036 accepted.
/Users/matthewsmawfield/www/Temporal Equivalence Principle/TEP-HC/data/external/cobaya_packages/code/planck/clipy/clipy/smica.py:311: RuntimeWarning: divide by zero encountered in matmul
  lkl = -.5 * delta.T @ (self.siginv @ delta)
/Users/matthewsmawfield/www/Temporal Equivalence Principle/TEP-HC/data/external/cobaya_packages/code/planck/clipy/clipy/smica.py:311: RuntimeWarning: overflow encountered in matmul
  lkl = -.5 * delta.T @ (self.siginv @ delta)
/Users/matthewsmawfield/www/Temporal Equivalence Principle/TEP-HC/data/external/cobaya_packages/code/planck/clipy/clipy/smica.py:311: RuntimeWarning: invalid value encountered in matmul
  lkl = -.5 * delta.T @ (self.siginv @ delta)
[mcmc] Progress @ 2026-06-23 14:45:08 : 15122 steps taken, and 2305 accepted.
/Users/matthewsmawfield/www/Temporal Equivalence Principle/TEP-HC/data/external/cobaya_packages/code/planck/clipy/clipy/smica.py:311: RuntimeWarning: divide by zero encountered in matmul
  lkl = -.5 * delta.T @ (self.siginv @ delta)
/Users/matthewsmawfield/www/Temporal Equivalence Principle/TEP-HC/data/external/cobaya_packages/code/planck/clipy/clipy/smica.py:311: RuntimeWarning: overflow encountered in matmul
  lkl = -.5 * delta.T @ (self.siginv @ delta)
/Users/matthewsmawfield/www/Temporal Equivalence Principle/TEP-HC/data/external/cobaya_packages/code/planck/clipy/clipy/smica.py:311: RuntimeWarning: invalid value encountered in matmul
  lkl = -.5 * delta.T @ (self.siginv @ delta)
[mcmc] Progress @ 2026-06-23 14:45:17 : 12062 steps taken, and 1920 accepted.
/Users/matthewsmawfield/www/Temporal Equivalence Principle/TEP-HC/data/external/cobaya_packages/code/planck/clipy/clipy/smica.py:311: RuntimeWarning: divide by zero encountered in matmul
  lkl = -.5 * delta.T @ (self.siginv @ delta)
/Users/matthewsmawfield/www/Temporal Equivalence Principle/TEP-HC/data/external/cobaya_packages/code/planck/clipy/clipy/smica.py:311: RuntimeWarning: overflow encountered in matmul
  lkl = -.5 * delta.T @ (self.siginv @ delta)
/Users/matthewsmawfield/www/Temporal Equivalence Principle/TEP-HC/data/external/cobaya_packages/code/planck/clipy/clipy/smica.py:311: RuntimeWarning: invalid value encountered in matmul
  lkl = -.5 * delta.T @ (self.siginv @ delta)
[mcmc] Progress @ 2026-06-23 14:45:17 : 10659 steps taken, and 1814 accepted.
/Users/matthewsmawfield/www/Temporal Equivalence Principle/TEP-HC/data/external/cobaya_packages/code/planck/clipy/clipy/smica.py:311: RuntimeWarning: divide by zero encountered in matmul
  lkl = -.5 * delta.T @ (self.siginv @ delta)
/Users/matthewsmawfield/www/Temporal Equivalence Principle/TEP-HC/data/external/cobaya_packages/code/planck/clipy/clipy/smica.py:311: RuntimeWarning: overflow encountered in matmul
  lkl = -.5 * delta.T @ (self.siginv @ delta)
/Users/matthewsmawfield/www/Temporal Equivalence Principle/TEP-HC/data/external/cobaya_packages/code/planck/clipy/clipy/smica.py:311: RuntimeWarning: invalid value encountered in matmul
  lkl = -.5 * delta.T @ (self.siginv @ delta)
[mcmc] Progress @ 2026-06-23 14:46:06 : 13509 steps taken, and 2098 accepted.
/Users/matthewsmawfield/www/Temporal Equivalence Principle/TEP-HC/data/external/cobaya_packages/code/planck/clipy/clipy/smica.py:311: RuntimeWarning: divide by zero encountered in matmul
  lkl = -.5 * delta.T @ (self.siginv @ delta)
/Users/matthewsmawfield/www/Temporal Equivalence Principle/TEP-HC/data/external/cobaya_packages/code/planck/clipy/clipy/smica.py:311: RuntimeWarning: overflow encountered in matmul
  lkl = -.5 * delta.T @ (self.siginv @ delta)
/Users/matthewsmawfield/www/Temporal Equivalence Principle/TEP-HC/data/external/cobaya_packages/code/planck/clipy/clipy/smica.py:311: RuntimeWarning: invalid value encountered in matmul
  lkl = -.5 * delta.T @ (self.siginv @ delta)
[mcmc] Progress @ 2026-06-23 14:46:09 : 15642 steps taken, and 2392 accepted.
/Users/matthewsmawfield/www/Temporal Equivalence Principle/TEP-HC/data/external/cobaya_packages/code/planck/clipy/clipy/smica.py:311: RuntimeWarning: divide by zero encountered in matmul
  lkl = -.5 * delta.T @ (self.siginv @ delta)
/Users/matthewsmawfield/www/Temporal Equivalence Principle/TEP-HC/data/external/cobaya_packages/code/planck/clipy/clipy/smica.py:311: RuntimeWarning: overflow encountered in matmul
  lkl = -.5 * delta.T @ (self.siginv @ delta)
/Users/matthewsmawfield/www/Temporal Equivalence Principle/TEP-HC/data/external/cobaya_packages/code/planck/clipy/clipy/smica.py:311: RuntimeWarning: invalid value encountered in matmul
  lkl = -.5 * delta.T @ (self.siginv @ delta)
[mcmc] Progress @ 2026-06-23 14:46:18 : 12402 steps taken, and 1979 accepted.
/Users/matthewsmawfield/www/Temporal Equivalence Principle/TEP-HC/data/external/cobaya_packages/code/planck/clipy/clipy/smica.py:311: RuntimeWarning: divide by zero encountered in matmul
  lkl = -.5 * delta.T @ (self.siginv @ delta)
/Users/matthewsmawfield/www/Temporal Equivalence Principle/TEP-HC/data/external/cobaya_packages/code/planck/clipy/clipy/smica.py:311: RuntimeWarning: overflow encountered in matmul
  lkl = -.5 * delta.T @ (self.siginv @ delta)
/Users/matthewsmawfield/www/Temporal Equivalence Principle/TEP-HC/data/external/cobaya_packages/code/planck/clipy/clipy/smica.py:311: RuntimeWarning: invalid value encountered in matmul
  lkl = -.5 * delta.T @ (self.siginv @ delta)
[mcmc] Progress @ 2026-06-23 14:46:18 : 10964 steps taken, and 1871 accepted.
/Users/matthewsmawfield/www/Temporal Equivalence Principle/TEP-HC/data/external/cobaya_packages/code/planck/clipy/clipy/smica.py:311: RuntimeWarning: divide by zero encountered in matmul
  lkl = -.5 * delta.T @ (self.siginv @ delta)
/Users/matthewsmawfield/www/Temporal Equivalence Principle/TEP-HC/data/external/cobaya_packages/code/planck/clipy/clipy/smica.py:311: RuntimeWarning: overflow encountered in matmul
  lkl = -.5 * delta.T @ (self.siginv @ delta)
/Users/matthewsmawfield/www/Temporal Equivalence Principle/TEP-HC/data/external/cobaya_packages/code/planck/clipy/clipy/smica.py:311: RuntimeWarning: invalid value encountered in matmul
  lkl = -.5 * delta.T @ (self.siginv @ delta)
[mcmc] Progress @ 2026-06-23 14:47:06 : 13940 steps taken, and 2173 accepted.
/Users/matthewsmawfield/www/Temporal Equivalence Principle/TEP-HC/data/external/cobaya_packages/code/planck/clipy/clipy/smica.py:311: RuntimeWarning: divide by zero encountered in matmul
  lkl = -.5 * delta.T @ (self.siginv @ delta)
/Users/matthewsmawfield/www/Temporal Equivalence Principle/TEP-HC/data/external/cobaya_packages/code/planck/clipy/clipy/smica.py:311: RuntimeWarning: overflow encountered in matmul
  lkl = -.5 * delta.T @ (self.siginv @ delta)
/Users/matthewsmawfield/www/Temporal Equivalence Principle/TEP-HC/data/external/cobaya_packages/code/planck/clipy/clipy/smica.py:311: RuntimeWarning: invalid value encountered in matmul
  lkl = -.5 * delta.T @ (self.siginv @ delta)
[mcmc] Progress @ 2026-06-23 14:47:12 : 16239 steps taken, and 2490 accepted.
/Users/matthewsmawfield/www/Temporal Equivalence Principle/TEP-HC/data/external/cobaya_packages/code/planck/clipy/clipy/smica.py:311: RuntimeWarning: divide by zero encountered in matmul
  lkl = -.5 * delta.T @ (self.siginv @ delta)
/Users/matthewsmawfield/www/Temporal Equivalence Principle/TEP-HC/data/external/cobaya_packages/code/planck/clipy/clipy/smica.py:311: RuntimeWarning: overflow encountered in matmul
  lkl = -.5 * delta.T @ (self.siginv @ delta)
/Users/matthewsmawfield/www/Temporal Equivalence Principle/TEP-HC/data/external/cobaya_packages/code/planck/clipy/clipy/smica.py:311: RuntimeWarning: invalid value encountered in matmul
  lkl = -.5 * delta.T @ (self.siginv @ delta)
[mcmc] Progress @ 2026-06-23 14:47:18 : 12782 steps taken, and 2042 accepted.
/Users/matthewsmawfield/www/Temporal Equivalence Principle/TEP-HC/data/external/cobaya_packages/code/planck/clipy/clipy/smica.py:311: RuntimeWarning: divide by zero encountered in matmul
  lkl = -.5 * delta.T @ (self.siginv @ delta)
/Users/matthewsmawfield/www/Temporal Equivalence Principle/TEP-HC/data/external/cobaya_packages/code/planck/clipy/clipy/smica.py:311: RuntimeWarning: overflow encountered in matmul
  lkl = -.5 * delta.T @ (self.siginv @ delta)
/Users/matthewsmawfield/www/Temporal Equivalence Principle/TEP-HC/data/external/cobaya_packages/code/planck/clipy/clipy/smica.py:311: RuntimeWarning: invalid value encountered in matmul
  lkl = -.5 * delta.T @ (self.siginv @ delta)
[mcmc] Progress @ 2026-06-23 14:47:19 : 11263 steps taken, and 1917 accepted.
/Users/matthewsmawfield/www/Temporal Equivalence Principle/TEP-HC/data/external/cobaya_packages/code/planck/clipy/clipy/smica.py:311: RuntimeWarning: divide by zero encountered in matmul
  lkl = -.5 * delta.T @ (self.siginv @ delta)
/Users/matthewsmawfield/www/Temporal Equivalence Principle/TEP-HC/data/external/cobaya_packages/code/planck/clipy/clipy/smica.py:311: RuntimeWarning: overflow encountered in matmul
  lkl = -.5 * delta.T @ (self.siginv @ delta)
/Users/matthewsmawfield/www/Temporal Equivalence Principle/TEP-HC/data/external/cobaya_packages/code/planck/clipy/clipy/smica.py:311: RuntimeWarning: invalid value encountered in matmul
  lkl = -.5 * delta.T @ (self.siginv @ delta)
[mcmc] Learn + convergence test @ 2080 samples accepted.
[mcmc]  - Acceptance rate: 0.817
[mcmc]  - Convergence of means: R-1 = 8.424963 after 1664 accepted steps
[mcmc]  - Updated covariance matrix of proposal pdf.
/Users/matthewsmawfield/www/Temporal Equivalence Principle/TEP-HC/data/external/cobaya_packages/code/planck/clipy/clipy/smica.py:311: RuntimeWarning: divide by zero encountered in matmul
  lkl = -.5 * delta.T @ (self.siginv @ delta)
/Users/matthewsmawfield/www/Temporal Equivalence Principle/TEP-HC/data/external/cobaya_packages/code/planck/clipy/clipy/smica.py:311: RuntimeWarning: overflow encountered in matmul
  lkl = -.5 * delta.T @ (self.siginv @ delta)
/Users/matthewsmawfield/www/Temporal Equivalence Principle/TEP-HC/data/external/cobaya_packages/code/planck/clipy/clipy/smica.py:311: RuntimeWarning: invalid value encountered in matmul
  lkl = -.5 * delta.T @ (self.siginv @ delta)
[mcmc] Progress @ 2026-06-23 14:48:07 : 14372 steps taken, and 2236 accepted.
/Users/matthewsmawfield/www/Temporal Equivalence Principle/TEP-HC/data/external/cobaya_packages/code/planck/clipy/clipy/smica.py:311: RuntimeWarning: divide by zero encountered in matmul
  lkl = -.5 * delta.T @ (self.siginv @ delta)
/Users/matthewsmawfield/www/Temporal Equivalence Principle/TEP-HC/data/external/cobaya_packages/code/planck/clipy/clipy/smica.py:311: RuntimeWarning: overflow encountered in matmul
  lkl = -.5 * delta.T @ (self.siginv @ delta)
/Users/matthewsmawfield/www/Temporal Equivalence Principle/TEP-HC/data/external/cobaya_packages/code/planck/clipy/clipy/smica.py:311: RuntimeWarning: invalid value encountered in matmul
  lkl = -.5 * delta.T @ (self.siginv @ delta)
[mcmc] Progress @ 2026-06-23 14:48:14 : 16958 steps taken, and 2598 accepted.
/Users/matthewsmawfield/www/Temporal Equivalence Principle/TEP-HC/data/external/cobaya_packages/code/planck/clipy/clipy/smica.py:311: RuntimeWarning: divide by zero encountered in matmul
  lkl = -.5 * delta.T @ (self.siginv @ delta)
/Users/matthewsmawfield/www/Temporal Equivalence Principle/TEP-HC/data/external/cobaya_packages/code/planck/clipy/clipy/smica.py:311: RuntimeWarning: overflow encountered in matmul
  lkl = -.5 * delta.T @ (self.siginv @ delta)
/Users/matthewsmawfield/www/Temporal Equivalence Principle/TEP-HC/data/external/cobaya_packages/code/planck/clipy/clipy/smica.py:311: RuntimeWarning: invalid value encountered in matmul
  lkl = -.5 * delta.T @ (self.siginv @ delta)
[mcmc] Progress @ 2026-06-23 14:48:19 : 11585 steps taken, and 1972 accepted.
/Users/matthewsmawfield/www/Temporal Equivalence Principle/TEP-HC/data/external/cobaya_packages/code/planck/clipy/clipy/smica.py:311: RuntimeWarning: divide by zero encountered in matmul
  lkl = -.5 * delta.T @ (self.siginv @ delta)
/Users/matthewsmawfield/www/Temporal Equivalence Principle/TEP-HC/data/external/cobaya_packages/code/planck/clipy/clipy/smica.py:311: RuntimeWarning: overflow encountered in matmul
  lkl = -.5 * delta.T @ (self.siginv @ delta)
/Users/matthewsmawfield/www/Temporal Equivalence Principle/TEP-HC/data/external/cobaya_packages/code/planck/clipy/clipy/smica.py:311: RuntimeWarning: invalid value encountered in matmul
  lkl = -.5 * delta.T @ (self.siginv @ delta)
[mcmc] Progress @ 2026-06-23 14:48:20 : 13223 steps taken, and 2114 accepted.
/Users/matthewsmawfield/www/Temporal Equivalence Principle/TEP-HC/data/external/cobaya_packages/code/planck/clipy/clipy/smica.py:311: RuntimeWarning: divide by zero encountered in matmul
  lkl = -.5 * delta.T @ (self.siginv @ delta)
/Users/matthewsmawfield/www/Temporal Equivalence Principle/TEP-HC/data/external/cobaya_packages/code/planck/clipy/clipy/smica.py:311: RuntimeWarning: overflow encountered in matmul
  lkl = -.5 * delta.T @ (self.siginv @ delta)
/Users/matthewsmawfield/www/Temporal Equivalence Principle/TEP-HC/data/external/cobaya_packages/code/planck/clipy/clipy/smica.py:311: RuntimeWarning: invalid value encountered in matmul
  lkl = -.5 * delta.T @ (self.siginv @ delta)
[mcmc] Progress @ 2026-06-23 14:49:07 : 14721 steps taken, and 2284 accepted.
/Users/matthewsmawfield/www/Temporal Equivalence Principle/TEP-HC/data/external/cobaya_packages/code/planck/clipy/clipy/smica.py:311: RuntimeWarning: divide by zero encountered in matmul
  lkl = -.5 * delta.T @ (self.siginv @ delta)
/Users/matthewsmawfield/www/Temporal Equivalence Principle/TEP-HC/data/external/cobaya_packages/code/planck/clipy/clipy/smica.py:311: RuntimeWarning: overflow encountered in matmul
  lkl = -.5 * delta.T @ (self.siginv @ delta)
/Users/matthewsmawfield/www/Temporal Equivalence Principle/TEP-HC/data/external/cobaya_packages/code/planck/clipy/clipy/smica.py:311: RuntimeWarning: invalid value encountered in matmul
  lkl = -.5 * delta.T @ (self.siginv @ delta)
[mcmc] Progress @ 2026-06-23 14:49:15 : 17486 steps taken, and 2679 accepted.
/Users/matthewsmawfield/www/Temporal Equivalence Principle/TEP-HC/data/external/cobaya_packages/code/planck/clipy/clipy/smica.py:311: RuntimeWarning: divide by zero encountered in matmul
  lkl = -.5 * delta.T @ (self.siginv @ delta)
/Users/matthewsmawfield/www/Temporal Equivalence Principle/TEP-HC/data/external/cobaya_packages/code/planck/clipy/clipy/smica.py:311: RuntimeWarning: overflow encountered in matmul
  lkl = -.5 * delta.T @ (self.siginv @ delta)
/Users/matthewsmawfield/www/Temporal Equivalence Principle/TEP-HC/data/external/cobaya_packages/code/planck/clipy/clipy/smica.py:311: RuntimeWarning: invalid value encountered in matmul
  lkl = -.5 * delta.T @ (self.siginv @ delta)
[mcmc] Progress @ 2026-06-23 14:49:19 : 11854 steps taken, and 2019 accepted.
/Users/matthewsmawfield/www/Temporal Equivalence Principle/TEP-HC/data/external/cobaya_packages/code/planck/clipy/clipy/smica.py:311: RuntimeWarning: divide by zero encountered in matmul
  lkl = -.5 * delta.T @ (self.siginv @ delta)
/Users/matthewsmawfield/www/Temporal Equivalence Principle/TEP-HC/data/external/cobaya_packages/code/planck/clipy/clipy/smica.py:311: RuntimeWarning: overflow encountered in matmul
  lkl = -.5 * delta.T @ (self.siginv @ delta)
/Users/matthewsmawfield/www/Temporal Equivalence Principle/TEP-HC/data/external/cobaya_packages/code/planck/clipy/clipy/smica.py:311: RuntimeWarning: invalid value encountered in matmul
  lkl = -.5 * delta.T @ (self.siginv @ delta)
[mcmc] Progress @ 2026-06-23 14:49:22 : 13587 steps taken, and 2169 accepted.
/Users/matthewsmawfield/www/Temporal Equivalence Principle/TEP-HC/data/external/cobaya_packages/code/planck/clipy/clipy/smica.py:311: RuntimeWarning: divide by zero encountered in matmul
  lkl = -.5 * delta.T @ (self.siginv @ delta)
/Users/matthewsmawfield/www/Temporal Equivalence Principle/TEP-HC/data/external/cobaya_packages/code/planck/clipy/clipy/smica.py:311: RuntimeWarning: overflow encountered in matmul
  lkl = -.5 * delta.T @ (self.siginv @ delta)
/Users/matthewsmawfield/www/Temporal Equivalence Principle/TEP-HC/data/external/cobaya_packages/code/planck/clipy/clipy/smica.py:311: RuntimeWarning: invalid value encountered in matmul
  lkl = -.5 * delta.T @ (self.siginv @ delta)
[mcmc] Progress @ 2026-06-23 14:50:08 : 15125 steps taken, and 2344 accepted.
/Users/matthewsmawfield/www/Temporal Equivalence Principle/TEP-HC/data/external/cobaya_packages/code/planck/clipy/clipy/smica.py:311: RuntimeWarning: divide by zero encountered in matmul
  lkl = -.5 * delta.T @ (self.siginv @ delta)
/Users/matthewsmawfield/www/Temporal Equivalence Principle/TEP-HC/data/external/cobaya_packages/code/planck/clipy/clipy/smica.py:311: RuntimeWarning: overflow encountered in matmul
  lkl = -.5 * delta.T @ (self.siginv @ delta)
/Users/matthewsmawfield/www/Temporal Equivalence Principle/TEP-HC/data/external/cobaya_packages/code/planck/clipy/clipy/smica.py:311: RuntimeWarning: invalid value encountered in matmul
  lkl = -.5 * delta.T @ (self.siginv @ delta)
[mcmc] Progress @ 2026-06-23 14:50:16 : 18133 steps taken, and 2775 accepted.
/Users/matthewsmawfield/www/Temporal Equivalence Principle/TEP-HC/data/external/cobaya_packages/code/planck/clipy/clipy/smica.py:311: RuntimeWarning: divide by zero encountered in matmul
  lkl = -.5 * delta.T @ (self.siginv @ delta)
/Users/matthewsmawfield/www/Temporal Equivalence Principle/TEP-HC/data/external/cobaya_packages/code/planck/clipy/clipy/smica.py:311: RuntimeWarning: overflow encountered in matmul
  lkl = -.5 * delta.T @ (self.siginv @ delta)
/Users/matthewsmawfield/www/Temporal Equivalence Principle/TEP-HC/data/external/cobaya_packages/code/planck/clipy/clipy/smica.py:311: RuntimeWarning: invalid value encountered in matmul
  lkl = -.5 * delta.T @ (self.siginv @ delta)
[mcmc] Progress @ 2026-06-23 14:50:20 : 12178 steps taken, and 2075 accepted.
/Users/matthewsmawfield/www/Temporal Equivalence Principle/TEP-HC/data/external/cobaya_packages/code/planck/clipy/clipy/smica.py:311: RuntimeWarning: divide by zero encountered in matmul
  lkl = -.5 * delta.T @ (self.siginv @ delta)
/Users/matthewsmawfield/www/Temporal Equivalence Principle/TEP-HC/data/external/cobaya_packages/code/planck/clipy/clipy/smica.py:311: RuntimeWarning: overflow encountered in matmul
  lkl = -.5 * delta.T @ (self.siginv @ delta)
/Users/matthewsmawfield/www/Temporal Equivalence Principle/TEP-HC/data/external/cobaya_packages/code/planck/clipy/clipy/smica.py:311: RuntimeWarning: invalid value encountered in matmul
  lkl = -.5 * delta.T @ (self.siginv @ delta)
[mcmc] Progress @ 2026-06-23 14:50:24 : 13939 steps taken, and 2226 accepted.
/Users/matthewsmawfield/www/Temporal Equivalence Principle/TEP-HC/data/external/cobaya_packages/code/planck/clipy/clipy/smica.py:311: RuntimeWarning: divide by zero encountered in matmul
  lkl = -.5 * delta.T @ (self.siginv @ delta)
/Users/matthewsmawfield/www/Temporal Equivalence Principle/TEP-HC/data/external/cobaya_packages/code/planck/clipy/clipy/smica.py:311: RuntimeWarning: overflow encountered in matmul
  lkl = -.5 * delta.T @ (self.siginv @ delta)
/Users/matthewsmawfield/www/Temporal Equivalence Principle/TEP-HC/data/external/cobaya_packages/code/planck/clipy/clipy/smica.py:311: RuntimeWarning: invalid value encountered in matmul
  lkl = -.5 * delta.T @ (self.siginv @ delta)
[mcmc] Progress @ 2026-06-23 14:51:09 : 15482 steps taken, and 2399 accepted.
/Users/matthewsmawfield/www/Temporal Equivalence Principle/TEP-HC/data/external/cobaya_packages/code/planck/clipy/clipy/smica.py:311: RuntimeWarning: divide by zero encountered in matmul
  lkl = -.5 * delta.T @ (self.siginv @ delta)
/Users/matthewsmawfield/www/Temporal Equivalence Principle/TEP-HC/data/external/cobaya_packages/code/planck/clipy/clipy/smica.py:311: RuntimeWarning: overflow encountered in matmul
  lkl = -.5 * delta.T @ (self.siginv @ delta)
/Users/matthewsmawfield/www/Temporal Equivalence Principle/TEP-HC/data/external/cobaya_packages/code/planck/clipy/clipy/smica.py:311: RuntimeWarning: invalid value encountered in matmul
  lkl = -.5 * delta.T @ (self.siginv @ delta)
[mcmc] Progress @ 2026-06-23 14:51:16 : 18579 steps taken, and 2846 accepted.
/Users/matthewsmawfield/www/Temporal Equivalence Principle/TEP-HC/data/external/cobaya_packages/code/planck/clipy/clipy/smica.py:311: RuntimeWarning: divide by zero encountered in matmul
  lkl = -.5 * delta.T @ (self.siginv @ delta)
/Users/matthewsmawfield/www/Temporal Equivalence Principle/TEP-HC/data/external/cobaya_packages/code/planck/clipy/clipy/smica.py:311: RuntimeWarning: overflow encountered in matmul
  lkl = -.5 * delta.T @ (self.siginv @ delta)
/Users/matthewsmawfield/www/Temporal Equivalence Principle/TEP-HC/data/external/cobaya_packages/code/planck/clipy/clipy/smica.py:311: RuntimeWarning: invalid value encountered in matmul
  lkl = -.5 * delta.T @ (self.siginv @ delta)
[mcmc] Progress @ 2026-06-23 14:51:22 : 12483 steps taken, and 2124 accepted.
/Users/matthewsmawfield/www/Temporal Equivalence Principle/TEP-HC/data/external/cobaya_packages/code/planck/clipy/clipy/smica.py:311: RuntimeWarning: divide by zero encountered in matmul
  lkl = -.5 * delta.T @ (self.siginv @ delta)
/Users/matthewsmawfield/www/Temporal Equivalence Principle/TEP-HC/data/external/cobaya_packages/code/planck/clipy/clipy/smica.py:311: RuntimeWarning: overflow encountered in matmul
  lkl = -.5 * delta.T @ (self.siginv @ delta)
/Users/matthewsmawfield/www/Temporal Equivalence Principle/TEP-HC/data/external/cobaya_packages/code/planck/clipy/clipy/smica.py:311: RuntimeWarning: invalid value encountered in matmul
  lkl = -.5 * delta.T @ (self.siginv @ delta)
[mcmc] Progress @ 2026-06-23 14:51:25 : 14282 steps taken, and 2284 accepted.
/Users/matthewsmawfield/www/Temporal Equivalence Principle/TEP-HC/data/external/cobaya_packages/code/planck/clipy/clipy/smica.py:311: RuntimeWarning: divide by zero encountered in matmul
  lkl = -.5 * delta.T @ (self.siginv @ delta)
/Users/matthewsmawfield/www/Temporal Equivalence Principle/TEP-HC/data/external/cobaya_packages/code/planck/clipy/clipy/smica.py:311: RuntimeWarning: overflow encountered in matmul
  lkl = -.5 * delta.T @ (self.siginv @ delta)
/Users/matthewsmawfield/www/Temporal Equivalence Principle/TEP-HC/data/external/cobaya_packages/code/planck/clipy/clipy/smica.py:311: RuntimeWarning: invalid value encountered in matmul
  lkl = -.5 * delta.T @ (self.siginv @ delta)
[mcmc] Progress @ 2026-06-23 14:52:11 : 15852 steps taken, and 2452 accepted.
/Users/matthewsmawfield/www/Temporal Equivalence Principle/TEP-HC/data/external/cobaya_packages/code/planck/clipy/clipy/smica.py:311: RuntimeWarning: divide by zero encountered in matmul
  lkl = -.5 * delta.T @ (self.siginv @ delta)
/Users/matthewsmawfield/www/Temporal Equivalence Principle/TEP-HC/data/external/cobaya_packages/code/planck/clipy/clipy/smica.py:311: RuntimeWarning: overflow encountered in matmul
  lkl = -.5 * delta.T @ (self.siginv @ delta)
/Users/matthewsmawfield/www/Temporal Equivalence Principle/TEP-HC/data/external/cobaya_packages/code/planck/clipy/clipy/smica.py:311: RuntimeWarning: invalid value encountered in matmul
  lkl = -.5 * delta.T @ (self.siginv @ delta)
[mcmc] Progress @ 2026-06-23 14:52:17 : 18934 steps taken, and 2892 accepted.
/Users/matthewsmawfield/www/Temporal Equivalence Principle/TEP-HC/data/external/cobaya_packages/code/planck/clipy/clipy/smica.py:311: RuntimeWarning: divide by zero encountered in matmul
  lkl = -.5 * delta.T @ (self.siginv @ delta)
/Users/matthewsmawfield/www/Temporal Equivalence Principle/TEP-HC/data/external/cobaya_packages/code/planck/clipy/clipy/smica.py:311: RuntimeWarning: overflow encountered in matmul
  lkl = -.5 * delta.T @ (self.siginv @ delta)
/Users/matthewsmawfield/www/Temporal Equivalence Principle/TEP-HC/data/external/cobaya_packages/code/planck/clipy/clipy/smica.py:311: RuntimeWarning: invalid value encountered in matmul
  lkl = -.5 * delta.T @ (self.siginv @ delta)
[mcmc] Progress @ 2026-06-23 14:52:23 : 12752 steps taken, and 2167 accepted.
/Users/matthewsmawfield/www/Temporal Equivalence Principle/TEP-HC/data/external/cobaya_packages/code/planck/clipy/clipy/smica.py:311: RuntimeWarning: divide by zero encountered in matmul
  lkl = -.5 * delta.T @ (self.siginv @ delta)
/Users/matthewsmawfield/www/Temporal Equivalence Principle/TEP-HC/data/external/cobaya_packages/code/planck/clipy/clipy/smica.py:311: RuntimeWarning: overflow encountered in matmul
  lkl = -.5 * delta.T @ (self.siginv @ delta)
/Users/matthewsmawfield/www/Temporal Equivalence Principle/TEP-HC/data/external/cobaya_packages/code/planck/clipy/clipy/smica.py:311: RuntimeWarning: invalid value encountered in matmul
  lkl = -.5 * delta.T @ (self.siginv @ delta)
[mcmc] Progress @ 2026-06-23 14:52:26 : 14729 steps taken, and 2350 accepted.
/Users/matthewsmawfield/www/Temporal Equivalence Principle/TEP-HC/data/external/cobaya_packages/code/planck/clipy/clipy/smica.py:311: RuntimeWarning: divide by zero encountered in matmul
  lkl = -.5 * delta.T @ (self.siginv @ delta)
/Users/matthewsmawfield/www/Temporal Equivalence Principle/TEP-HC/data/external/cobaya_packages/code/planck/clipy/clipy/smica.py:311: RuntimeWarning: overflow encountered in matmul
  lkl = -.5 * delta.T @ (self.siginv @ delta)
/Users/matthewsmawfield/www/Temporal Equivalence Principle/TEP-HC/data/external/cobaya_packages/code/planck/clipy/clipy/smica.py:311: RuntimeWarning: invalid value encountered in matmul
  lkl = -.5 * delta.T @ (self.siginv @ delta)
[mcmc] Learn + convergence test @ 2480 samples accepted.
[mcmc]  - Acceptance rate: 0.773
[mcmc]  - Convergence of means: R-1 = 52.612919 after 1984 accepted steps
[mcmc] Convergence less than requested for updates: waiting until the next convergence check.
/Users/matthewsmawfield/www/Temporal Equivalence Principle/TEP-HC/data/external/cobaya_packages/code/planck/clipy/clipy/smica.py:311: RuntimeWarning: divide by zero encountered in matmul
  lkl = -.5 * delta.T @ (self.siginv @ delta)
/Users/matthewsmawfield/www/Temporal Equivalence Principle/TEP-HC/data/external/cobaya_packages/code/planck/clipy/clipy/smica.py:311: RuntimeWarning: overflow encountered in matmul
  lkl = -.5 * delta.T @ (self.siginv @ delta)
/Users/matthewsmawfield/www/Temporal Equivalence Principle/TEP-HC/data/external/cobaya_packages/code/planck/clipy/clipy/smica.py:311: RuntimeWarning: invalid value encountered in matmul
  lkl = -.5 * delta.T @ (self.siginv @ delta)
[mcmc] Progress @ 2026-06-23 14:53:11 : 16337 steps taken, and 2532 accepted.
/Users/matthewsmawfield/www/Temporal Equivalence Principle/TEP-HC/data/external/cobaya_packages/code/planck/clipy/clipy/smica.py:311: RuntimeWarning: divide by zero encountered in matmul
  lkl = -.5 * delta.T @ (self.siginv @ delta)
/Users/matthewsmawfield/www/Temporal Equivalence Principle/TEP-HC/data/external/cobaya_packages/code/planck/clipy/clipy/smica.py:311: RuntimeWarning: overflow encountered in matmul
  lkl = -.5 * delta.T @ (self.siginv @ delta)
/Users/matthewsmawfield/www/Temporal Equivalence Principle/TEP-HC/data/external/cobaya_packages/code/planck/clipy/clipy/smica.py:311: RuntimeWarning: invalid value encountered in matmul
  lkl = -.5 * delta.T @ (self.siginv @ delta)
[mcmc] Progress @ 2026-06-23 14:53:17 : 19353 steps taken, and 2956 accepted.
/Users/matthewsmawfield/www/Temporal Equivalence Principle/TEP-HC/data/external/cobaya_packages/code/planck/clipy/clipy/smica.py:311: RuntimeWarning: divide by zero encountered in matmul
  lkl = -.5 * delta.T @ (self.siginv @ delta)
/Users/matthewsmawfield/www/Temporal Equivalence Principle/TEP-HC/data/external/cobaya_packages/code/planck/clipy/clipy/smica.py:311: RuntimeWarning: overflow encountered in matmul
  lkl = -.5 * delta.T @ (self.siginv @ delta)
/Users/matthewsmawfield/www/Temporal Equivalence Principle/TEP-HC/data/external/cobaya_packages/code/planck/clipy/clipy/smica.py:311: RuntimeWarning: invalid value encountered in matmul
  lkl = -.5 * delta.T @ (self.siginv @ delta)
[mcmc] Progress @ 2026-06-23 14:53:25 : 13128 steps taken, and 2237 accepted.
/Users/matthewsmawfield/www/Temporal Equivalence Principle/TEP-HC/data/external/cobaya_packages/code/planck/clipy/clipy/smica.py:311: RuntimeWarning: divide by zero encountered in matmul
  lkl = -.5 * delta.T @ (self.siginv @ delta)
/Users/matthewsmawfield/www/Temporal Equivalence Principle/TEP-HC/data/external/cobaya_packages/code/planck/clipy/clipy/smica.py:311: RuntimeWarning: overflow encountered in matmul
  lkl = -.5 * delta.T @ (self.siginv @ delta)
/Users/matthewsmawfield/www/Temporal Equivalence Principle/TEP-HC/data/external/cobaya_packages/code/planck/clipy/clipy/smica.py:311: RuntimeWarning: invalid value encountered in matmul
  lkl = -.5 * delta.T @ (self.siginv @ delta)
[mcmc] Learn + convergence test @ 2240 samples accepted.
[mcmc]  - Acceptance rate: 0.680
[mcmc]  - Convergence of means: R-1 = 21.386324 after 1792 accepted steps
[mcmc]  - Updated covariance matrix of proposal pdf.
/Users/matthewsmawfield/www/Temporal Equivalence Principle/TEP-HC/data/external/cobaya_packages/code/planck/clipy/clipy/smica.py:311: RuntimeWarning: divide by zero encountered in matmul
  lkl = -.5 * delta.T @ (self.siginv @ delta)
/Users/matthewsmawfield/www/Temporal Equivalence Principle/TEP-HC/data/external/cobaya_packages/code/planck/clipy/clipy/smica.py:311: RuntimeWarning: overflow encountered in matmul
  lkl = -.5 * delta.T @ (self.siginv @ delta)
/Users/matthewsmawfield/www/Temporal Equivalence Principle/TEP-HC/data/external/cobaya_packages/code/planck/clipy/clipy/smica.py:311: RuntimeWarning: invalid value encountered in matmul
  lkl = -.5 * delta.T @ (self.siginv @ delta)
[mcmc] Progress @ 2026-06-23 14:53:28 : 15146 steps taken, and 2418 accepted.
/Users/matthewsmawfield/www/Temporal Equivalence Principle/TEP-HC/data/external/cobaya_packages/code/planck/clipy/clipy/smica.py:311: RuntimeWarning: divide by zero encountered in matmul
  lkl = -.5 * delta.T @ (self.siginv @ delta)
/Users/matthewsmawfield/www/Temporal Equivalence Principle/TEP-HC/data/external/cobaya_packages/code/planck/clipy/clipy/smica.py:311: RuntimeWarning: overflow encountered in matmul
  lkl = -.5 * delta.T @ (self.siginv @ delta)
/Users/matthewsmawfield/www/Temporal Equivalence Principle/TEP-HC/data/external/cobaya_packages/code/planck/clipy/clipy/smica.py:311: RuntimeWarning: invalid value encountered in matmul
  lkl = -.5 * delta.T @ (self.siginv @ delta)
[mcmc] Progress @ 2026-06-23 14:54:13 : 16736 steps taken, and 2596 accepted.
/Users/matthewsmawfield/www/Temporal Equivalence Principle/TEP-HC/data/external/cobaya_packages/code/planck/clipy/clipy/smica.py:311: RuntimeWarning: divide by zero encountered in matmul
  lkl = -.5 * delta.T @ (self.siginv @ delta)
/Users/matthewsmawfield/www/Temporal Equivalence Principle/TEP-HC/data/external/cobaya_packages/code/planck/clipy/clipy/smica.py:311: RuntimeWarning: overflow encountered in matmul
  lkl = -.5 * delta.T @ (self.siginv @ delta)
/Users/matthewsmawfield/www/Temporal Equivalence Principle/TEP-HC/data/external/cobaya_packages/code/planck/clipy/clipy/smica.py:311: RuntimeWarning: invalid value encountered in matmul
  lkl = -.5 * delta.T @ (self.siginv @ delta)
[mcmc] Progress @ 2026-06-23 14:54:19 : 19796 steps taken, and 3027 accepted.
/Users/matthewsmawfield/www/Temporal Equivalence Principle/TEP-HC/data/external/cobaya_packages/code/planck/clipy/clipy/smica.py:311: RuntimeWarning: divide by zero encountered in matmul
  lkl = -.5 * delta.T @ (self.siginv @ delta)
/Users/matthewsmawfield/www/Temporal Equivalence Principle/TEP-HC/data/external/cobaya_packages/code/planck/clipy/clipy/smica.py:311: RuntimeWarning: overflow encountered in matmul
  lkl = -.5 * delta.T @ (self.siginv @ delta)
/Users/matthewsmawfield/www/Temporal Equivalence Principle/TEP-HC/data/external/cobaya_packages/code/planck/clipy/clipy/smica.py:311: RuntimeWarning: invalid value encountered in matmul
  lkl = -.5 * delta.T @ (self.siginv @ delta)
[mcmc] Progress @ 2026-06-23 14:54:25 : 13537 steps taken, and 2319 accepted.
/Users/matthewsmawfield/www/Temporal Equivalence Principle/TEP-HC/data/external/cobaya_packages/code/planck/clipy/clipy/smica.py:311: RuntimeWarning: divide by zero encountered in matmul
  lkl = -.5 * delta.T @ (self.siginv @ delta)
/Users/matthewsmawfield/www/Temporal Equivalence Principle/TEP-HC/data/external/cobaya_packages/code/planck/clipy/clipy/smica.py:311: RuntimeWarning: overflow encountered in matmul
  lkl = -.5 * delta.T @ (self.siginv @ delta)
/Users/matthewsmawfield/www/Temporal Equivalence Principle/TEP-HC/data/external/cobaya_packages/code/planck/clipy/clipy/smica.py:311: RuntimeWarning: invalid value encountered in matmul
  lkl = -.5 * delta.T @ (self.siginv @ delta)
[mcmc] Progress @ 2026-06-23 14:54:29 : 15500 steps taken, and 2475 accepted.
/Users/matthewsmawfield/www/Temporal Equivalence Principle/TEP-HC/data/external/cobaya_packages/code/planck/clipy/clipy/smica.py:311: RuntimeWarning: divide by zero encountered in matmul
  lkl = -.5 * delta.T @ (self.siginv @ delta)
/Users/matthewsmawfield/www/Temporal Equivalence Principle/TEP-HC/data/external/cobaya_packages/code/planck/clipy/clipy/smica.py:311: RuntimeWarning: overflow encountered in matmul
  lkl = -.5 * delta.T @ (self.siginv @ delta)
/Users/matthewsmawfield/www/Temporal Equivalence Principle/TEP-HC/data/external/cobaya_packages/code/planck/clipy/clipy/smica.py:311: RuntimeWarning: invalid value encountered in matmul
  lkl = -.5 * delta.T @ (self.siginv @ delta)
[mcmc] Progress @ 2026-06-23 14:55:14 : 17115 steps taken, and 2654 accepted.
/Users/matthewsmawfield/www/Temporal Equivalence Principle/TEP-HC/data/external/cobaya_packages/code/planck/clipy/clipy/smica.py:311: RuntimeWarning: divide by zero encountered in matmul
  lkl = -.5 * delta.T @ (self.siginv @ delta)
/Users/matthewsmawfield/www/Temporal Equivalence Principle/TEP-HC/data/external/cobaya_packages/code/planck/clipy/clipy/smica.py:311: RuntimeWarning: overflow encountered in matmul
  lkl = -.5 * delta.T @ (self.siginv @ delta)
/Users/matthewsmawfield/www/Temporal Equivalence Principle/TEP-HC/data/external/cobaya_packages/code/planck/clipy/clipy/smica.py:311: RuntimeWarning: invalid value encountered in matmul
  lkl = -.5 * delta.T @ (self.siginv @ delta)
[mcmc] Progress @ 2026-06-23 14:55:23 : 20264 steps taken, and 3108 accepted.
/Users/matthewsmawfield/www/Temporal Equivalence Principle/TEP-HC/data/external/cobaya_packages/code/planck/clipy/clipy/smica.py:311: RuntimeWarning: divide by zero encountered in matmul
  lkl = -.5 * delta.T @ (self.siginv @ delta)
/Users/matthewsmawfield/www/Temporal Equivalence Principle/TEP-HC/data/external/cobaya_packages/code/planck/clipy/clipy/smica.py:311: RuntimeWarning: overflow encountered in matmul
  lkl = -.5 * delta.T @ (self.siginv @ delta)
/Users/matthewsmawfield/www/Temporal Equivalence Principle/TEP-HC/data/external/cobaya_packages/code/planck/clipy/clipy/smica.py:311: RuntimeWarning: invalid value encountered in matmul
  lkl = -.5 * delta.T @ (self.siginv @ delta)
[mcmc] Progress @ 2026-06-23 14:55:26 : 13800 steps taken, and 2367 accepted.
/Users/matthewsmawfield/www/Temporal Equivalence Principle/TEP-HC/data/external/cobaya_packages/code/planck/clipy/clipy/smica.py:311: RuntimeWarning: divide by zero encountered in matmul
  lkl = -.5 * delta.T @ (self.siginv @ delta)
/Users/matthewsmawfield/www/Temporal Equivalence Principle/TEP-HC/data/external/cobaya_packages/code/planck/clipy/clipy/smica.py:311: RuntimeWarning: overflow encountered in matmul
  lkl = -.5 * delta.T @ (self.siginv @ delta)
/Users/matthewsmawfield/www/Temporal Equivalence Principle/TEP-HC/data/external/cobaya_packages/code/planck/clipy/clipy/smica.py:311: RuntimeWarning: invalid value encountered in matmul
  lkl = -.5 * delta.T @ (self.siginv @ delta)
[mcmc] Progress @ 2026-06-23 14:55:29 : 15841 steps taken, and 2528 accepted.
/Users/matthewsmawfield/www/Temporal Equivalence Principle/TEP-HC/data/external/cobaya_packages/code/planck/clipy/clipy/smica.py:311: RuntimeWarning: divide by zero encountered in matmul
  lkl = -.5 * delta.T @ (self.siginv @ delta)
/Users/matthewsmawfield/www/Temporal Equivalence Principle/TEP-HC/data/external/cobaya_packages/code/planck/clipy/clipy/smica.py:311: RuntimeWarning: overflow encountered in matmul
  lkl = -.5 * delta.T @ (self.siginv @ delta)
/Users/matthewsmawfield/www/Temporal Equivalence Principle/TEP-HC/data/external/cobaya_packages/code/planck/clipy/clipy/smica.py:311: RuntimeWarning: invalid value encountered in matmul
  lkl = -.5 * delta.T @ (self.siginv @ delta)
[mcmc] Learn + convergence test @ 3120 samples accepted.
[mcmc]  - Acceptance rate: 0.767
[mcmc]  - Convergence of means: R-1 = 23.789152 after 2496 accepted steps
[mcmc]  - Updated covariance matrix of proposal pdf.
/Users/matthewsmawfield/www/Temporal Equivalence Principle/TEP-HC/data/external/cobaya_packages/code/planck/clipy/clipy/smica.py:311: RuntimeWarning: divide by zero encountered in matmul
  lkl = -.5 * delta.T @ (self.siginv @ delta)
/Users/matthewsmawfield/www/Temporal Equivalence Principle/TEP-HC/data/external/cobaya_packages/code/planck/clipy/clipy/smica.py:311: RuntimeWarning: overflow encountered in matmul
  lkl = -.5 * delta.T @ (self.siginv @ delta)
/Users/matthewsmawfield/www/Temporal Equivalence Principle/TEP-HC/data/external/cobaya_packages/code/planck/clipy/clipy/smica.py:311: RuntimeWarning: invalid value encountered in matmul
  lkl = -.5 * delta.T @ (self.siginv @ delta)
[mcmc] Progress @ 2026-06-23 14:56:17 : 17526 steps taken, and 2720 accepted.
/Users/matthewsmawfield/www/Temporal Equivalence Principle/TEP-HC/data/external/cobaya_packages/code/planck/clipy/clipy/smica.py:311: RuntimeWarning: divide by zero encountered in matmul
  lkl = -.5 * delta.T @ (self.siginv @ delta)
/Users/matthewsmawfield/www/Temporal Equivalence Principle/TEP-HC/data/external/cobaya_packages/code/planck/clipy/clipy/smica.py:311: RuntimeWarning: overflow encountered in matmul
  lkl = -.5 * delta.T @ (self.siginv @ delta)
/Users/matthewsmawfield/www/Temporal Equivalence Principle/TEP-HC/data/external/cobaya_packages/code/planck/clipy/clipy/smica.py:311: RuntimeWarning: invalid value encountered in matmul
  lkl = -.5 * delta.T @ (self.siginv @ delta)
[mcmc] Progress @ 2026-06-23 14:56:25 : 20672 steps taken, and 3174 accepted.
/Users/matthewsmawfield/www/Temporal Equivalence Principle/TEP-HC/data/external/cobaya_packages/code/planck/clipy/clipy/smica.py:311: RuntimeWarning: divide by zero encountered in matmul
  lkl = -.5 * delta.T @ (self.siginv @ delta)
/Users/matthewsmawfield/www/Temporal Equivalence Principle/TEP-HC/data/external/cobaya_packages/code/planck/clipy/clipy/smica.py:311: RuntimeWarning: overflow encountered in matmul
  lkl = -.5 * delta.T @ (self.siginv @ delta)
/Users/matthewsmawfield/www/Temporal Equivalence Principle/TEP-HC/data/external/cobaya_packages/code/planck/clipy/clipy/smica.py:311: RuntimeWarning: invalid value encountered in matmul
  lkl = -.5 * delta.T @ (self.siginv @ delta)
[mcmc] Progress @ 2026-06-23 14:56:27 : 14136 steps taken, and 2423 accepted.
/Users/matthewsmawfield/www/Temporal Equivalence Principle/TEP-HC/data/external/cobaya_packages/code/planck/clipy/clipy/smica.py:311: RuntimeWarning: divide by zero encountered in matmul
  lkl = -.5 * delta.T @ (self.siginv @ delta)
/Users/matthewsmawfield/www/Temporal Equivalence Principle/TEP-HC/data/external/cobaya_packages/code/planck/clipy/clipy/smica.py:311: RuntimeWarning: overflow encountered in matmul
  lkl = -.5 * delta.T @ (self.siginv @ delta)
/Users/matthewsmawfield/www/Temporal Equivalence Principle/TEP-HC/data/external/cobaya_packages/code/planck/clipy/clipy/smica.py:311: RuntimeWarning: invalid value encountered in matmul
  lkl = -.5 * delta.T @ (self.siginv @ delta)
[mcmc] Progress @ 2026-06-23 14:56:32 : 16334 steps taken, and 2604 accepted.
/Users/matthewsmawfield/www/Temporal Equivalence Principle/TEP-HC/data/external/cobaya_packages/code/planck/clipy/clipy/smica.py:311: RuntimeWarning: divide by zero encountered in matmul
  lkl = -.5 * delta.T @ (self.siginv @ delta)
/Users/matthewsmawfield/www/Temporal Equivalence Principle/TEP-HC/data/external/cobaya_packages/code/planck/clipy/clipy/smica.py:311: RuntimeWarning: overflow encountered in matmul
  lkl = -.5 * delta.T @ (self.siginv @ delta)
/Users/matthewsmawfield/www/Temporal Equivalence Principle/TEP-HC/data/external/cobaya_packages/code/planck/clipy/clipy/smica.py:311: RuntimeWarning: invalid value encountered in matmul
  lkl = -.5 * delta.T @ (self.siginv @ delta)
[mcmc] Progress @ 2026-06-23 14:57:19 : 17877 steps taken, and 2782 accepted.
/Users/matthewsmawfield/www/Temporal Equivalence Principle/TEP-HC/data/external/cobaya_packages/code/planck/clipy/clipy/smica.py:311: RuntimeWarning: divide by zero encountered in matmul
  lkl = -.5 * delta.T @ (self.siginv @ delta)
/Users/matthewsmawfield/www/Temporal Equivalence Principle/TEP-HC/data/external/cobaya_packages/code/planck/clipy/clipy/smica.py:311: RuntimeWarning: overflow encountered in matmul
  lkl = -.5 * delta.T @ (self.siginv @ delta)
/Users/matthewsmawfield/www/Temporal Equivalence Principle/TEP-HC/data/external/cobaya_packages/code/planck/clipy/clipy/smica.py:311: RuntimeWarning: invalid value encountered in matmul
  lkl = -.5 * delta.T @ (self.siginv @ delta)
[mcmc] Progress @ 2026-06-23 14:57:25 : 21098 steps taken, and 3242 accepted.
/Users/matthewsmawfield/www/Temporal Equivalence Principle/TEP-HC/data/external/cobaya_packages/code/planck/clipy/clipy/smica.py:311: RuntimeWarning: divide by zero encountered in matmul
  lkl = -.5 * delta.T @ (self.siginv @ delta)
/Users/matthewsmawfield/www/Temporal Equivalence Principle/TEP-HC/data/external/cobaya_packages/code/planck/clipy/clipy/smica.py:311: RuntimeWarning: overflow encountered in matmul
  lkl = -.5 * delta.T @ (self.siginv @ delta)
/Users/matthewsmawfield/www/Temporal Equivalence Principle/TEP-HC/data/external/cobaya_packages/code/planck/clipy/clipy/smica.py:311: RuntimeWarning: invalid value encountered in matmul
  lkl = -.5 * delta.T @ (self.siginv @ delta)
[mcmc] Progress @ 2026-06-23 14:57:29 : 14580 steps taken, and 2495 accepted.
/Users/matthewsmawfield/www/Temporal Equivalence Principle/TEP-HC/data/external/cobaya_packages/code/planck/clipy/clipy/smica.py:311: RuntimeWarning: divide by zero encountered in matmul
  lkl = -.5 * delta.T @ (self.siginv @ delta)
/Users/matthewsmawfield/www/Temporal Equivalence Principle/TEP-HC/data/external/cobaya_packages/code/planck/clipy/clipy/smica.py:311: RuntimeWarning: overflow encountered in matmul
  lkl = -.5 * delta.T @ (self.siginv @ delta)
/Users/matthewsmawfield/www/Temporal Equivalence Principle/TEP-HC/data/external/cobaya_packages/code/planck/clipy/clipy/smica.py:311: RuntimeWarning: invalid value encountered in matmul
  lkl = -.5 * delta.T @ (self.siginv @ delta)
[mcmc] Progress @ 2026-06-23 14:57:32 : 16685 steps taken, and 2663 accepted.
/Users/matthewsmawfield/www/Temporal Equivalence Principle/TEP-HC/data/external/cobaya_packages/code/planck/clipy/clipy/smica.py:311: RuntimeWarning: divide by zero encountered in matmul
  lkl = -.5 * delta.T @ (self.siginv @ delta)
/Users/matthewsmawfield/www/Temporal Equivalence Principle/TEP-HC/data/external/cobaya_packages/code/planck/clipy/clipy/smica.py:311: RuntimeWarning: overflow encountered in matmul
  lkl = -.5 * delta.T @ (self.siginv @ delta)
/Users/matthewsmawfield/www/Temporal Equivalence Principle/TEP-HC/data/external/cobaya_packages/code/planck/clipy/clipy/smica.py:311: RuntimeWarning: invalid value encountered in matmul
  lkl = -.5 * delta.T @ (self.siginv @ delta)
[mcmc] Progress @ 2026-06-23 14:58:19 : 18288 steps taken, and 2841 accepted.
/Users/matthewsmawfield/www/Temporal Equivalence Principle/TEP-HC/data/external/cobaya_packages/code/planck/clipy/clipy/smica.py:311: RuntimeWarning: divide by zero encountered in matmul
  lkl = -.5 * delta.T @ (self.siginv @ delta)
/Users/matthewsmawfield/www/Temporal Equivalence Principle/TEP-HC/data/external/cobaya_packages/code/planck/clipy/clipy/smica.py:311: RuntimeWarning: overflow encountered in matmul
  lkl = -.5 * delta.T @ (self.siginv @ delta)
/Users/matthewsmawfield/www/Temporal Equivalence Principle/TEP-HC/data/external/cobaya_packages/code/planck/clipy/clipy/smica.py:311: RuntimeWarning: invalid value encountered in matmul
  lkl = -.5 * delta.T @ (self.siginv @ delta)
[mcmc] Progress @ 2026-06-23 14:58:27 : 21443 steps taken, and 3297 accepted.
/Users/matthewsmawfield/www/Temporal Equivalence Principle/TEP-HC/data/external/cobaya_packages/code/planck/clipy/clipy/smica.py:311: RuntimeWarning: divide by zero encountered in matmul
  lkl = -.5 * delta.T @ (self.siginv @ delta)
/Users/matthewsmawfield/www/Temporal Equivalence Principle/TEP-HC/data/external/cobaya_packages/code/planck/clipy/clipy/smica.py:311: RuntimeWarning: overflow encountered in matmul
  lkl = -.5 * delta.T @ (self.siginv @ delta)
/Users/matthewsmawfield/www/Temporal Equivalence Principle/TEP-HC/data/external/cobaya_packages/code/planck/clipy/clipy/smica.py:311: RuntimeWarning: invalid value encountered in matmul
  lkl = -.5 * delta.T @ (self.siginv @ delta)
[mcmc] Progress @ 2026-06-23 14:58:30 : 14874 steps taken, and 2555 accepted.
/Users/matthewsmawfield/www/Temporal Equivalence Principle/TEP-HC/data/external/cobaya_packages/code/planck/clipy/clipy/smica.py:311: RuntimeWarning: divide by zero encountered in matmul
  lkl = -.5 * delta.T @ (self.siginv @ delta)
/Users/matthewsmawfield/www/Temporal Equivalence Principle/TEP-HC/data/external/cobaya_packages/code/planck/clipy/clipy/smica.py:311: RuntimeWarning: overflow encountered in matmul
  lkl = -.5 * delta.T @ (self.siginv @ delta)
/Users/matthewsmawfield/www/Temporal Equivalence Principle/TEP-HC/data/external/cobaya_packages/code/planck/clipy/clipy/smica.py:311: RuntimeWarning: invalid value encountered in matmul
  lkl = -.5 * delta.T @ (self.siginv @ delta)
[mcmc] Progress @ 2026-06-23 14:58:33 : 17136 steps taken, and 2731 accepted.
/Users/matthewsmawfield/www/Temporal Equivalence Principle/TEP-HC/data/external/cobaya_packages/code/planck/clipy/clipy/smica.py:311: RuntimeWarning: divide by zero encountered in matmul
  lkl = -.5 * delta.T @ (self.siginv @ delta)
/Users/matthewsmawfield/www/Temporal Equivalence Principle/TEP-HC/data/external/cobaya_packages/code/planck/clipy/clipy/smica.py:311: RuntimeWarning: overflow encountered in matmul
  lkl = -.5 * delta.T @ (self.siginv @ delta)
/Users/matthewsmawfield/www/Temporal Equivalence Principle/TEP-HC/data/external/cobaya_packages/code/planck/clipy/clipy/smica.py:311: RuntimeWarning: invalid value encountered in matmul
  lkl = -.5 * delta.T @ (self.siginv @ delta)
[mcmc] Progress @ 2026-06-23 14:59:20 : 18663 steps taken, and 2895 accepted.
/Users/matthewsmawfield/www/Temporal Equivalence Principle/TEP-HC/data/external/cobaya_packages/code/planck/clipy/clipy/smica.py:311: RuntimeWarning: divide by zero encountered in matmul
  lkl = -.5 * delta.T @ (self.siginv @ delta)
/Users/matthewsmawfield/www/Temporal Equivalence Principle/TEP-HC/data/external/cobaya_packages/code/planck/clipy/clipy/smica.py:311: RuntimeWarning: overflow encountered in matmul
  lkl = -.5 * delta.T @ (self.siginv @ delta)
/Users/matthewsmawfield/www/Temporal Equivalence Principle/TEP-HC/data/external/cobaya_packages/code/planck/clipy/clipy/smica.py:311: RuntimeWarning: invalid value encountered in matmul
  lkl = -.5 * delta.T @ (self.siginv @ delta)
[mcmc] Progress @ 2026-06-23 14:59:29 : 21845 steps taken, and 3366 accepted.
/Users/matthewsmawfield/www/Temporal Equivalence Principle/TEP-HC/data/external/cobaya_packages/code/planck/clipy/clipy/smica.py:311: RuntimeWarning: divide by zero encountered in matmul
  lkl = -.5 * delta.T @ (self.siginv @ delta)
/Users/matthewsmawfield/www/Temporal Equivalence Principle/TEP-HC/data/external/cobaya_packages/code/planck/clipy/clipy/smica.py:311: RuntimeWarning: overflow encountered in matmul
  lkl = -.5 * delta.T @ (self.siginv @ delta)
/Users/matthewsmawfield/www/Temporal Equivalence Principle/TEP-HC/data/external/cobaya_packages/code/planck/clipy/clipy/smica.py:311: RuntimeWarning: invalid value encountered in matmul
  lkl = -.5 * delta.T @ (self.siginv @ delta)
[mcmc] Progress @ 2026-06-23 14:59:32 : 15234 steps taken, and 2623 accepted.
/Users/matthewsmawfield/www/Temporal Equivalence Principle/TEP-HC/data/external/cobaya_packages/code/planck/clipy/clipy/smica.py:311: RuntimeWarning: divide by zero encountered in matmul
  lkl = -.5 * delta.T @ (self.siginv @ delta)
/Users/matthewsmawfield/www/Temporal Equivalence Principle/TEP-HC/data/external/cobaya_packages/code/planck/clipy/clipy/smica.py:311: RuntimeWarning: overflow encountered in matmul
  lkl = -.5 * delta.T @ (self.siginv @ delta)
/Users/matthewsmawfield/www/Temporal Equivalence Principle/TEP-HC/data/external/cobaya_packages/code/planck/clipy/clipy/smica.py:311: RuntimeWarning: invalid value encountered in matmul
  lkl = -.5 * delta.T @ (self.siginv @ delta)
[mcmc] Progress @ 2026-06-23 14:59:34 : 17469 steps taken, and 2788 accepted.
/Users/matthewsmawfield/www/Temporal Equivalence Principle/TEP-HC/data/external/cobaya_packages/code/planck/clipy/clipy/smica.py:311: RuntimeWarning: divide by zero encountered in matmul
  lkl = -.5 * delta.T @ (self.siginv @ delta)
/Users/matthewsmawfield/www/Temporal Equivalence Principle/TEP-HC/data/external/cobaya_packages/code/planck/clipy/clipy/smica.py:311: RuntimeWarning: overflow encountered in matmul
  lkl = -.5 * delta.T @ (self.siginv @ delta)
/Users/matthewsmawfield/www/Temporal Equivalence Principle/TEP-HC/data/external/cobaya_packages/code/planck/clipy/clipy/smica.py:311: RuntimeWarning: invalid value encountered in matmul
  lkl = -.5 * delta.T @ (self.siginv @ delta)
[mcmc] Progress @ 2026-06-23 15:00:20 : 19103 steps taken, and 2967 accepted.
/Users/matthewsmawfield/www/Temporal Equivalence Principle/TEP-HC/data/external/cobaya_packages/code/planck/clipy/clipy/smica.py:311: RuntimeWarning: divide by zero encountered in matmul
  lkl = -.5 * delta.T @ (self.siginv @ delta)
/Users/matthewsmawfield/www/Temporal Equivalence Principle/TEP-HC/data/external/cobaya_packages/code/planck/clipy/clipy/smica.py:311: RuntimeWarning: overflow encountered in matmul
  lkl = -.5 * delta.T @ (self.siginv @ delta)
/Users/matthewsmawfield/www/Temporal Equivalence Principle/TEP-HC/data/external/cobaya_packages/code/planck/clipy/clipy/smica.py:311: RuntimeWarning: invalid value encountered in matmul
  lkl = -.5 * delta.T @ (self.siginv @ delta)
[mcmc] Progress @ 2026-06-23 15:00:31 : 22219 steps taken, and 3418 accepted.
/Users/matthewsmawfield/www/Temporal Equivalence Principle/TEP-HC/data/external/cobaya_packages/code/planck/clipy/clipy/smica.py:311: RuntimeWarning: divide by zero encountered in matmul
  lkl = -.5 * delta.T @ (self.siginv @ delta)
/Users/matthewsmawfield/www/Temporal Equivalence Principle/TEP-HC/data/external/cobaya_packages/code/planck/clipy/clipy/smica.py:311: RuntimeWarning: overflow encountered in matmul
  lkl = -.5 * delta.T @ (self.siginv @ delta)
/Users/matthewsmawfield/www/Temporal Equivalence Principle/TEP-HC/data/external/cobaya_packages/code/planck/clipy/clipy/smica.py:311: RuntimeWarning: invalid value encountered in matmul
  lkl = -.5 * delta.T @ (self.siginv @ delta)
[mcmc] Progress @ 2026-06-23 15:00:32 : 15573 steps taken, and 2685 accepted.
/Users/matthewsmawfield/www/Temporal Equivalence Principle/TEP-HC/data/external/cobaya_packages/code/planck/clipy/clipy/smica.py:311: RuntimeWarning: divide by zero encountered in matmul
  lkl = -.5 * delta.T @ (self.siginv @ delta)
/Users/matthewsmawfield/www/Temporal Equivalence Principle/TEP-HC/data/external/cobaya_packages/code/planck/clipy/clipy/smica.py:311: RuntimeWarning: overflow encountered in matmul
  lkl = -.5 * delta.T @ (self.siginv @ delta)
/Users/matthewsmawfield/www/Temporal Equivalence Principle/TEP-HC/data/external/cobaya_packages/code/planck/clipy/clipy/smica.py:311: RuntimeWarning: invalid value encountered in matmul
  lkl = -.5 * delta.T @ (self.siginv @ delta)
[mcmc] Progress @ 2026-06-23 15:00:35 : 17966 steps taken, and 2861 accepted.
/Users/matthewsmawfield/www/Temporal Equivalence Principle/TEP-HC/data/external/cobaya_packages/code/planck/clipy/clipy/smica.py:311: RuntimeWarning: divide by zero encountered in matmul
  lkl = -.5 * delta.T @ (self.siginv @ delta)
/Users/matthewsmawfield/www/Temporal Equivalence Principle/TEP-HC/data/external/cobaya_packages/code/planck/clipy/clipy/smica.py:311: RuntimeWarning: overflow encountered in matmul
  lkl = -.5 * delta.T @ (self.siginv @ delta)
/Users/matthewsmawfield/www/Temporal Equivalence Principle/TEP-HC/data/external/cobaya_packages/code/planck/clipy/clipy/smica.py:311: RuntimeWarning: invalid value encountered in matmul
  lkl = -.5 * delta.T @ (self.siginv @ delta)
[mcmc] Progress @ 2026-06-23 15:01:20 : 19481 steps taken, and 3030 accepted.
/Users/matthewsmawfield/www/Temporal Equivalence Principle/TEP-HC/data/external/cobaya_packages/code/planck/clipy/clipy/smica.py:311: RuntimeWarning: divide by zero encountered in matmul
  lkl = -.5 * delta.T @ (self.siginv @ delta)
/Users/matthewsmawfield/www/Temporal Equivalence Principle/TEP-HC/data/external/cobaya_packages/code/planck/clipy/clipy/smica.py:311: RuntimeWarning: overflow encountered in matmul
  lkl = -.5 * delta.T @ (self.siginv @ delta)
/Users/matthewsmawfield/www/Temporal Equivalence Principle/TEP-HC/data/external/cobaya_packages/code/planck/clipy/clipy/smica.py:311: RuntimeWarning: invalid value encountered in matmul
  lkl = -.5 * delta.T @ (self.siginv @ delta)
[mcmc] Progress @ 2026-06-23 15:01:31 : 22593 steps taken, and 3485 accepted.
/Users/matthewsmawfield/www/Temporal Equivalence Principle/TEP-HC/data/external/cobaya_packages/code/planck/clipy/clipy/smica.py:311: RuntimeWarning: divide by zero encountered in matmul
  lkl = -.5 * delta.T @ (self.siginv @ delta)
/Users/matthewsmawfield/www/Temporal Equivalence Principle/TEP-HC/data/external/cobaya_packages/code/planck/clipy/clipy/smica.py:311: RuntimeWarning: overflow encountered in matmul
  lkl = -.5 * delta.T @ (self.siginv @ delta)
/Users/matthewsmawfield/www/Temporal Equivalence Principle/TEP-HC/data/external/cobaya_packages/code/planck/clipy/clipy/smica.py:311: RuntimeWarning: invalid value encountered in matmul
  lkl = -.5 * delta.T @ (self.siginv @ delta)
[mcmc] Progress @ 2026-06-23 15:01:32 : 15889 steps taken, and 2748 accepted.
/Users/matthewsmawfield/www/Temporal Equivalence Principle/TEP-HC/data/external/cobaya_packages/code/planck/clipy/clipy/smica.py:311: RuntimeWarning: divide by zero encountered in matmul
  lkl = -.5 * delta.T @ (self.siginv @ delta)
/Users/matthewsmawfield/www/Temporal Equivalence Principle/TEP-HC/data/external/cobaya_packages/code/planck/clipy/clipy/smica.py:311: RuntimeWarning: overflow encountered in matmul
  lkl = -.5 * delta.T @ (self.siginv @ delta)
/Users/matthewsmawfield/www/Temporal Equivalence Principle/TEP-HC/data/external/cobaya_packages/code/planck/clipy/clipy/smica.py:311: RuntimeWarning: invalid value encountered in matmul
  lkl = -.5 * delta.T @ (self.siginv @ delta)
[mcmc] Progress @ 2026-06-23 15:01:37 : 18432 steps taken, and 2928 accepted.
/Users/matthewsmawfield/www/Temporal Equivalence Principle/TEP-HC/data/external/cobaya_packages/code/planck/clipy/clipy/smica.py:311: RuntimeWarning: divide by zero encountered in matmul
  lkl = -.5 * delta.T @ (self.siginv @ delta)
/Users/matthewsmawfield/www/Temporal Equivalence Principle/TEP-HC/data/external/cobaya_packages/code/planck/clipy/clipy/smica.py:311: RuntimeWarning: overflow encountered in matmul
  lkl = -.5 * delta.T @ (self.siginv @ delta)
/Users/matthewsmawfield/www/Temporal Equivalence Principle/TEP-HC/data/external/cobaya_packages/code/planck/clipy/clipy/smica.py:311: RuntimeWarning: invalid value encountered in matmul
  lkl = -.5 * delta.T @ (self.siginv @ delta)
[mcmc] Progress @ 2026-06-23 15:02:21 : 19915 steps taken, and 3098 accepted.
/Users/matthewsmawfield/www/Temporal Equivalence Principle/TEP-HC/data/external/cobaya_packages/code/planck/clipy/clipy/smica.py:311: RuntimeWarning: divide by zero encountered in matmul
  lkl = -.5 * delta.T @ (self.siginv @ delta)
/Users/matthewsmawfield/www/Temporal Equivalence Principle/TEP-HC/data/external/cobaya_packages/code/planck/clipy/clipy/smica.py:311: RuntimeWarning: overflow encountered in matmul
  lkl = -.5 * delta.T @ (self.siginv @ delta)
/Users/matthewsmawfield/www/Temporal Equivalence Principle/TEP-HC/data/external/cobaya_packages/code/planck/clipy/clipy/smica.py:311: RuntimeWarning: invalid value encountered in matmul
  lkl = -.5 * delta.T @ (self.siginv @ delta)
[mcmc] Progress @ 2026-06-23 15:02:33 : 22953 steps taken, and 3531 accepted.
/Users/matthewsmawfield/www/Temporal Equivalence Principle/TEP-HC/data/external/cobaya_packages/code/planck/clipy/clipy/smica.py:311: RuntimeWarning: divide by zero encountered in matmul
  lkl = -.5 * delta.T @ (self.siginv @ delta)
/Users/matthewsmawfield/www/Temporal Equivalence Principle/TEP-HC/data/external/cobaya_packages/code/planck/clipy/clipy/smica.py:311: RuntimeWarning: overflow encountered in matmul
  lkl = -.5 * delta.T @ (self.siginv @ delta)
/Users/matthewsmawfield/www/Temporal Equivalence Principle/TEP-HC/data/external/cobaya_packages/code/planck/clipy/clipy/smica.py:311: RuntimeWarning: invalid value encountered in matmul
  lkl = -.5 * delta.T @ (self.siginv @ delta)
[mcmc] Progress @ 2026-06-23 15:02:33 : 16317 steps taken, and 2827 accepted.
/Users/matthewsmawfield/www/Temporal Equivalence Principle/TEP-HC/data/external/cobaya_packages/code/planck/clipy/clipy/smica.py:311: RuntimeWarning: divide by zero encountered in matmul
  lkl = -.5 * delta.T @ (self.siginv @ delta)
/Users/matthewsmawfield/www/Temporal Equivalence Principle/TEP-HC/data/external/cobaya_packages/code/planck/clipy/clipy/smica.py:311: RuntimeWarning: overflow encountered in matmul
  lkl = -.5 * delta.T @ (self.siginv @ delta)
/Users/matthewsmawfield/www/Temporal Equivalence Principle/TEP-HC/data/external/cobaya_packages/code/planck/clipy/clipy/smica.py:311: RuntimeWarning: invalid value encountered in matmul
  lkl = -.5 * delta.T @ (self.siginv @ delta)
[mcmc] Progress @ 2026-06-23 15:02:39 : 18787 steps taken, and 2979 accepted.
/Users/matthewsmawfield/www/Temporal Equivalence Principle/TEP-HC/data/external/cobaya_packages/code/planck/clipy/clipy/smica.py:311: RuntimeWarning: divide by zero encountered in matmul
  lkl = -.5 * delta.T @ (self.siginv @ delta)
/Users/matthewsmawfield/www/Temporal Equivalence Principle/TEP-HC/data/external/cobaya_packages/code/planck/clipy/clipy/smica.py:311: RuntimeWarning: overflow encountered in matmul
  lkl = -.5 * delta.T @ (self.siginv @ delta)
/Users/matthewsmawfield/www/Temporal Equivalence Principle/TEP-HC/data/external/cobaya_packages/code/planck/clipy/clipy/smica.py:311: RuntimeWarning: invalid value encountered in matmul
  lkl = -.5 * delta.T @ (self.siginv @ delta)
[mcmc] Progress @ 2026-06-23 15:03:21 : 20292 steps taken, and 3153 accepted.
/Users/matthewsmawfield/www/Temporal Equivalence Principle/TEP-HC/data/external/cobaya_packages/code/planck/clipy/clipy/smica.py:311: RuntimeWarning: divide by zero encountered in matmul
  lkl = -.5 * delta.T @ (self.siginv @ delta)
/Users/matthewsmawfield/www/Temporal Equivalence Principle/TEP-HC/data/external/cobaya_packages/code/planck/clipy/clipy/smica.py:311: RuntimeWarning: overflow encountered in matmul
  lkl = -.5 * delta.T @ (self.siginv @ delta)
/Users/matthewsmawfield/www/Temporal Equivalence Principle/TEP-HC/data/external/cobaya_packages/code/planck/clipy/clipy/smica.py:311: RuntimeWarning: invalid value encountered in matmul
  lkl = -.5 * delta.T @ (self.siginv @ delta)
[mcmc] Progress @ 2026-06-23 15:03:33 : 16653 steps taken, and 2886 accepted.
/Users/matthewsmawfield/www/Temporal Equivalence Principle/TEP-HC/data/external/cobaya_packages/code/planck/clipy/clipy/smica.py:311: RuntimeWarning: divide by zero encountered in matmul
  lkl = -.5 * delta.T @ (self.siginv @ delta)
/Users/matthewsmawfield/www/Temporal Equivalence Principle/TEP-HC/data/external/cobaya_packages/code/planck/clipy/clipy/smica.py:311: RuntimeWarning: overflow encountered in matmul
  lkl = -.5 * delta.T @ (self.siginv @ delta)
/Users/matthewsmawfield/www/Temporal Equivalence Principle/TEP-HC/data/external/cobaya_packages/code/planck/clipy/clipy/smica.py:311: RuntimeWarning: invalid value encountered in matmul
  lkl = -.5 * delta.T @ (self.siginv @ delta)
[mcmc] Progress @ 2026-06-23 15:03:33 : 23388 steps taken, and 3600 accepted.
/Users/matthewsmawfield/www/Temporal Equivalence Principle/TEP-HC/data/external/cobaya_packages/code/planck/clipy/clipy/smica.py:311: RuntimeWarning: divide by zero encountered in matmul
  lkl = -.5 * delta.T @ (self.siginv @ delta)
/Users/matthewsmawfield/www/Temporal Equivalence Principle/TEP-HC/data/external/cobaya_packages/code/planck/clipy/clipy/smica.py:311: RuntimeWarning: overflow encountered in matmul
  lkl = -.5 * delta.T @ (self.siginv @ delta)
/Users/matthewsmawfield/www/Temporal Equivalence Principle/TEP-HC/data/external/cobaya_packages/code/planck/clipy/clipy/smica.py:311: RuntimeWarning: invalid value encountered in matmul
  lkl = -.5 * delta.T @ (self.siginv @ delta)
[mcmc] Progress @ 2026-06-23 15:03:39 : 19155 steps taken, and 3036 accepted.
/Users/matthewsmawfield/www/Temporal Equivalence Principle/TEP-HC/data/external/cobaya_packages/code/planck/clipy/clipy/smica.py:311: RuntimeWarning: divide by zero encountered in matmul
  lkl = -.5 * delta.T @ (self.siginv @ delta)
/Users/matthewsmawfield/www/Temporal Equivalence Principle/TEP-HC/data/external/cobaya_packages/code/planck/clipy/clipy/smica.py:311: RuntimeWarning: overflow encountered in matmul
  lkl = -.5 * delta.T @ (self.siginv @ delta)
/Users/matthewsmawfield/www/Temporal Equivalence Principle/TEP-HC/data/external/cobaya_packages/code/planck/clipy/clipy/smica.py:311: RuntimeWarning: invalid value encountered in matmul
  lkl = -.5 * delta.T @ (self.siginv @ delta)
[mcmc] Progress @ 2026-06-23 15:04:23 : 20742 steps taken, and 3225 accepted.
/Users/matthewsmawfield/www/Temporal Equivalence Principle/TEP-HC/data/external/cobaya_packages/code/planck/clipy/clipy/smica.py:311: RuntimeWarning: divide by zero encountered in matmul
  lkl = -.5 * delta.T @ (self.siginv @ delta)
/Users/matthewsmawfield/www/Temporal Equivalence Principle/TEP-HC/data/external/cobaya_packages/code/planck/clipy/clipy/smica.py:311: RuntimeWarning: overflow encountered in matmul
  lkl = -.5 * delta.T @ (self.siginv @ delta)
/Users/matthewsmawfield/www/Temporal Equivalence Principle/TEP-HC/data/external/cobaya_packages/code/planck/clipy/clipy/smica.py:311: RuntimeWarning: invalid value encountered in matmul
  lkl = -.5 * delta.T @ (self.siginv @ delta)
[mcmc] Progress @ 2026-06-23 15:04:35 : 23697 steps taken, and 3650 accepted.
[mcmc] Progress @ 2026-06-23 15:04:35 : 17133 steps taken, and 2963 accepted.
/Users/matthewsmawfield/www/Temporal Equivalence Principle/TEP-HC/data/external/cobaya_packages/code/planck/clipy/clipy/smica.py:311: RuntimeWarning: divide by zero encountered in matmul
  lkl = -.5 * delta.T @ (self.siginv @ delta)
/Users/matthewsmawfield/www/Temporal Equivalence Principle/TEP-HC/data/external/cobaya_packages/code/planck/clipy/clipy/smica.py:311: RuntimeWarning: overflow encountered in matmul
  lkl = -.5 * delta.T @ (self.siginv @ delta)
/Users/matthewsmawfield/www/Temporal Equivalence Principle/TEP-HC/data/external/cobaya_packages/code/planck/clipy/clipy/smica.py:311: RuntimeWarning: invalid value encountered in matmul
  lkl = -.5 * delta.T @ (self.siginv @ delta)
/Users/matthewsmawfield/www/Temporal Equivalence Principle/TEP-HC/data/external/cobaya_packages/code/planck/clipy/clipy/smica.py:311: RuntimeWarning: divide by zero encountered in matmul
  lkl = -.5 * delta.T @ (self.siginv @ delta)
/Users/matthewsmawfield/www/Temporal Equivalence Principle/TEP-HC/data/external/cobaya_packages/code/planck/clipy/clipy/smica.py:311: RuntimeWarning: overflow encountered in matmul
  lkl = -.5 * delta.T @ (self.siginv @ delta)
/Users/matthewsmawfield/www/Temporal Equivalence Principle/TEP-HC/data/external/cobaya_packages/code/planck/clipy/clipy/smica.py:311: RuntimeWarning: invalid value encountered in matmul
  lkl = -.5 * delta.T @ (self.siginv @ delta)
[mcmc] Progress @ 2026-06-23 15:04:41 : 19550 steps taken, and 3102 accepted.
/Users/matthewsmawfield/www/Temporal Equivalence Principle/TEP-HC/data/external/cobaya_packages/code/planck/clipy/clipy/smica.py:311: RuntimeWarning: divide by zero encountered in matmul
  lkl = -.5 * delta.T @ (self.siginv @ delta)
/Users/matthewsmawfield/www/Temporal Equivalence Principle/TEP-HC/data/external/cobaya_packages/code/planck/clipy/clipy/smica.py:311: RuntimeWarning: overflow encountered in matmul
  lkl = -.5 * delta.T @ (self.siginv @ delta)
/Users/matthewsmawfield/www/Temporal Equivalence Principle/TEP-HC/data/external/cobaya_packages/code/planck/clipy/clipy/smica.py:311: RuntimeWarning: invalid value encountered in matmul
  lkl = -.5 * delta.T @ (self.siginv @ delta)
[mcmc] Learn + convergence test @ 3120 samples accepted.
[mcmc]  - Acceptance rate: 0.809
[mcmc]  - Convergence of means: R-1 = 5.765829 after 2496 accepted steps
[mcmc]  - Updated covariance matrix of proposal pdf.
/Users/matthewsmawfield/www/Temporal Equivalence Principle/TEP-HC/data/external/cobaya_packages/code/planck/clipy/clipy/smica.py:311: RuntimeWarning: divide by zero encountered in matmul
  lkl = -.5 * delta.T @ (self.siginv @ delta)
/Users/matthewsmawfield/www/Temporal Equivalence Principle/TEP-HC/data/external/cobaya_packages/code/planck/clipy/clipy/smica.py:311: RuntimeWarning: overflow encountered in matmul
  lkl = -.5 * delta.T @ (self.siginv @ delta)
/Users/matthewsmawfield/www/Temporal Equivalence Principle/TEP-HC/data/external/cobaya_packages/code/planck/clipy/clipy/smica.py:311: RuntimeWarning: invalid value encountered in matmul
  lkl = -.5 * delta.T @ (self.siginv @ delta)
[mcmc] Progress @ 2026-06-23 15:05:23 : 21117 steps taken, and 3279 accepted.
/Users/matthewsmawfield/www/Temporal Equivalence Principle/TEP-HC/data/external/cobaya_packages/code/planck/clipy/clipy/smica.py:311: RuntimeWarning: divide by zero encountered in matmul
  lkl = -.5 * delta.T @ (self.siginv @ delta)
/Users/matthewsmawfield/www/Temporal Equivalence Principle/TEP-HC/data/external/cobaya_packages/code/planck/clipy/clipy/smica.py:311: RuntimeWarning: overflow encountered in matmul
  lkl = -.5 * delta.T @ (self.siginv @ delta)
/Users/matthewsmawfield/www/Temporal Equivalence Principle/TEP-HC/data/external/cobaya_packages/code/planck/clipy/clipy/smica.py:311: RuntimeWarning: invalid value encountered in matmul
  lkl = -.5 * delta.T @ (self.siginv @ delta)
[mcmc] Progress @ 2026-06-23 15:05:37 : 24162 steps taken, and 3729 accepted.
/Users/matthewsmawfield/www/Temporal Equivalence Principle/TEP-HC/data/external/cobaya_packages/code/planck/clipy/clipy/smica.py:311: RuntimeWarning: divide by zero encountered in matmul
  lkl = -.5 * delta.T @ (self.siginv @ delta)
/Users/matthewsmawfield/www/Temporal Equivalence Principle/TEP-HC/data/external/cobaya_packages/code/planck/clipy/clipy/smica.py:311: RuntimeWarning: overflow encountered in matmul
  lkl = -.5 * delta.T @ (self.siginv @ delta)
/Users/matthewsmawfield/www/Temporal Equivalence Principle/TEP-HC/data/external/cobaya_packages/code/planck/clipy/clipy/smica.py:311: RuntimeWarning: invalid value encountered in matmul
  lkl = -.5 * delta.T @ (self.siginv @ delta)
[mcmc] Progress @ 2026-06-23 15:05:37 : 17566 steps taken, and 3041 accepted.
/Users/matthewsmawfield/www/Temporal Equivalence Principle/TEP-HC/data/external/cobaya_packages/code/planck/clipy/clipy/smica.py:311: RuntimeWarning: divide by zero encountered in matmul
  lkl = -.5 * delta.T @ (self.siginv @ delta)
/Users/matthewsmawfield/www/Temporal Equivalence Principle/TEP-HC/data/external/cobaya_packages/code/planck/clipy/clipy/smica.py:311: RuntimeWarning: overflow encountered in matmul
  lkl = -.5 * delta.T @ (self.siginv @ delta)
/Users/matthewsmawfield/www/Temporal Equivalence Principle/TEP-HC/data/external/cobaya_packages/code/planck/clipy/clipy/smica.py:311: RuntimeWarning: invalid value encountered in matmul
  lkl = -.5 * delta.T @ (self.siginv @ delta)
[mcmc] Progress @ 2026-06-23 15:05:44 : 19845 steps taken, and 3153 accepted.
/Users/matthewsmawfield/www/Temporal Equivalence Principle/TEP-HC/data/external/cobaya_packages/code/planck/clipy/clipy/smica.py:311: RuntimeWarning: divide by zero encountered in matmul
  lkl = -.5 * delta.T @ (self.siginv @ delta)
/Users/matthewsmawfield/www/Temporal Equivalence Principle/TEP-HC/data/external/cobaya_packages/code/planck/clipy/clipy/smica.py:311: RuntimeWarning: overflow encountered in matmul
  lkl = -.5 * delta.T @ (self.siginv @ delta)
/Users/matthewsmawfield/www/Temporal Equivalence Principle/TEP-HC/data/external/cobaya_packages/code/planck/clipy/clipy/smica.py:311: RuntimeWarning: invalid value encountered in matmul
  lkl = -.5 * delta.T @ (self.siginv @ delta)
[mcmc] Progress @ 2026-06-23 15:06:25 : 21537 steps taken, and 3352 accepted.
/Users/matthewsmawfield/www/Temporal Equivalence Principle/TEP-HC/data/external/cobaya_packages/code/planck/clipy/clipy/smica.py:311: RuntimeWarning: divide by zero encountered in matmul
  lkl = -.5 * delta.T @ (self.siginv @ delta)
/Users/matthewsmawfield/www/Temporal Equivalence Principle/TEP-HC/data/external/cobaya_packages/code/planck/clipy/clipy/smica.py:311: RuntimeWarning: overflow encountered in matmul
  lkl = -.5 * delta.T @ (self.siginv @ delta)
/Users/matthewsmawfield/www/Temporal Equivalence Principle/TEP-HC/data/external/cobaya_packages/code/planck/clipy/clipy/smica.py:311: RuntimeWarning: invalid value encountered in matmul
  lkl = -.5 * delta.T @ (self.siginv @ delta)
[mcmc] Progress @ 2026-06-23 15:06:37 : 24497 steps taken, and 3781 accepted.
/Users/matthewsmawfield/www/Temporal Equivalence Principle/TEP-HC/data/external/cobaya_packages/code/planck/clipy/clipy/smica.py:311: RuntimeWarning: divide by zero encountered in matmul
  lkl = -.5 * delta.T @ (self.siginv @ delta)
/Users/matthewsmawfield/www/Temporal Equivalence Principle/TEP-HC/data/external/cobaya_packages/code/planck/clipy/clipy/smica.py:311: RuntimeWarning: overflow encountered in matmul
  lkl = -.5 * delta.T @ (self.siginv @ delta)
/Users/matthewsmawfield/www/Temporal Equivalence Principle/TEP-HC/data/external/cobaya_packages/code/planck/clipy/clipy/smica.py:311: RuntimeWarning: invalid value encountered in matmul
  lkl = -.5 * delta.T @ (self.siginv @ delta)
[mcmc] Progress @ 2026-06-23 15:06:38 : 17967 steps taken, and 3110 accepted.
/Users/matthewsmawfield/www/Temporal Equivalence Principle/TEP-HC/data/external/cobaya_packages/code/planck/clipy/clipy/smica.py:311: RuntimeWarning: divide by zero encountered in matmul
  lkl = -.5 * delta.T @ (self.siginv @ delta)
/Users/matthewsmawfield/www/Temporal Equivalence Principle/TEP-HC/data/external/cobaya_packages/code/planck/clipy/clipy/smica.py:311: RuntimeWarning: overflow encountered in matmul
  lkl = -.5 * delta.T @ (self.siginv @ delta)
/Users/matthewsmawfield/www/Temporal Equivalence Principle/TEP-HC/data/external/cobaya_packages/code/planck/clipy/clipy/smica.py:311: RuntimeWarning: invalid value encountered in matmul
  lkl = -.5 * delta.T @ (self.siginv @ delta)
[mcmc] Progress @ 2026-06-23 15:06:44 : 20231 steps taken, and 3216 accepted.
/Users/matthewsmawfield/www/Temporal Equivalence Principle/TEP-HC/data/external/cobaya_packages/code/planck/clipy/clipy/smica.py:311: RuntimeWarning: divide by zero encountered in matmul
  lkl = -.5 * delta.T @ (self.siginv @ delta)
/Users/matthewsmawfield/www/Temporal Equivalence Principle/TEP-HC/data/external/cobaya_packages/code/planck/clipy/clipy/smica.py:311: RuntimeWarning: overflow encountered in matmul
  lkl = -.5 * delta.T @ (self.siginv @ delta)
/Users/matthewsmawfield/www/Temporal Equivalence Principle/TEP-HC/data/external/cobaya_packages/code/planck/clipy/clipy/smica.py:311: RuntimeWarning: invalid value encountered in matmul
  lkl = -.5 * delta.T @ (self.siginv @ delta)
[mcmc] Progress @ 2026-06-23 15:07:26 : 21885 steps taken, and 3407 accepted.
/Users/matthewsmawfield/www/Temporal Equivalence Principle/TEP-HC/data/external/cobaya_packages/code/planck/clipy/clipy/smica.py:311: RuntimeWarning: divide by zero encountered in matmul
  lkl = -.5 * delta.T @ (self.siginv @ delta)
/Users/matthewsmawfield/www/Temporal Equivalence Principle/TEP-HC/data/external/cobaya_packages/code/planck/clipy/clipy/smica.py:311: RuntimeWarning: overflow encountered in matmul
  lkl = -.5 * delta.T @ (self.siginv @ delta)
/Users/matthewsmawfield/www/Temporal Equivalence Principle/TEP-HC/data/external/cobaya_packages/code/planck/clipy/clipy/smica.py:311: RuntimeWarning: invalid value encountered in matmul
  lkl = -.5 * delta.T @ (self.siginv @ delta)
[mcmc] Progress @ 2026-06-23 15:07:38 : 18321 steps taken, and 3167 accepted.
[mcmc] Progress @ 2026-06-23 15:07:40 : 24913 steps taken, and 3853 accepted.
/Users/matthewsmawfield/www/Temporal Equivalence Principle/TEP-HC/data/external/cobaya_packages/code/planck/clipy/clipy/smica.py:311: RuntimeWarning: divide by zero encountered in matmul
  lkl = -.5 * delta.T @ (self.siginv @ delta)
/Users/matthewsmawfield/www/Temporal Equivalence Principle/TEP-HC/data/external/cobaya_packages/code/planck/clipy/clipy/smica.py:311: RuntimeWarning: overflow encountered in matmul
  lkl = -.5 * delta.T @ (self.siginv @ delta)
/Users/matthewsmawfield/www/Temporal Equivalence Principle/TEP-HC/data/external/cobaya_packages/code/planck/clipy/clipy/smica.py:311: RuntimeWarning: invalid value encountered in matmul
  lkl = -.5 * delta.T @ (self.siginv @ delta)
/Users/matthewsmawfield/www/Temporal Equivalence Principle/TEP-HC/data/external/cobaya_packages/code/planck/clipy/clipy/smica.py:311: RuntimeWarning: divide by zero encountered in matmul
  lkl = -.5 * delta.T @ (self.siginv @ delta)
/Users/matthewsmawfield/www/Temporal Equivalence Principle/TEP-HC/data/external/cobaya_packages/code/planck/clipy/clipy/smica.py:311: RuntimeWarning: overflow encountered in matmul
  lkl = -.5 * delta.T @ (self.siginv @ delta)
/Users/matthewsmawfield/www/Temporal Equivalence Principle/TEP-HC/data/external/cobaya_packages/code/planck/clipy/clipy/smica.py:311: RuntimeWarning: invalid value encountered in matmul
  lkl = -.5 * delta.T @ (self.siginv @ delta)
[mcmc] Progress @ 2026-06-23 15:07:44 : 20578 steps taken, and 3274 accepted.
/Users/matthewsmawfield/www/Temporal Equivalence Principle/TEP-HC/data/external/cobaya_packages/code/planck/clipy/clipy/smica.py:311: RuntimeWarning: divide by zero encountered in matmul
  lkl = -.5 * delta.T @ (self.siginv @ delta)
/Users/matthewsmawfield/www/Temporal Equivalence Principle/TEP-HC/data/external/cobaya_packages/code/planck/clipy/clipy/smica.py:311: RuntimeWarning: overflow encountered in matmul
  lkl = -.5 * delta.T @ (self.siginv @ delta)
/Users/matthewsmawfield/www/Temporal Equivalence Principle/TEP-HC/data/external/cobaya_packages/code/planck/clipy/clipy/smica.py:311: RuntimeWarning: invalid value encountered in matmul
  lkl = -.5 * delta.T @ (self.siginv @ delta)
[mcmc] Progress @ 2026-06-23 15:08:27 : 22310 steps taken, and 3468 accepted.
/Users/matthewsmawfield/www/Temporal Equivalence Principle/TEP-HC/data/external/cobaya_packages/code/planck/clipy/clipy/smica.py:311: RuntimeWarning: divide by zero encountered in matmul
  lkl = -.5 * delta.T @ (self.siginv @ delta)
/Users/matthewsmawfield/www/Temporal Equivalence Principle/TEP-HC/data/external/cobaya_packages/code/planck/clipy/clipy/smica.py:311: RuntimeWarning: overflow encountered in matmul
  lkl = -.5 * delta.T @ (self.siginv @ delta)
/Users/matthewsmawfield/www/Temporal Equivalence Principle/TEP-HC/data/external/cobaya_packages/code/planck/clipy/clipy/smica.py:311: RuntimeWarning: invalid value encountered in matmul
  lkl = -.5 * delta.T @ (self.siginv @ delta)
[mcmc] Progress @ 2026-06-23 15:08:40 : 18680 steps taken, and 3233 accepted.
/Users/matthewsmawfield/www/Temporal Equivalence Principle/TEP-HC/data/external/cobaya_packages/code/planck/clipy/clipy/smica.py:311: RuntimeWarning: divide by zero encountered in matmul
  lkl = -.5 * delta.T @ (self.siginv @ delta)
/Users/matthewsmawfield/www/Temporal Equivalence Principle/TEP-HC/data/external/cobaya_packages/code/planck/clipy/clipy/smica.py:311: RuntimeWarning: overflow encountered in matmul
  lkl = -.5 * delta.T @ (self.siginv @ delta)
/Users/matthewsmawfield/www/Temporal Equivalence Principle/TEP-HC/data/external/cobaya_packages/code/planck/clipy/clipy/smica.py:311: RuntimeWarning: invalid value encountered in matmul
  lkl = -.5 * delta.T @ (self.siginv @ delta)
[mcmc] Progress @ 2026-06-23 15:08:41 : 25346 steps taken, and 3924 accepted.
/Users/matthewsmawfield/www/Temporal Equivalence Principle/TEP-HC/data/external/cobaya_packages/code/planck/clipy/clipy/smica.py:311: RuntimeWarning: divide by zero encountered in matmul
  lkl = -.5 * delta.T @ (self.siginv @ delta)
/Users/matthewsmawfield/www/Temporal Equivalence Principle/TEP-HC/data/external/cobaya_packages/code/planck/clipy/clipy/smica.py:311: RuntimeWarning: overflow encountered in matmul
  lkl = -.5 * delta.T @ (self.siginv @ delta)
/Users/matthewsmawfield/www/Temporal Equivalence Principle/TEP-HC/data/external/cobaya_packages/code/planck/clipy/clipy/smica.py:311: RuntimeWarning: invalid value encountered in matmul
  lkl = -.5 * delta.T @ (self.siginv @ delta)
[mcmc] Progress @ 2026-06-23 15:08:45 : 20949 steps taken, and 3332 accepted.
/Users/matthewsmawfield/www/Temporal Equivalence Principle/TEP-HC/data/external/cobaya_packages/code/planck/clipy/clipy/smica.py:311: RuntimeWarning: divide by zero encountered in matmul
  lkl = -.5 * delta.T @ (self.siginv @ delta)
/Users/matthewsmawfield/www/Temporal Equivalence Principle/TEP-HC/data/external/cobaya_packages/code/planck/clipy/clipy/smica.py:311: RuntimeWarning: overflow encountered in matmul
  lkl = -.5 * delta.T @ (self.siginv @ delta)
/Users/matthewsmawfield/www/Temporal Equivalence Principle/TEP-HC/data/external/cobaya_packages/code/planck/clipy/clipy/smica.py:311: RuntimeWarning: invalid value encountered in matmul
  lkl = -.5 * delta.T @ (self.siginv @ delta)
[mcmc] Progress @ 2026-06-23 15:09:29 : 22723 steps taken, and 3535 accepted.
/Users/matthewsmawfield/www/Temporal Equivalence Principle/TEP-HC/data/external/cobaya_packages/code/planck/clipy/clipy/smica.py:311: RuntimeWarning: divide by zero encountered in matmul
  lkl = -.5 * delta.T @ (self.siginv @ delta)
/Users/matthewsmawfield/www/Temporal Equivalence Principle/TEP-HC/data/external/cobaya_packages/code/planck/clipy/clipy/smica.py:311: RuntimeWarning: overflow encountered in matmul
  lkl = -.5 * delta.T @ (self.siginv @ delta)
/Users/matthewsmawfield/www/Temporal Equivalence Principle/TEP-HC/data/external/cobaya_packages/code/planck/clipy/clipy/smica.py:311: RuntimeWarning: invalid value encountered in matmul
  lkl = -.5 * delta.T @ (self.siginv @ delta)
[mcmc] Progress @ 2026-06-23 15:09:41 : 25699 steps taken, and 3984 accepted.
/Users/matthewsmawfield/www/Temporal Equivalence Principle/TEP-HC/data/external/cobaya_packages/code/planck/clipy/clipy/smica.py:311: RuntimeWarning: divide by zero encountered in matmul
  lkl = -.5 * delta.T @ (self.siginv @ delta)
/Users/matthewsmawfield/www/Temporal Equivalence Principle/TEP-HC/data/external/cobaya_packages/code/planck/clipy/clipy/smica.py:311: RuntimeWarning: overflow encountered in matmul
  lkl = -.5 * delta.T @ (self.siginv @ delta)
/Users/matthewsmawfield/www/Temporal Equivalence Principle/TEP-HC/data/external/cobaya_packages/code/planck/clipy/clipy/smica.py:311: RuntimeWarning: invalid value encountered in matmul
  lkl = -.5 * delta.T @ (self.siginv @ delta)
[mcmc] Progress @ 2026-06-23 15:09:43 : 18998 steps taken, and 3295 accepted.
/Users/matthewsmawfield/www/Temporal Equivalence Principle/TEP-HC/data/external/cobaya_packages/code/planck/clipy/clipy/smica.py:311: RuntimeWarning: divide by zero encountered in matmul
  lkl = -.5 * delta.T @ (self.siginv @ delta)
/Users/matthewsmawfield/www/Temporal Equivalence Principle/TEP-HC/data/external/cobaya_packages/code/planck/clipy/clipy/smica.py:311: RuntimeWarning: overflow encountered in matmul
  lkl = -.5 * delta.T @ (self.siginv @ delta)
/Users/matthewsmawfield/www/Temporal Equivalence Principle/TEP-HC/data/external/cobaya_packages/code/planck/clipy/clipy/smica.py:311: RuntimeWarning: invalid value encountered in matmul
  lkl = -.5 * delta.T @ (self.siginv @ delta)
[mcmc] Progress @ 2026-06-23 15:09:47 : 21259 steps taken, and 3386 accepted.
/Users/matthewsmawfield/www/Temporal Equivalence Principle/TEP-HC/data/external/cobaya_packages/code/planck/clipy/clipy/smica.py:311: RuntimeWarning: divide by zero encountered in matmul
  lkl = -.5 * delta.T @ (self.siginv @ delta)
/Users/matthewsmawfield/www/Temporal Equivalence Principle/TEP-HC/data/external/cobaya_packages/code/planck/clipy/clipy/smica.py:311: RuntimeWarning: overflow encountered in matmul
  lkl = -.5 * delta.T @ (self.siginv @ delta)
/Users/matthewsmawfield/www/Temporal Equivalence Principle/TEP-HC/data/external/cobaya_packages/code/planck/clipy/clipy/smica.py:311: RuntimeWarning: invalid value encountered in matmul
  lkl = -.5 * delta.T @ (self.siginv @ delta)
[mcmc] Progress @ 2026-06-23 15:10:31 : 23201 steps taken, and 3600 accepted.
/Users/matthewsmawfield/www/Temporal Equivalence Principle/TEP-HC/data/external/cobaya_packages/code/planck/clipy/clipy/smica.py:311: RuntimeWarning: divide by zero encountered in matmul
  lkl = -.5 * delta.T @ (self.siginv @ delta)
/Users/matthewsmawfield/www/Temporal Equivalence Principle/TEP-HC/data/external/cobaya_packages/code/planck/clipy/clipy/smica.py:311: RuntimeWarning: overflow encountered in matmul
  lkl = -.5 * delta.T @ (self.siginv @ delta)
/Users/matthewsmawfield/www/Temporal Equivalence Principle/TEP-HC/data/external/cobaya_packages/code/planck/clipy/clipy/smica.py:311: RuntimeWarning: invalid value encountered in matmul
  lkl = -.5 * delta.T @ (self.siginv @ delta)
[mcmc] Progress @ 2026-06-23 15:10:41 : 26100 steps taken, and 4048 accepted.
/Users/matthewsmawfield/www/Temporal Equivalence Principle/TEP-HC/data/external/cobaya_packages/code/planck/clipy/clipy/smica.py:311: RuntimeWarning: divide by zero encountered in matmul
  lkl = -.5 * delta.T @ (self.siginv @ delta)
/Users/matthewsmawfield/www/Temporal Equivalence Principle/TEP-HC/data/external/cobaya_packages/code/planck/clipy/clipy/smica.py:311: RuntimeWarning: overflow encountered in matmul
  lkl = -.5 * delta.T @ (self.siginv @ delta)
/Users/matthewsmawfield/www/Temporal Equivalence Principle/TEP-HC/data/external/cobaya_packages/code/planck/clipy/clipy/smica.py:311: RuntimeWarning: invalid value encountered in matmul
  lkl = -.5 * delta.T @ (self.siginv @ delta)
[mcmc] Progress @ 2026-06-23 15:10:44 : 19354 steps taken, and 3358 accepted.
/Users/matthewsmawfield/www/Temporal Equivalence Principle/TEP-HC/data/external/cobaya_packages/code/planck/clipy/clipy/smica.py:311: RuntimeWarning: divide by zero encountered in matmul
  lkl = -.5 * delta.T @ (self.siginv @ delta)
/Users/matthewsmawfield/www/Temporal Equivalence Principle/TEP-HC/data/external/cobaya_packages/code/planck/clipy/clipy/smica.py:311: RuntimeWarning: overflow encountered in matmul
  lkl = -.5 * delta.T @ (self.siginv @ delta)
/Users/matthewsmawfield/www/Temporal Equivalence Principle/TEP-HC/data/external/cobaya_packages/code/planck/clipy/clipy/smica.py:311: RuntimeWarning: invalid value encountered in matmul
  lkl = -.5 * delta.T @ (self.siginv @ delta)
[mcmc] Learn + convergence test @ 3360 samples accepted.
[mcmc]  - Acceptance rate: 0.693
[mcmc]  - Convergence of means: R-1 = 29.617456 after 2688 accepted steps
[mcmc]  - Updated covariance matrix of proposal pdf.
/Users/matthewsmawfield/www/Temporal Equivalence Principle/TEP-HC/data/external/cobaya_packages/code/planck/clipy/clipy/smica.py:311: RuntimeWarning: divide by zero encountered in matmul
  lkl = -.5 * delta.T @ (self.siginv @ delta)
/Users/matthewsmawfield/www/Temporal Equivalence Principle/TEP-HC/data/external/cobaya_packages/code/planck/clipy/clipy/smica.py:311: RuntimeWarning: overflow encountered in matmul
  lkl = -.5 * delta.T @ (self.siginv @ delta)
/Users/matthewsmawfield/www/Temporal Equivalence Principle/TEP-HC/data/external/cobaya_packages/code/planck/clipy/clipy/smica.py:311: RuntimeWarning: invalid value encountered in matmul
  lkl = -.5 * delta.T @ (self.siginv @ delta)
[mcmc] Progress @ 2026-06-23 15:10:48 : 21610 steps taken, and 3440 accepted.
/Users/matthewsmawfield/www/Temporal Equivalence Principle/TEP-HC/data/external/cobaya_packages/code/planck/clipy/clipy/smica.py:311: RuntimeWarning: divide by zero encountered in matmul
  lkl = -.5 * delta.T @ (self.siginv @ delta)
/Users/matthewsmawfield/www/Temporal Equivalence Principle/TEP-HC/data/external/cobaya_packages/code/planck/clipy/clipy/smica.py:311: RuntimeWarning: overflow encountered in matmul
  lkl = -.5 * delta.T @ (self.siginv @ delta)
/Users/matthewsmawfield/www/Temporal Equivalence Principle/TEP-HC/data/external/cobaya_packages/code/planck/clipy/clipy/smica.py:311: RuntimeWarning: invalid value encountered in matmul
  lkl = -.5 * delta.T @ (self.siginv @ delta)
[mcmc] Progress @ 2026-06-23 15:11:34 : 23503 steps taken, and 3648 accepted.
/Users/matthewsmawfield/www/Temporal Equivalence Principle/TEP-HC/data/external/cobaya_packages/code/planck/clipy/clipy/smica.py:311: RuntimeWarning: divide by zero encountered in matmul
  lkl = -.5 * delta.T @ (self.siginv @ delta)
/Users/matthewsmawfield/www/Temporal Equivalence Principle/TEP-HC/data/external/cobaya_packages/code/planck/clipy/clipy/smica.py:311: RuntimeWarning: overflow encountered in matmul
  lkl = -.5 * delta.T @ (self.siginv @ delta)
/Users/matthewsmawfield/www/Temporal Equivalence Principle/TEP-HC/data/external/cobaya_packages/code/planck/clipy/clipy/smica.py:311: RuntimeWarning: invalid value encountered in matmul
  lkl = -.5 * delta.T @ (self.siginv @ delta)
[mcmc] Progress @ 2026-06-23 15:11:43 : 26442 steps taken, and 4105 accepted.
/Users/matthewsmawfield/www/Temporal Equivalence Principle/TEP-HC/data/external/cobaya_packages/code/planck/clipy/clipy/smica.py:311: RuntimeWarning: divide by zero encountered in matmul
  lkl = -.5 * delta.T @ (self.siginv @ delta)
/Users/matthewsmawfield/www/Temporal Equivalence Principle/TEP-HC/data/external/cobaya_packages/code/planck/clipy/clipy/smica.py:311: RuntimeWarning: overflow encountered in matmul
  lkl = -.5 * delta.T @ (self.siginv @ delta)
/Users/matthewsmawfield/www/Temporal Equivalence Principle/TEP-HC/data/external/cobaya_packages/code/planck/clipy/clipy/smica.py:311: RuntimeWarning: invalid value encountered in matmul
  lkl = -.5 * delta.T @ (self.siginv @ delta)
[mcmc] Progress @ 2026-06-23 15:11:44 : 19668 steps taken, and 3419 accepted.
/Users/matthewsmawfield/www/Temporal Equivalence Principle/TEP-HC/data/external/cobaya_packages/code/planck/clipy/clipy/smica.py:311: RuntimeWarning: divide by zero encountered in matmul
  lkl = -.5 * delta.T @ (self.siginv @ delta)
/Users/matthewsmawfield/www/Temporal Equivalence Principle/TEP-HC/data/external/cobaya_packages/code/planck/clipy/clipy/smica.py:311: RuntimeWarning: overflow encountered in matmul
  lkl = -.5 * delta.T @ (self.siginv @ delta)
/Users/matthewsmawfield/www/Temporal Equivalence Principle/TEP-HC/data/external/cobaya_packages/code/planck/clipy/clipy/smica.py:311: RuntimeWarning: invalid value encountered in matmul
  lkl = -.5 * delta.T @ (self.siginv @ delta)
[mcmc] Progress @ 2026-06-23 15:11:48 : 21979 steps taken, and 3503 accepted.
/Users/matthewsmawfield/www/Temporal Equivalence Principle/TEP-HC/data/external/cobaya_packages/code/planck/clipy/clipy/smica.py:311: RuntimeWarning: divide by zero encountered in matmul
  lkl = -.5 * delta.T @ (self.siginv @ delta)
/Users/matthewsmawfield/www/Temporal Equivalence Principle/TEP-HC/data/external/cobaya_packages/code/planck/clipy/clipy/smica.py:311: RuntimeWarning: overflow encountered in matmul
  lkl = -.5 * delta.T @ (self.siginv @ delta)
/Users/matthewsmawfield/www/Temporal Equivalence Principle/TEP-HC/data/external/cobaya_packages/code/planck/clipy/clipy/smica.py:311: RuntimeWarning: invalid value encountered in matmul
  lkl = -.5 * delta.T @ (self.siginv @ delta)
[mcmc] Progress @ 2026-06-23 15:12:35 : 23847 steps taken, and 3702 accepted.
/Users/matthewsmawfield/www/Temporal Equivalence Principle/TEP-HC/data/external/cobaya_packages/code/planck/clipy/clipy/smica.py:311: RuntimeWarning: divide by zero encountered in matmul
  lkl = -.5 * delta.T @ (self.siginv @ delta)
/Users/matthewsmawfield/www/Temporal Equivalence Principle/TEP-HC/data/external/cobaya_packages/code/planck/clipy/clipy/smica.py:311: RuntimeWarning: overflow encountered in matmul
  lkl = -.5 * delta.T @ (self.siginv @ delta)
/Users/matthewsmawfield/www/Temporal Equivalence Principle/TEP-HC/data/external/cobaya_packages/code/planck/clipy/clipy/smica.py:311: RuntimeWarning: invalid value encountered in matmul
  lkl = -.5 * delta.T @ (self.siginv @ delta)
[mcmc] Progress @ 2026-06-23 15:12:46 : 26724 steps taken, and 4152 accepted.
/Users/matthewsmawfield/www/Temporal Equivalence Principle/TEP-HC/data/external/cobaya_packages/code/planck/clipy/clipy/smica.py:311: RuntimeWarning: divide by zero encountered in matmul
  lkl = -.5 * delta.T @ (self.siginv @ delta)
/Users/matthewsmawfield/www/Temporal Equivalence Principle/TEP-HC/data/external/cobaya_packages/code/planck/clipy/clipy/smica.py:311: RuntimeWarning: overflow encountered in matmul
  lkl = -.5 * delta.T @ (self.siginv @ delta)
/Users/matthewsmawfield/www/Temporal Equivalence Principle/TEP-HC/data/external/cobaya_packages/code/planck/clipy/clipy/smica.py:311: RuntimeWarning: invalid value encountered in matmul
  lkl = -.5 * delta.T @ (self.siginv @ delta)
[mcmc] Progress @ 2026-06-23 15:12:47 : 20057 steps taken, and 3489 accepted.
/Users/matthewsmawfield/www/Temporal Equivalence Principle/TEP-HC/data/external/cobaya_packages/code/planck/clipy/clipy/smica.py:311: RuntimeWarning: divide by zero encountered in matmul
  lkl = -.5 * delta.T @ (self.siginv @ delta)
/Users/matthewsmawfield/www/Temporal Equivalence Principle/TEP-HC/data/external/cobaya_packages/code/planck/clipy/clipy/smica.py:311: RuntimeWarning: overflow encountered in matmul
  lkl = -.5 * delta.T @ (self.siginv @ delta)
/Users/matthewsmawfield/www/Temporal Equivalence Principle/TEP-HC/data/external/cobaya_packages/code/planck/clipy/clipy/smica.py:311: RuntimeWarning: invalid value encountered in matmul
  lkl = -.5 * delta.T @ (self.siginv @ delta)
[mcmc] Progress @ 2026-06-23 15:12:50 : 22287 steps taken, and 3550 accepted.
/Users/matthewsmawfield/www/Temporal Equivalence Principle/TEP-HC/data/external/cobaya_packages/code/planck/clipy/clipy/smica.py:311: RuntimeWarning: divide by zero encountered in matmul
  lkl = -.5 * delta.T @ (self.siginv @ delta)
/Users/matthewsmawfield/www/Temporal Equivalence Principle/TEP-HC/data/external/cobaya_packages/code/planck/clipy/clipy/smica.py:311: RuntimeWarning: overflow encountered in matmul
  lkl = -.5 * delta.T @ (self.siginv @ delta)
/Users/matthewsmawfield/www/Temporal Equivalence Principle/TEP-HC/data/external/cobaya_packages/code/planck/clipy/clipy/smica.py:311: RuntimeWarning: invalid value encountered in matmul
  lkl = -.5 * delta.T @ (self.siginv @ delta)
[mcmc] Learn + convergence test @ 3720 samples accepted.
[mcmc]  - Acceptance rate: 0.775
[mcmc]  - Convergence of means: R-1 = 40.421968 after 2976 accepted steps
[mcmc] Convergence less than requested for updates: waiting until the next convergence check.
/Users/matthewsmawfield/www/Temporal Equivalence Principle/TEP-HC/data/external/cobaya_packages/code/planck/clipy/clipy/smica.py:311: RuntimeWarning: divide by zero encountered in matmul
  lkl = -.5 * delta.T @ (self.siginv @ delta)
/Users/matthewsmawfield/www/Temporal Equivalence Principle/TEP-HC/data/external/cobaya_packages/code/planck/clipy/clipy/smica.py:311: RuntimeWarning: overflow encountered in matmul
  lkl = -.5 * delta.T @ (self.siginv @ delta)
/Users/matthewsmawfield/www/Temporal Equivalence Principle/TEP-HC/data/external/cobaya_packages/code/planck/clipy/clipy/smica.py:311: RuntimeWarning: invalid value encountered in matmul
  lkl = -.5 * delta.T @ (self.siginv @ delta)
[mcmc] Learn + convergence test @ 4160 samples accepted.
[mcmc]  - Acceptance rate: 0.778
[mcmc]  - Convergence of means: R-1 = 5.934234 after 3328 accepted steps
[mcmc]  - Updated covariance matrix of proposal pdf.
/Users/matthewsmawfield/www/Temporal Equivalence Principle/TEP-HC/data/external/cobaya_packages/code/planck/clipy/clipy/smica.py:311: RuntimeWarning: divide by zero encountered in matmul
  lkl = -.5 * delta.T @ (self.siginv @ delta)
/Users/matthewsmawfield/www/Temporal Equivalence Principle/TEP-HC/data/external/cobaya_packages/code/planck/clipy/clipy/smica.py:311: RuntimeWarning: overflow encountered in matmul
  lkl = -.5 * delta.T @ (self.siginv @ delta)
/Users/matthewsmawfield/www/Temporal Equivalence Principle/TEP-HC/data/external/cobaya_packages/code/planck/clipy/clipy/smica.py:311: RuntimeWarning: invalid value encountered in matmul
  lkl = -.5 * delta.T @ (self.siginv @ delta)
[mcmc] Progress @ 2026-06-23 15:13:39 : 24173 steps taken, and 3752 accepted.
/Users/matthewsmawfield/www/Temporal Equivalence Principle/TEP-HC/data/external/cobaya_packages/code/planck/clipy/clipy/smica.py:311: RuntimeWarning: divide by zero encountered in matmul
  lkl = -.5 * delta.T @ (self.siginv @ delta)
/Users/matthewsmawfield/www/Temporal Equivalence Principle/TEP-HC/data/external/cobaya_packages/code/planck/clipy/clipy/smica.py:311: RuntimeWarning: overflow encountered in matmul
  lkl = -.5 * delta.T @ (self.siginv @ delta)
/Users/matthewsmawfield/www/Temporal Equivalence Principle/TEP-HC/data/external/cobaya_packages/code/planck/clipy/clipy/smica.py:311: RuntimeWarning: invalid value encountered in matmul
  lkl = -.5 * delta.T @ (self.siginv @ delta)
[mcmc] Progress @ 2026-06-23 15:13:48 : 27027 steps taken, and 4194 accepted.
/Users/matthewsmawfield/www/Temporal Equivalence Principle/TEP-HC/data/external/cobaya_packages/code/planck/clipy/clipy/smica.py:311: RuntimeWarning: divide by zero encountered in matmul
  lkl = -.5 * delta.T @ (self.siginv @ delta)
/Users/matthewsmawfield/www/Temporal Equivalence Principle/TEP-HC/data/external/cobaya_packages/code/planck/clipy/clipy/smica.py:311: RuntimeWarning: overflow encountered in matmul
  lkl = -.5 * delta.T @ (self.siginv @ delta)
/Users/matthewsmawfield/www/Temporal Equivalence Principle/TEP-HC/data/external/cobaya_packages/code/planck/clipy/clipy/smica.py:311: RuntimeWarning: invalid value encountered in matmul
  lkl = -.5 * delta.T @ (self.siginv @ delta)
[mcmc] Progress @ 2026-06-23 15:13:48 : 20283 steps taken, and 3528 accepted.
/Users/matthewsmawfield/www/Temporal Equivalence Principle/TEP-HC/data/external/cobaya_packages/code/planck/clipy/clipy/smica.py:311: RuntimeWarning: divide by zero encountered in matmul
  lkl = -.5 * delta.T @ (self.siginv @ delta)
/Users/matthewsmawfield/www/Temporal Equivalence Principle/TEP-HC/data/external/cobaya_packages/code/planck/clipy/clipy/smica.py:311: RuntimeWarning: overflow encountered in matmul
  lkl = -.5 * delta.T @ (self.siginv @ delta)
/Users/matthewsmawfield/www/Temporal Equivalence Principle/TEP-HC/data/external/cobaya_packages/code/planck/clipy/clipy/smica.py:311: RuntimeWarning: invalid value encountered in matmul
  lkl = -.5 * delta.T @ (self.siginv @ delta)
[mcmc] Progress @ 2026-06-23 15:13:52 : 22539 steps taken, and 3594 accepted.
/Users/matthewsmawfield/www/Temporal Equivalence Principle/TEP-HC/data/external/cobaya_packages/code/planck/clipy/clipy/smica.py:311: RuntimeWarning: divide by zero encountered in matmul
  lkl = -.5 * delta.T @ (self.siginv @ delta)
/Users/matthewsmawfield/www/Temporal Equivalence Principle/TEP-HC/data/external/cobaya_packages/code/planck/clipy/clipy/smica.py:311: RuntimeWarning: overflow encountered in matmul
  lkl = -.5 * delta.T @ (self.siginv @ delta)
/Users/matthewsmawfield/www/Temporal Equivalence Principle/TEP-HC/data/external/cobaya_packages/code/planck/clipy/clipy/smica.py:311: RuntimeWarning: invalid value encountered in matmul
  lkl = -.5 * delta.T @ (self.siginv @ delta)
[mcmc] Progress @ 2026-06-23 15:14:39 : 24379 steps taken, and 3786 accepted.
/Users/matthewsmawfield/www/Temporal Equivalence Principle/TEP-HC/data/external/cobaya_packages/code/planck/clipy/clipy/smica.py:311: RuntimeWarning: divide by zero encountered in matmul
  lkl = -.5 * delta.T @ (self.siginv @ delta)
/Users/matthewsmawfield/www/Temporal Equivalence Principle/TEP-HC/data/external/cobaya_packages/code/planck/clipy/clipy/smica.py:311: RuntimeWarning: overflow encountered in matmul
  lkl = -.5 * delta.T @ (self.siginv @ delta)
/Users/matthewsmawfield/www/Temporal Equivalence Principle/TEP-HC/data/external/cobaya_packages/code/planck/clipy/clipy/smica.py:311: RuntimeWarning: invalid value encountered in matmul
  lkl = -.5 * delta.T @ (self.siginv @ delta)
[mcmc] Progress @ 2026-06-23 15:14:49 : 27338 steps taken, and 4244 accepted.
/Users/matthewsmawfield/www/Temporal Equivalence Principle/TEP-HC/data/external/cobaya_packages/code/planck/clipy/clipy/smica.py:311: RuntimeWarning: divide by zero encountered in matmul
  lkl = -.5 * delta.T @ (self.siginv @ delta)
/Users/matthewsmawfield/www/Temporal Equivalence Principle/TEP-HC/data/external/cobaya_packages/code/planck/clipy/clipy/smica.py:311: RuntimeWarning: overflow encountered in matmul
  lkl = -.5 * delta.T @ (self.siginv @ delta)
/Users/matthewsmawfield/www/Temporal Equivalence Principle/TEP-HC/data/external/cobaya_packages/code/planck/clipy/clipy/smica.py:311: RuntimeWarning: invalid value encountered in matmul
  lkl = -.5 * delta.T @ (self.siginv @ delta)
[mcmc] Progress @ 2026-06-23 15:14:50 : 20451 steps taken, and 3563 accepted.
/Users/matthewsmawfield/www/Temporal Equivalence Principle/TEP-HC/data/external/cobaya_packages/code/planck/clipy/clipy/smica.py:311: RuntimeWarning: divide by zero encountered in matmul
  lkl = -.5 * delta.T @ (self.siginv @ delta)
/Users/matthewsmawfield/www/Temporal Equivalence Principle/TEP-HC/data/external/cobaya_packages/code/planck/clipy/clipy/smica.py:311: RuntimeWarning: overflow encountered in matmul
  lkl = -.5 * delta.T @ (self.siginv @ delta)
/Users/matthewsmawfield/www/Temporal Equivalence Principle/TEP-HC/data/external/cobaya_packages/code/planck/clipy/clipy/smica.py:311: RuntimeWarning: invalid value encountered in matmul
  lkl = -.5 * delta.T @ (self.siginv @ delta)
[mcmc] Progress @ 2026-06-23 15:14:55 : 22795 steps taken, and 3635 accepted.
/Users/matthewsmawfield/www/Temporal Equivalence Principle/TEP-HC/data/external/cobaya_packages/code/planck/clipy/clipy/smica.py:311: RuntimeWarning: divide by zero encountered in matmul
  lkl = -.5 * delta.T @ (self.siginv @ delta)
/Users/matthewsmawfield/www/Temporal Equivalence Principle/TEP-HC/data/external/cobaya_packages/code/planck/clipy/clipy/smica.py:311: RuntimeWarning: overflow encountered in matmul
  lkl = -.5 * delta.T @ (self.siginv @ delta)
/Users/matthewsmawfield/www/Temporal Equivalence Principle/TEP-HC/data/external/cobaya_packages/code/planck/clipy/clipy/smica.py:311: RuntimeWarning: invalid value encountered in matmul
  lkl = -.5 * delta.T @ (self.siginv @ delta)
[mcmc] Progress @ 2026-06-23 15:15:43 : 24612 steps taken, and 3822 accepted.
/Users/matthewsmawfield/www/Temporal Equivalence Principle/TEP-HC/data/external/cobaya_packages/code/planck/clipy/clipy/smica.py:311: RuntimeWarning: divide by zero encountered in matmul
  lkl = -.5 * delta.T @ (self.siginv @ delta)
/Users/matthewsmawfield/www/Temporal Equivalence Principle/TEP-HC/data/external/cobaya_packages/code/planck/clipy/clipy/smica.py:311: RuntimeWarning: overflow encountered in matmul
  lkl = -.5 * delta.T @ (self.siginv @ delta)
/Users/matthewsmawfield/www/Temporal Equivalence Principle/TEP-HC/data/external/cobaya_packages/code/planck/clipy/clipy/smica.py:311: RuntimeWarning: invalid value encountered in matmul
  lkl = -.5 * delta.T @ (self.siginv @ delta)
[mcmc] Progress @ 2026-06-23 15:15:54 : 20612 steps taken, and 3591 accepted.
/Users/matthewsmawfield/www/Temporal Equivalence Principle/TEP-HC/data/external/cobaya_packages/code/planck/clipy/clipy/smica.py:311: RuntimeWarning: divide by zero encountered in matmul
  lkl = -.5 * delta.T @ (self.siginv @ delta)
/Users/matthewsmawfield/www/Temporal Equivalence Principle/TEP-HC/data/external/cobaya_packages/code/planck/clipy/clipy/smica.py:311: RuntimeWarning: overflow encountered in matmul
  lkl = -.5 * delta.T @ (self.siginv @ delta)
/Users/matthewsmawfield/www/Temporal Equivalence Principle/TEP-HC/data/external/cobaya_packages/code/planck/clipy/clipy/smica.py:311: RuntimeWarning: invalid value encountered in matmul
  lkl = -.5 * delta.T @ (self.siginv @ delta)
[mcmc] Progress @ 2026-06-23 15:15:54 : 27550 steps taken, and 4280 accepted.
/Users/matthewsmawfield/www/Temporal Equivalence Principle/TEP-HC/data/external/cobaya_packages/code/planck/clipy/clipy/smica.py:311: RuntimeWarning: divide by zero encountered in matmul
  lkl = -.5 * delta.T @ (self.siginv @ delta)
/Users/matthewsmawfield/www/Temporal Equivalence Principle/TEP-HC/data/external/cobaya_packages/code/planck/clipy/clipy/smica.py:311: RuntimeWarning: overflow encountered in matmul
  lkl = -.5 * delta.T @ (self.siginv @ delta)
/Users/matthewsmawfield/www/Temporal Equivalence Principle/TEP-HC/data/external/cobaya_packages/code/planck/clipy/clipy/smica.py:311: RuntimeWarning: invalid value encountered in matmul
  lkl = -.5 * delta.T @ (self.siginv @ delta)
[mcmc] Progress @ 2026-06-23 15:15:55 : 22988 steps taken, and 3669 accepted.
/Users/matthewsmawfield/www/Temporal Equivalence Principle/TEP-HC/data/external/cobaya_packages/code/planck/clipy/clipy/smica.py:311: RuntimeWarning: divide by zero encountered in matmul
  lkl = -.5 * delta.T @ (self.siginv @ delta)
/Users/matthewsmawfield/www/Temporal Equivalence Principle/TEP-HC/data/external/cobaya_packages/code/planck/clipy/clipy/smica.py:311: RuntimeWarning: overflow encountered in matmul
  lkl = -.5 * delta.T @ (self.siginv @ delta)
/Users/matthewsmawfield/www/Temporal Equivalence Principle/TEP-HC/data/external/cobaya_packages/code/planck/clipy/clipy/smica.py:311: RuntimeWarning: invalid value encountered in matmul
  lkl = -.5 * delta.T @ (self.siginv @ delta)
[mcmc] Progress @ 2026-06-23 15:16:45 : 24794 steps taken, and 3853 accepted.
/Users/matthewsmawfield/www/Temporal Equivalence Principle/TEP-HC/data/external/cobaya_packages/code/planck/clipy/clipy/smica.py:311: RuntimeWarning: divide by zero encountered in matmul
  lkl = -.5 * delta.T @ (self.siginv @ delta)
/Users/matthewsmawfield/www/Temporal Equivalence Principle/TEP-HC/data/external/cobaya_packages/code/planck/clipy/clipy/smica.py:311: RuntimeWarning: overflow encountered in matmul
  lkl = -.5 * delta.T @ (self.siginv @ delta)
/Users/matthewsmawfield/www/Temporal Equivalence Principle/TEP-HC/data/external/cobaya_packages/code/planck/clipy/clipy/smica.py:311: RuntimeWarning: invalid value encountered in matmul
  lkl = -.5 * delta.T @ (self.siginv @ delta)
[mcmc] Progress @ 2026-06-23 15:16:55 : 23130 steps taken, and 3694 accepted.
/Users/matthewsmawfield/www/Temporal Equivalence Principle/TEP-HC/data/external/cobaya_packages/code/planck/clipy/clipy/smica.py:311: RuntimeWarning: divide by zero encountered in matmul
  lkl = -.5 * delta.T @ (self.siginv @ delta)
/Users/matthewsmawfield/www/Temporal Equivalence Principle/TEP-HC/data/external/cobaya_packages/code/planck/clipy/clipy/smica.py:311: RuntimeWarning: overflow encountered in matmul
  lkl = -.5 * delta.T @ (self.siginv @ delta)
/Users/matthewsmawfield/www/Temporal Equivalence Principle/TEP-HC/data/external/cobaya_packages/code/planck/clipy/clipy/smica.py:311: RuntimeWarning: invalid value encountered in matmul
  lkl = -.5 * delta.T @ (self.siginv @ delta)
[mcmc] Progress @ 2026-06-23 15:16:55 : 27692 steps taken, and 4303 accepted.
/Users/matthewsmawfield/www/Temporal Equivalence Principle/TEP-HC/data/external/cobaya_packages/code/planck/clipy/clipy/smica.py:311: RuntimeWarning: divide by zero encountered in matmul
  lkl = -.5 * delta.T @ (self.siginv @ delta)
/Users/matthewsmawfield/www/Temporal Equivalence Principle/TEP-HC/data/external/cobaya_packages/code/planck/clipy/clipy/smica.py:311: RuntimeWarning: overflow encountered in matmul
  lkl = -.5 * delta.T @ (self.siginv @ delta)
/Users/matthewsmawfield/www/Temporal Equivalence Principle/TEP-HC/data/external/cobaya_packages/code/planck/clipy/clipy/smica.py:311: RuntimeWarning: invalid value encountered in matmul
  lkl = -.5 * delta.T @ (self.siginv @ delta)
[mcmc] Progress @ 2026-06-23 15:16:55 : 20807 steps taken, and 3623 accepted.
/Users/matthewsmawfield/www/Temporal Equivalence Principle/TEP-HC/data/external/cobaya_packages/code/planck/clipy/clipy/smica.py:311: RuntimeWarning: divide by zero encountered in matmul
  lkl = -.5 * delta.T @ (self.siginv @ delta)
/Users/matthewsmawfield/www/Temporal Equivalence Principle/TEP-HC/data/external/cobaya_packages/code/planck/clipy/clipy/smica.py:311: RuntimeWarning: overflow encountered in matmul
  lkl = -.5 * delta.T @ (self.siginv @ delta)
/Users/matthewsmawfield/www/Temporal Equivalence Principle/TEP-HC/data/external/cobaya_packages/code/planck/clipy/clipy/smica.py:311: RuntimeWarning: invalid value encountered in matmul
  lkl = -.5 * delta.T @ (self.siginv @ delta)
[mcmc] Progress @ 2026-06-23 15:17:45 : 25044 steps taken, and 3893 accepted.
/Users/matthewsmawfield/www/Temporal Equivalence Principle/TEP-HC/data/external/cobaya_packages/code/planck/clipy/clipy/smica.py:311: RuntimeWarning: divide by zero encountered in matmul
  lkl = -.5 * delta.T @ (self.siginv @ delta)
/Users/matthewsmawfield/www/Temporal Equivalence Principle/TEP-HC/data/external/cobaya_packages/code/planck/clipy/clipy/smica.py:311: RuntimeWarning: overflow encountered in matmul
  lkl = -.5 * delta.T @ (self.siginv @ delta)
/Users/matthewsmawfield/www/Temporal Equivalence Principle/TEP-HC/data/external/cobaya_packages/code/planck/clipy/clipy/smica.py:311: RuntimeWarning: invalid value encountered in matmul
  lkl = -.5 * delta.T @ (self.siginv @ delta)
[mcmc] Progress @ 2026-06-23 15:17:55 : 27906 steps taken, and 4340 accepted.
/Users/matthewsmawfield/www/Temporal Equivalence Principle/TEP-HC/data/external/cobaya_packages/code/planck/clipy/clipy/smica.py:311: RuntimeWarning: divide by zero encountered in matmul
  lkl = -.5 * delta.T @ (self.siginv @ delta)
/Users/matthewsmawfield/www/Temporal Equivalence Principle/TEP-HC/data/external/cobaya_packages/code/planck/clipy/clipy/smica.py:311: RuntimeWarning: overflow encountered in matmul
  lkl = -.5 * delta.T @ (self.siginv @ delta)
/Users/matthewsmawfield/www/Temporal Equivalence Principle/TEP-HC/data/external/cobaya_packages/code/planck/clipy/clipy/smica.py:311: RuntimeWarning: invalid value encountered in matmul
  lkl = -.5 * delta.T @ (self.siginv @ delta)
[mcmc] Progress @ 2026-06-23 15:17:55 : 21057 steps taken, and 3674 accepted.
/Users/matthewsmawfield/www/Temporal Equivalence Principle/TEP-HC/data/external/cobaya_packages/code/planck/clipy/clipy/smica.py:311: RuntimeWarning: divide by zero encountered in matmul
  lkl = -.5 * delta.T @ (self.siginv @ delta)
/Users/matthewsmawfield/www/Temporal Equivalence Principle/TEP-HC/data/external/cobaya_packages/code/planck/clipy/clipy/smica.py:311: RuntimeWarning: overflow encountered in matmul
  lkl = -.5 * delta.T @ (self.siginv @ delta)
/Users/matthewsmawfield/www/Temporal Equivalence Principle/TEP-HC/data/external/cobaya_packages/code/planck/clipy/clipy/smica.py:311: RuntimeWarning: invalid value encountered in matmul
  lkl = -.5 * delta.T @ (self.siginv @ delta)
[mcmc] Progress @ 2026-06-23 15:17:57 : 23409 steps taken, and 3739 accepted.
/Users/matthewsmawfield/www/Temporal Equivalence Principle/TEP-HC/data/external/cobaya_packages/code/planck/clipy/clipy/smica.py:311: RuntimeWarning: divide by zero encountered in matmul
  lkl = -.5 * delta.T @ (self.siginv @ delta)
/Users/matthewsmawfield/www/Temporal Equivalence Principle/TEP-HC/data/external/cobaya_packages/code/planck/clipy/clipy/smica.py:311: RuntimeWarning: overflow encountered in matmul
  lkl = -.5 * delta.T @ (self.siginv @ delta)
/Users/matthewsmawfield/www/Temporal Equivalence Principle/TEP-HC/data/external/cobaya_packages/code/planck/clipy/clipy/smica.py:311: RuntimeWarning: invalid value encountered in matmul
  lkl = -.5 * delta.T @ (self.siginv @ delta)
[mcmc] Progress @ 2026-06-23 15:18:47 : 25295 steps taken, and 3935 accepted.
/Users/matthewsmawfield/www/Temporal Equivalence Principle/TEP-HC/data/external/cobaya_packages/code/planck/clipy/clipy/smica.py:311: RuntimeWarning: divide by zero encountered in matmul
  lkl = -.5 * delta.T @ (self.siginv @ delta)
/Users/matthewsmawfield/www/Temporal Equivalence Principle/TEP-HC/data/external/cobaya_packages/code/planck/clipy/clipy/smica.py:311: RuntimeWarning: overflow encountered in matmul
  lkl = -.5 * delta.T @ (self.siginv @ delta)
/Users/matthewsmawfield/www/Temporal Equivalence Principle/TEP-HC/data/external/cobaya_packages/code/planck/clipy/clipy/smica.py:311: RuntimeWarning: invalid value encountered in matmul
  lkl = -.5 * delta.T @ (self.siginv @ delta)
[mcmc] Progress @ 2026-06-23 15:18:58 : 28142 steps taken, and 4381 accepted.
[mcmc] Progress @ 2026-06-23 15:18:58 : 21411 steps taken, and 3727 accepted.
/Users/matthewsmawfield/www/Temporal Equivalence Principle/TEP-HC/data/external/cobaya_packages/code/planck/clipy/clipy/smica.py:311: RuntimeWarning: divide by zero encountered in matmul
  lkl = -.5 * delta.T @ (self.siginv @ delta)
/Users/matthewsmawfield/www/Temporal Equivalence Principle/TEP-HC/data/external/cobaya_packages/code/planck/clipy/clipy/smica.py:311: RuntimeWarning: overflow encountered in matmul
  lkl = -.5 * delta.T @ (self.siginv @ delta)
/Users/matthewsmawfield/www/Temporal Equivalence Principle/TEP-HC/data/external/cobaya_packages/code/planck/clipy/clipy/smica.py:311: RuntimeWarning: invalid value encountered in matmul
  lkl = -.5 * delta.T @ (self.siginv @ delta)
[mcmc] Progress @ 2026-06-23 15:19:01 : 23591 steps taken, and 3767 accepted.
/Users/matthewsmawfield/www/Temporal Equivalence Principle/TEP-HC/data/external/cobaya_packages/code/planck/clipy/clipy/smica.py:311: RuntimeWarning: divide by zero encountered in matmul
  lkl = -.5 * delta.T @ (self.siginv @ delta)
/Users/matthewsmawfield/www/Temporal Equivalence Principle/TEP-HC/data/external/cobaya_packages/code/planck/clipy/clipy/smica.py:311: RuntimeWarning: overflow encountered in matmul
  lkl = -.5 * delta.T @ (self.siginv @ delta)
/Users/matthewsmawfield/www/Temporal Equivalence Principle/TEP-HC/data/external/cobaya_packages/code/planck/clipy/clipy/smica.py:311: RuntimeWarning: invalid value encountered in matmul
  lkl = -.5 * delta.T @ (self.siginv @ delta)
/Users/matthewsmawfield/www/Temporal Equivalence Principle/TEP-HC/data/external/cobaya_packages/code/planck/clipy/clipy/smica.py:311: RuntimeWarning: divide by zero encountered in matmul
  lkl = -.5 * delta.T @ (self.siginv @ delta)
/Users/matthewsmawfield/www/Temporal Equivalence Principle/TEP-HC/data/external/cobaya_packages/code/planck/clipy/clipy/smica.py:311: RuntimeWarning: overflow encountered in matmul
  lkl = -.5 * delta.T @ (self.siginv @ delta)
/Users/matthewsmawfield/www/Temporal Equivalence Principle/TEP-HC/data/external/cobaya_packages/code/planck/clipy/clipy/smica.py:311: RuntimeWarning: invalid value encountered in matmul
  lkl = -.5 * delta.T @ (self.siginv @ delta)
[mcmc] Progress @ 2026-06-23 15:19:49 : 25585 steps taken, and 3975 accepted.
/Users/matthewsmawfield/www/Temporal Equivalence Principle/TEP-HC/data/external/cobaya_packages/code/planck/clipy/clipy/smica.py:311: RuntimeWarning: divide by zero encountered in matmul
  lkl = -.5 * delta.T @ (self.siginv @ delta)
/Users/matthewsmawfield/www/Temporal Equivalence Principle/TEP-HC/data/external/cobaya_packages/code/planck/clipy/clipy/smica.py:311: RuntimeWarning: overflow encountered in matmul
  lkl = -.5 * delta.T @ (self.siginv @ delta)
/Users/matthewsmawfield/www/Temporal Equivalence Principle/TEP-HC/data/external/cobaya_packages/code/planck/clipy/clipy/smica.py:311: RuntimeWarning: invalid value encountered in matmul
  lkl = -.5 * delta.T @ (self.siginv @ delta)
[mcmc] Progress @ 2026-06-23 15:19:58 : 28431 steps taken, and 4427 accepted.
/Users/matthewsmawfield/www/Temporal Equivalence Principle/TEP-HC/data/external/cobaya_packages/code/planck/clipy/clipy/smica.py:311: RuntimeWarning: divide by zero encountered in matmul
  lkl = -.5 * delta.T @ (self.siginv @ delta)
/Users/matthewsmawfield/www/Temporal Equivalence Principle/TEP-HC/data/external/cobaya_packages/code/planck/clipy/clipy/smica.py:311: RuntimeWarning: overflow encountered in matmul
  lkl = -.5 * delta.T @ (self.siginv @ delta)
/Users/matthewsmawfield/www/Temporal Equivalence Principle/TEP-HC/data/external/cobaya_packages/code/planck/clipy/clipy/smica.py:311: RuntimeWarning: invalid value encountered in matmul
  lkl = -.5 * delta.T @ (self.siginv @ delta)
[mcmc] Progress @ 2026-06-23 15:20:02 : 23875 steps taken, and 3810 accepted.
/Users/matthewsmawfield/www/Temporal Equivalence Principle/TEP-HC/data/external/cobaya_packages/code/planck/clipy/clipy/smica.py:311: RuntimeWarning: divide by zero encountered in matmul
  lkl = -.5 * delta.T @ (self.siginv @ delta)
/Users/matthewsmawfield/www/Temporal Equivalence Principle/TEP-HC/data/external/cobaya_packages/code/planck/clipy/clipy/smica.py:311: RuntimeWarning: overflow encountered in matmul
  lkl = -.5 * delta.T @ (self.siginv @ delta)
/Users/matthewsmawfield/www/Temporal Equivalence Principle/TEP-HC/data/external/cobaya_packages/code/planck/clipy/clipy/smica.py:311: RuntimeWarning: invalid value encountered in matmul
  lkl = -.5 * delta.T @ (self.siginv @ delta)
[mcmc] Progress @ 2026-06-23 15:20:02 : 21693 steps taken, and 3771 accepted.
/Users/matthewsmawfield/www/Temporal Equivalence Principle/TEP-HC/data/external/cobaya_packages/code/planck/clipy/clipy/smica.py:311: RuntimeWarning: divide by zero encountered in matmul
  lkl = -.5 * delta.T @ (self.siginv @ delta)
/Users/matthewsmawfield/www/Temporal Equivalence Principle/TEP-HC/data/external/cobaya_packages/code/planck/clipy/clipy/smica.py:311: RuntimeWarning: overflow encountered in matmul
  lkl = -.5 * delta.T @ (self.siginv @ delta)
/Users/matthewsmawfield/www/Temporal Equivalence Principle/TEP-HC/data/external/cobaya_packages/code/planck/clipy/clipy/smica.py:311: RuntimeWarning: invalid value encountered in matmul
  lkl = -.5 * delta.T @ (self.siginv @ delta)
[mcmc] Progress @ 2026-06-23 15:20:51 : 25888 steps taken, and 4020 accepted.
/Users/matthewsmawfield/www/Temporal Equivalence Principle/TEP-HC/data/external/cobaya_packages/code/planck/clipy/clipy/smica.py:311: RuntimeWarning: divide by zero encountered in matmul
  lkl = -.5 * delta.T @ (self.siginv @ delta)
/Users/matthewsmawfield/www/Temporal Equivalence Principle/TEP-HC/data/external/cobaya_packages/code/planck/clipy/clipy/smica.py:311: RuntimeWarning: overflow encountered in matmul
  lkl = -.5 * delta.T @ (self.siginv @ delta)
/Users/matthewsmawfield/www/Temporal Equivalence Principle/TEP-HC/data/external/cobaya_packages/code/planck/clipy/clipy/smica.py:311: RuntimeWarning: invalid value encountered in matmul
  lkl = -.5 * delta.T @ (self.siginv @ delta)
[mcmc] Progress @ 2026-06-23 15:20:59 : 28738 steps taken, and 4476 accepted.
/Users/matthewsmawfield/www/Temporal Equivalence Principle/TEP-HC/data/external/cobaya_packages/code/planck/clipy/clipy/smica.py:311: RuntimeWarning: divide by zero encountered in matmul
  lkl = -.5 * delta.T @ (self.siginv @ delta)
/Users/matthewsmawfield/www/Temporal Equivalence Principle/TEP-HC/data/external/cobaya_packages/code/planck/clipy/clipy/smica.py:311: RuntimeWarning: overflow encountered in matmul
  lkl = -.5 * delta.T @ (self.siginv @ delta)
/Users/matthewsmawfield/www/Temporal Equivalence Principle/TEP-HC/data/external/cobaya_packages/code/planck/clipy/clipy/smica.py:311: RuntimeWarning: invalid value encountered in matmul
  lkl = -.5 * delta.T @ (self.siginv @ delta)
[mcmc] Progress @ 2026-06-23 15:21:04 : 24145 steps taken, and 3852 accepted.
/Users/matthewsmawfield/www/Temporal Equivalence Principle/TEP-HC/data/external/cobaya_packages/code/planck/clipy/clipy/smica.py:311: RuntimeWarning: divide by zero encountered in matmul
  lkl = -.5 * delta.T @ (self.siginv @ delta)
/Users/matthewsmawfield/www/Temporal Equivalence Principle/TEP-HC/data/external/cobaya_packages/code/planck/clipy/clipy/smica.py:311: RuntimeWarning: overflow encountered in matmul
  lkl = -.5 * delta.T @ (self.siginv @ delta)
/Users/matthewsmawfield/www/Temporal Equivalence Principle/TEP-HC/data/external/cobaya_packages/code/planck/clipy/clipy/smica.py:311: RuntimeWarning: invalid value encountered in matmul
  lkl = -.5 * delta.T @ (self.siginv @ delta)
[mcmc] Progress @ 2026-06-23 15:21:04 : 22000 steps taken, and 3822 accepted.
/Users/matthewsmawfield/www/Temporal Equivalence Principle/TEP-HC/data/external/cobaya_packages/code/planck/clipy/clipy/smica.py:311: RuntimeWarning: divide by zero encountered in matmul
  lkl = -.5 * delta.T @ (self.siginv @ delta)
/Users/matthewsmawfield/www/Temporal Equivalence Principle/TEP-HC/data/external/cobaya_packages/code/planck/clipy/clipy/smica.py:311: RuntimeWarning: overflow encountered in matmul
  lkl = -.5 * delta.T @ (self.siginv @ delta)
/Users/matthewsmawfield/www/Temporal Equivalence Principle/TEP-HC/data/external/cobaya_packages/code/planck/clipy/clipy/smica.py:311: RuntimeWarning: invalid value encountered in matmul
  lkl = -.5 * delta.T @ (self.siginv @ delta)
[mcmc] Progress @ 2026-06-23 15:21:52 : 26238 steps taken, and 4082 accepted.
/Users/matthewsmawfield/www/Temporal Equivalence Principle/TEP-HC/data/external/cobaya_packages/code/planck/clipy/clipy/smica.py:311: RuntimeWarning: divide by zero encountered in matmul
  lkl = -.5 * delta.T @ (self.siginv @ delta)
/Users/matthewsmawfield/www/Temporal Equivalence Principle/TEP-HC/data/external/cobaya_packages/code/planck/clipy/clipy/smica.py:311: RuntimeWarning: overflow encountered in matmul
  lkl = -.5 * delta.T @ (self.siginv @ delta)
/Users/matthewsmawfield/www/Temporal Equivalence Principle/TEP-HC/data/external/cobaya_packages/code/planck/clipy/clipy/smica.py:311: RuntimeWarning: invalid value encountered in matmul
  lkl = -.5 * delta.T @ (self.siginv @ delta)
[mcmc] Progress @ 2026-06-23 15:22:02 : 29057 steps taken, and 4524 accepted.
/Users/matthewsmawfield/www/Temporal Equivalence Principle/TEP-HC/data/external/cobaya_packages/code/planck/clipy/clipy/smica.py:311: RuntimeWarning: divide by zero encountered in matmul
  lkl = -.5 * delta.T @ (self.siginv @ delta)
/Users/matthewsmawfield/www/Temporal Equivalence Principle/TEP-HC/data/external/cobaya_packages/code/planck/clipy/clipy/smica.py:311: RuntimeWarning: overflow encountered in matmul
  lkl = -.5 * delta.T @ (self.siginv @ delta)
/Users/matthewsmawfield/www/Temporal Equivalence Principle/TEP-HC/data/external/cobaya_packages/code/planck/clipy/clipy/smica.py:311: RuntimeWarning: invalid value encountered in matmul
  lkl = -.5 * delta.T @ (self.siginv @ delta)
[mcmc] Progress @ 2026-06-23 15:22:05 : 22474 steps taken, and 3907 accepted.
/Users/matthewsmawfield/www/Temporal Equivalence Principle/TEP-HC/data/external/cobaya_packages/code/planck/clipy/clipy/smica.py:311: RuntimeWarning: divide by zero encountered in matmul
  lkl = -.5 * delta.T @ (self.siginv @ delta)
/Users/matthewsmawfield/www/Temporal Equivalence Principle/TEP-HC/data/external/cobaya_packages/code/planck/clipy/clipy/smica.py:311: RuntimeWarning: overflow encountered in matmul
  lkl = -.5 * delta.T @ (self.siginv @ delta)
/Users/matthewsmawfield/www/Temporal Equivalence Principle/TEP-HC/data/external/cobaya_packages/code/planck/clipy/clipy/smica.py:311: RuntimeWarning: invalid value encountered in matmul
  lkl = -.5 * delta.T @ (self.siginv @ delta)
[mcmc] Progress @ 2026-06-23 15:22:06 : 24428 steps taken, and 3897 accepted.
/Users/matthewsmawfield/www/Temporal Equivalence Principle/TEP-HC/data/external/cobaya_packages/code/planck/clipy/clipy/smica.py:311: RuntimeWarning: divide by zero encountered in matmul
  lkl = -.5 * delta.T @ (self.siginv @ delta)
/Users/matthewsmawfield/www/Temporal Equivalence Principle/TEP-HC/data/external/cobaya_packages/code/planck/clipy/clipy/smica.py:311: RuntimeWarning: overflow encountered in matmul
  lkl = -.5 * delta.T @ (self.siginv @ delta)
/Users/matthewsmawfield/www/Temporal Equivalence Principle/TEP-HC/data/external/cobaya_packages/code/planck/clipy/clipy/smica.py:311: RuntimeWarning: invalid value encountered in matmul
  lkl = -.5 * delta.T @ (self.siginv @ delta)
[mcmc] Progress @ 2026-06-23 15:22:55 : 26567 steps taken, and 4133 accepted.
/Users/matthewsmawfield/www/Temporal Equivalence Principle/TEP-HC/data/external/cobaya_packages/code/planck/clipy/clipy/smica.py:311: RuntimeWarning: divide by zero encountered in matmul
  lkl = -.5 * delta.T @ (self.siginv @ delta)
/Users/matthewsmawfield/www/Temporal Equivalence Principle/TEP-HC/data/external/cobaya_packages/code/planck/clipy/clipy/smica.py:311: RuntimeWarning: overflow encountered in matmul
  lkl = -.5 * delta.T @ (self.siginv @ delta)
/Users/matthewsmawfield/www/Temporal Equivalence Principle/TEP-HC/data/external/cobaya_packages/code/planck/clipy/clipy/smica.py:311: RuntimeWarning: invalid value encountered in matmul
  lkl = -.5 * delta.T @ (self.siginv @ delta)
[mcmc] Progress @ 2026-06-23 15:23:02 : 29474 steps taken, and 4581 accepted.
[mcmc] Progress @ 2026-06-23 15:23:06 : 24689 steps taken, and 3941 accepted.
/Users/matthewsmawfield/www/Temporal Equivalence Principle/TEP-HC/data/external/cobaya_packages/code/planck/clipy/clipy/smica.py:311: RuntimeWarning: divide by zero encountered in matmul
  lkl = -.5 * delta.T @ (self.siginv @ delta)
/Users/matthewsmawfield/www/Temporal Equivalence Principle/TEP-HC/data/external/cobaya_packages/code/planck/clipy/clipy/smica.py:311: RuntimeWarning: overflow encountered in matmul
  lkl = -.5 * delta.T @ (self.siginv @ delta)
/Users/matthewsmawfield/www/Temporal Equivalence Principle/TEP-HC/data/external/cobaya_packages/code/planck/clipy/clipy/smica.py:311: RuntimeWarning: invalid value encountered in matmul
  lkl = -.5 * delta.T @ (self.siginv @ delta)
[mcmc] Progress @ 2026-06-23 15:23:07 : 22781 steps taken, and 3960 accepted.
/Users/matthewsmawfield/www/Temporal Equivalence Principle/TEP-HC/data/external/cobaya_packages/code/planck/clipy/clipy/smica.py:311: RuntimeWarning: divide by zero encountered in matmul
  lkl = -.5 * delta.T @ (self.siginv @ delta)
/Users/matthewsmawfield/www/Temporal Equivalence Principle/TEP-HC/data/external/cobaya_packages/code/planck/clipy/clipy/smica.py:311: RuntimeWarning: overflow encountered in matmul
  lkl = -.5 * delta.T @ (self.siginv @ delta)
/Users/matthewsmawfield/www/Temporal Equivalence Principle/TEP-HC/data/external/cobaya_packages/code/planck/clipy/clipy/smica.py:311: RuntimeWarning: invalid value encountered in matmul
  lkl = -.5 * delta.T @ (self.siginv @ delta)
/Users/matthewsmawfield/www/Temporal Equivalence Principle/TEP-HC/data/external/cobaya_packages/code/planck/clipy/clipy/smica.py:311: RuntimeWarning: divide by zero encountered in matmul
  lkl = -.5 * delta.T @ (self.siginv @ delta)
/Users/matthewsmawfield/www/Temporal Equivalence Principle/TEP-HC/data/external/cobaya_packages/code/planck/clipy/clipy/smica.py:311: RuntimeWarning: overflow encountered in matmul
  lkl = -.5 * delta.T @ (self.siginv @ delta)
/Users/matthewsmawfield/www/Temporal Equivalence Principle/TEP-HC/data/external/cobaya_packages/code/planck/clipy/clipy/smica.py:311: RuntimeWarning: invalid value encountered in matmul
  lkl = -.5 * delta.T @ (self.siginv @ delta)
[mcmc] Progress @ 2026-06-23 15:23:57 : 26865 steps taken, and 4181 accepted.
/Users/matthewsmawfield/www/Temporal Equivalence Principle/TEP-HC/data/external/cobaya_packages/code/planck/clipy/clipy/smica.py:311: RuntimeWarning: divide by zero encountered in matmul
  lkl = -.5 * delta.T @ (self.siginv @ delta)
/Users/matthewsmawfield/www/Temporal Equivalence Principle/TEP-HC/data/external/cobaya_packages/code/planck/clipy/clipy/smica.py:311: RuntimeWarning: overflow encountered in matmul
  lkl = -.5 * delta.T @ (self.siginv @ delta)
/Users/matthewsmawfield/www/Temporal Equivalence Principle/TEP-HC/data/external/cobaya_packages/code/planck/clipy/clipy/smica.py:311: RuntimeWarning: invalid value encountered in matmul
  lkl = -.5 * delta.T @ (self.siginv @ delta)
[mcmc] Progress @ 2026-06-23 15:24:06 : 29857 steps taken, and 4640 accepted.
/Users/matthewsmawfield/www/Temporal Equivalence Principle/TEP-HC/data/external/cobaya_packages/code/planck/clipy/clipy/smica.py:311: RuntimeWarning: divide by zero encountered in matmul
  lkl = -.5 * delta.T @ (self.siginv @ delta)
/Users/matthewsmawfield/www/Temporal Equivalence Principle/TEP-HC/data/external/cobaya_packages/code/planck/clipy/clipy/smica.py:311: RuntimeWarning: overflow encountered in matmul
  lkl = -.5 * delta.T @ (self.siginv @ delta)
/Users/matthewsmawfield/www/Temporal Equivalence Principle/TEP-HC/data/external/cobaya_packages/code/planck/clipy/clipy/smica.py:311: RuntimeWarning: invalid value encountered in matmul
  lkl = -.5 * delta.T @ (self.siginv @ delta)
[mcmc] Progress @ 2026-06-23 15:24:09 : 23127 steps taken, and 4022 accepted.
/Users/matthewsmawfield/www/Temporal Equivalence Principle/TEP-HC/data/external/cobaya_packages/code/planck/clipy/clipy/smica.py:311: RuntimeWarning: divide by zero encountered in matmul
  lkl = -.5 * delta.T @ (self.siginv @ delta)
/Users/matthewsmawfield/www/Temporal Equivalence Principle/TEP-HC/data/external/cobaya_packages/code/planck/clipy/clipy/smica.py:311: RuntimeWarning: overflow encountered in matmul
  lkl = -.5 * delta.T @ (self.siginv @ delta)
/Users/matthewsmawfield/www/Temporal Equivalence Principle/TEP-HC/data/external/cobaya_packages/code/planck/clipy/clipy/smica.py:311: RuntimeWarning: invalid value encountered in matmul
  lkl = -.5 * delta.T @ (self.siginv @ delta)
[mcmc] Progress @ 2026-06-23 15:24:09 : 25063 steps taken, and 3998 accepted.
/Users/matthewsmawfield/www/Temporal Equivalence Principle/TEP-HC/data/external/cobaya_packages/code/planck/clipy/clipy/smica.py:311: RuntimeWarning: divide by zero encountered in matmul
  lkl = -.5 * delta.T @ (self.siginv @ delta)
/Users/matthewsmawfield/www/Temporal Equivalence Principle/TEP-HC/data/external/cobaya_packages/code/planck/clipy/clipy/smica.py:311: RuntimeWarning: overflow encountered in matmul
  lkl = -.5 * delta.T @ (self.siginv @ delta)
/Users/matthewsmawfield/www/Temporal Equivalence Principle/TEP-HC/data/external/cobaya_packages/code/planck/clipy/clipy/smica.py:311: RuntimeWarning: invalid value encountered in matmul
  lkl = -.5 * delta.T @ (self.siginv @ delta)
[mcmc] Progress @ 2026-06-23 15:25:00 : 27173 steps taken, and 4228 accepted.
/Users/matthewsmawfield/www/Temporal Equivalence Principle/TEP-HC/data/external/cobaya_packages/code/planck/clipy/clipy/smica.py:311: RuntimeWarning: divide by zero encountered in matmul
  lkl = -.5 * delta.T @ (self.siginv @ delta)
/Users/matthewsmawfield/www/Temporal Equivalence Principle/TEP-HC/data/external/cobaya_packages/code/planck/clipy/clipy/smica.py:311: RuntimeWarning: overflow encountered in matmul
  lkl = -.5 * delta.T @ (self.siginv @ delta)
/Users/matthewsmawfield/www/Temporal Equivalence Principle/TEP-HC/data/external/cobaya_packages/code/planck/clipy/clipy/smica.py:311: RuntimeWarning: invalid value encountered in matmul
  lkl = -.5 * delta.T @ (self.siginv @ delta)
[mcmc] Progress @ 2026-06-23 15:25:08 : 30140 steps taken, and 4685 accepted.
/Users/matthewsmawfield/www/Temporal Equivalence Principle/TEP-HC/data/external/cobaya_packages/code/planck/clipy/clipy/smica.py:311: RuntimeWarning: divide by zero encountered in matmul
  lkl = -.5 * delta.T @ (self.siginv @ delta)
/Users/matthewsmawfield/www/Temporal Equivalence Principle/TEP-HC/data/external/cobaya_packages/code/planck/clipy/clipy/smica.py:311: RuntimeWarning: overflow encountered in matmul
  lkl = -.5 * delta.T @ (self.siginv @ delta)
/Users/matthewsmawfield/www/Temporal Equivalence Principle/TEP-HC/data/external/cobaya_packages/code/planck/clipy/clipy/smica.py:311: RuntimeWarning: invalid value encountered in matmul
  lkl = -.5 * delta.T @ (self.siginv @ delta)
[mcmc] Progress @ 2026-06-23 15:25:12 : 25422 steps taken, and 4053 accepted.
/Users/matthewsmawfield/www/Temporal Equivalence Principle/TEP-HC/data/external/cobaya_packages/code/planck/clipy/clipy/smica.py:311: RuntimeWarning: divide by zero encountered in matmul
  lkl = -.5 * delta.T @ (self.siginv @ delta)
/Users/matthewsmawfield/www/Temporal Equivalence Principle/TEP-HC/data/external/cobaya_packages/code/planck/clipy/clipy/smica.py:311: RuntimeWarning: overflow encountered in matmul
  lkl = -.5 * delta.T @ (self.siginv @ delta)
/Users/matthewsmawfield/www/Temporal Equivalence Principle/TEP-HC/data/external/cobaya_packages/code/planck/clipy/clipy/smica.py:311: RuntimeWarning: invalid value encountered in matmul
  lkl = -.5 * delta.T @ (self.siginv @ delta)
[mcmc] Progress @ 2026-06-23 15:25:12 : 23530 steps taken, and 4088 accepted.
/Users/matthewsmawfield/www/Temporal Equivalence Principle/TEP-HC/data/external/cobaya_packages/code/planck/clipy/clipy/smica.py:311: RuntimeWarning: divide by zero encountered in matmul
  lkl = -.5 * delta.T @ (self.siginv @ delta)
/Users/matthewsmawfield/www/Temporal Equivalence Principle/TEP-HC/data/external/cobaya_packages/code/planck/clipy/clipy/smica.py:311: RuntimeWarning: overflow encountered in matmul
  lkl = -.5 * delta.T @ (self.siginv @ delta)
/Users/matthewsmawfield/www/Temporal Equivalence Principle/TEP-HC/data/external/cobaya_packages/code/planck/clipy/clipy/smica.py:311: RuntimeWarning: invalid value encountered in matmul
  lkl = -.5 * delta.T @ (self.siginv @ delta)
[mcmc] Progress @ 2026-06-23 15:26:03 : 27543 steps taken, and 4291 accepted.
/Users/matthewsmawfield/www/Temporal Equivalence Principle/TEP-HC/data/external/cobaya_packages/code/planck/clipy/clipy/smica.py:311: RuntimeWarning: divide by zero encountered in matmul
  lkl = -.5 * delta.T @ (self.siginv @ delta)
/Users/matthewsmawfield/www/Temporal Equivalence Principle/TEP-HC/data/external/cobaya_packages/code/planck/clipy/clipy/smica.py:311: RuntimeWarning: overflow encountered in matmul
  lkl = -.5 * delta.T @ (self.siginv @ delta)
/Users/matthewsmawfield/www/Temporal Equivalence Principle/TEP-HC/data/external/cobaya_packages/code/planck/clipy/clipy/smica.py:311: RuntimeWarning: invalid value encountered in matmul
  lkl = -.5 * delta.T @ (self.siginv @ delta)
[mcmc] Progress @ 2026-06-23 15:26:09 : 30436 steps taken, and 4740 accepted.
/Users/matthewsmawfield/www/Temporal Equivalence Principle/TEP-HC/data/external/cobaya_packages/code/planck/clipy/clipy/smica.py:311: RuntimeWarning: divide by zero encountered in matmul
  lkl = -.5 * delta.T @ (self.siginv @ delta)
/Users/matthewsmawfield/www/Temporal Equivalence Principle/TEP-HC/data/external/cobaya_packages/code/planck/clipy/clipy/smica.py:311: RuntimeWarning: overflow encountered in matmul
  lkl = -.5 * delta.T @ (self.siginv @ delta)
/Users/matthewsmawfield/www/Temporal Equivalence Principle/TEP-HC/data/external/cobaya_packages/code/planck/clipy/clipy/smica.py:311: RuntimeWarning: invalid value encountered in matmul
  lkl = -.5 * delta.T @ (self.siginv @ delta)
[mcmc] Progress @ 2026-06-23 15:26:13 : 25752 steps taken, and 4105 accepted.
/Users/matthewsmawfield/www/Temporal Equivalence Principle/TEP-HC/data/external/cobaya_packages/code/planck/clipy/clipy/smica.py:311: RuntimeWarning: divide by zero encountered in matmul
  lkl = -.5 * delta.T @ (self.siginv @ delta)
/Users/matthewsmawfield/www/Temporal Equivalence Principle/TEP-HC/data/external/cobaya_packages/code/planck/clipy/clipy/smica.py:311: RuntimeWarning: overflow encountered in matmul
  lkl = -.5 * delta.T @ (self.siginv @ delta)
/Users/matthewsmawfield/www/Temporal Equivalence Principle/TEP-HC/data/external/cobaya_packages/code/planck/clipy/clipy/smica.py:311: RuntimeWarning: invalid value encountered in matmul
  lkl = -.5 * delta.T @ (self.siginv @ delta)
[mcmc] Progress @ 2026-06-23 15:26:14 : 23891 steps taken, and 4156 accepted.
/Users/matthewsmawfield/www/Temporal Equivalence Principle/TEP-HC/data/external/cobaya_packages/code/planck/clipy/clipy/smica.py:311: RuntimeWarning: divide by zero encountered in matmul
  lkl = -.5 * delta.T @ (self.siginv @ delta)
/Users/matthewsmawfield/www/Temporal Equivalence Principle/TEP-HC/data/external/cobaya_packages/code/planck/clipy/clipy/smica.py:311: RuntimeWarning: overflow encountered in matmul
  lkl = -.5 * delta.T @ (self.siginv @ delta)
/Users/matthewsmawfield/www/Temporal Equivalence Principle/TEP-HC/data/external/cobaya_packages/code/planck/clipy/clipy/smica.py:311: RuntimeWarning: invalid value encountered in matmul
  lkl = -.5 * delta.T @ (self.siginv @ delta)
[mcmc] Progress @ 2026-06-23 15:27:05 : 27920 steps taken, and 4350 accepted.
/Users/matthewsmawfield/www/Temporal Equivalence Principle/TEP-HC/data/external/cobaya_packages/code/planck/clipy/clipy/smica.py:311: RuntimeWarning: divide by zero encountered in matmul
  lkl = -.5 * delta.T @ (self.siginv @ delta)
/Users/matthewsmawfield/www/Temporal Equivalence Principle/TEP-HC/data/external/cobaya_packages/code/planck/clipy/clipy/smica.py:311: RuntimeWarning: overflow encountered in matmul
  lkl = -.5 * delta.T @ (self.siginv @ delta)
/Users/matthewsmawfield/www/Temporal Equivalence Principle/TEP-HC/data/external/cobaya_packages/code/planck/clipy/clipy/smica.py:311: RuntimeWarning: invalid value encountered in matmul
  lkl = -.5 * delta.T @ (self.siginv @ delta)
[mcmc] Learn + convergence test @ 4160 samples accepted.
[mcmc]  - Acceptance rate: 0.810
[mcmc]  - Convergence of means: R-1 = 6.244552 after 3328 accepted steps
[mcmc]  - Updated covariance matrix of proposal pdf.
/Users/matthewsmawfield/www/Temporal Equivalence Principle/TEP-HC/data/external/cobaya_packages/code/planck/clipy/clipy/smica.py:311: RuntimeWarning: divide by zero encountered in matmul
  lkl = -.5 * delta.T @ (self.siginv @ delta)
/Users/matthewsmawfield/www/Temporal Equivalence Principle/TEP-HC/data/external/cobaya_packages/code/planck/clipy/clipy/smica.py:311: RuntimeWarning: overflow encountered in matmul
  lkl = -.5 * delta.T @ (self.siginv @ delta)
/Users/matthewsmawfield/www/Temporal Equivalence Principle/TEP-HC/data/external/cobaya_packages/code/planck/clipy/clipy/smica.py:311: RuntimeWarning: invalid value encountered in matmul
  lkl = -.5 * delta.T @ (self.siginv @ delta)
[mcmc] Progress @ 2026-06-23 15:27:12 : 30915 steps taken, and 4817 accepted.
/Users/matthewsmawfield/www/Temporal Equivalence Principle/TEP-HC/data/external/cobaya_packages/code/planck/clipy/clipy/smica.py:311: RuntimeWarning: divide by zero encountered in matmul
  lkl = -.5 * delta.T @ (self.siginv @ delta)
/Users/matthewsmawfield/www/Temporal Equivalence Principle/TEP-HC/data/external/cobaya_packages/code/planck/clipy/clipy/smica.py:311: RuntimeWarning: overflow encountered in matmul
  lkl = -.5 * delta.T @ (self.siginv @ delta)
/Users/matthewsmawfield/www/Temporal Equivalence Principle/TEP-HC/data/external/cobaya_packages/code/planck/clipy/clipy/smica.py:311: RuntimeWarning: invalid value encountered in matmul
  lkl = -.5 * delta.T @ (self.siginv @ delta)
[mcmc] Progress @ 2026-06-23 15:27:14 : 24167 steps taken, and 4207 accepted.
/Users/matthewsmawfield/www/Temporal Equivalence Principle/TEP-HC/data/external/cobaya_packages/code/planck/clipy/clipy/smica.py:311: RuntimeWarning: divide by zero encountered in matmul
  lkl = -.5 * delta.T @ (self.siginv @ delta)
/Users/matthewsmawfield/www/Temporal Equivalence Principle/TEP-HC/data/external/cobaya_packages/code/planck/clipy/clipy/smica.py:311: RuntimeWarning: overflow encountered in matmul
  lkl = -.5 * delta.T @ (self.siginv @ delta)
/Users/matthewsmawfield/www/Temporal Equivalence Principle/TEP-HC/data/external/cobaya_packages/code/planck/clipy/clipy/smica.py:311: RuntimeWarning: invalid value encountered in matmul
  lkl = -.5 * delta.T @ (self.siginv @ delta)
[mcmc] Progress @ 2026-06-23 15:27:14 : 26099 steps taken, and 4160 accepted.
[mcmc] Progress @ 2026-06-23 15:28:07 : 28228 steps taken, and 4398 accepted.
/Users/matthewsmawfield/www/Temporal Equivalence Principle/TEP-HC/data/external/cobaya_packages/code/planck/clipy/clipy/smica.py:311: RuntimeWarning: divide by zero encountered in matmul
  lkl = -.5 * delta.T @ (self.siginv @ delta)
/Users/matthewsmawfield/www/Temporal Equivalence Principle/TEP-HC/data/external/cobaya_packages/code/planck/clipy/clipy/smica.py:311: RuntimeWarning: overflow encountered in matmul
  lkl = -.5 * delta.T @ (self.siginv @ delta)
/Users/matthewsmawfield/www/Temporal Equivalence Principle/TEP-HC/data/external/cobaya_packages/code/planck/clipy/clipy/smica.py:311: RuntimeWarning: invalid value encountered in matmul
  lkl = -.5 * delta.T @ (self.siginv @ delta)
[mcmc] Progress @ 2026-06-23 15:28:14 : 31454 steps taken, and 4903 accepted.
/Users/matthewsmawfield/www/Temporal Equivalence Principle/TEP-HC/data/external/cobaya_packages/code/planck/clipy/clipy/smica.py:311: RuntimeWarning: divide by zero encountered in matmul
  lkl = -.5 * delta.T @ (self.siginv @ delta)
/Users/matthewsmawfield/www/Temporal Equivalence Principle/TEP-HC/data/external/cobaya_packages/code/planck/clipy/clipy/smica.py:311: RuntimeWarning: overflow encountered in matmul
  lkl = -.5 * delta.T @ (self.siginv @ delta)
/Users/matthewsmawfield/www/Temporal Equivalence Principle/TEP-HC/data/external/cobaya_packages/code/planck/clipy/clipy/smica.py:311: RuntimeWarning: invalid value encountered in matmul
  lkl = -.5 * delta.T @ (self.siginv @ delta)
[mcmc] Progress @ 2026-06-23 15:28:14 : 26512 steps taken, and 4215 accepted.
/Users/matthewsmawfield/www/Temporal Equivalence Principle/TEP-HC/data/external/cobaya_packages/code/planck/clipy/clipy/smica.py:311: RuntimeWarning: divide by zero encountered in matmul
  lkl = -.5 * delta.T @ (self.siginv @ delta)
/Users/matthewsmawfield/www/Temporal Equivalence Principle/TEP-HC/data/external/cobaya_packages/code/planck/clipy/clipy/smica.py:311: RuntimeWarning: overflow encountered in matmul
  lkl = -.5 * delta.T @ (self.siginv @ delta)
/Users/matthewsmawfield/www/Temporal Equivalence Principle/TEP-HC/data/external/cobaya_packages/code/planck/clipy/clipy/smica.py:311: RuntimeWarning: invalid value encountered in matmul
  lkl = -.5 * delta.T @ (self.siginv @ delta)
[mcmc] Progress @ 2026-06-23 15:28:17 : 24508 steps taken, and 4274 accepted.
/Users/matthewsmawfield/www/Temporal Equivalence Principle/TEP-HC/data/external/cobaya_packages/code/planck/clipy/clipy/smica.py:311: RuntimeWarning: divide by zero encountered in matmul
  lkl = -.5 * delta.T @ (self.siginv @ delta)
/Users/matthewsmawfield/www/Temporal Equivalence Principle/TEP-HC/data/external/cobaya_packages/code/planck/clipy/clipy/smica.py:311: RuntimeWarning: overflow encountered in matmul
  lkl = -.5 * delta.T @ (self.siginv @ delta)
/Users/matthewsmawfield/www/Temporal Equivalence Principle/TEP-HC/data/external/cobaya_packages/code/planck/clipy/clipy/smica.py:311: RuntimeWarning: invalid value encountered in matmul
  lkl = -.5 * delta.T @ (self.siginv @ delta)
[mcmc] Progress @ 2026-06-23 15:29:10 : 28556 steps taken, and 4455 accepted.
/Users/matthewsmawfield/www/Temporal Equivalence Principle/TEP-HC/data/external/cobaya_packages/code/planck/clipy/clipy/smica.py:311: RuntimeWarning: divide by zero encountered in matmul
  lkl = -.5 * delta.T @ (self.siginv @ delta)
/Users/matthewsmawfield/www/Temporal Equivalence Principle/TEP-HC/data/external/cobaya_packages/code/planck/clipy/clipy/smica.py:311: RuntimeWarning: overflow encountered in matmul
  lkl = -.5 * delta.T @ (self.siginv @ delta)
/Users/matthewsmawfield/www/Temporal Equivalence Principle/TEP-HC/data/external/cobaya_packages/code/planck/clipy/clipy/smica.py:311: RuntimeWarning: invalid value encountered in matmul
  lkl = -.5 * delta.T @ (self.siginv @ delta)
[mcmc] Progress @ 2026-06-23 15:29:14 : 26830 steps taken, and 4268 accepted.
/Users/matthewsmawfield/www/Temporal Equivalence Principle/TEP-HC/data/external/cobaya_packages/code/planck/clipy/clipy/smica.py:311: RuntimeWarning: divide by zero encountered in matmul
  lkl = -.5 * delta.T @ (self.siginv @ delta)
/Users/matthewsmawfield/www/Temporal Equivalence Principle/TEP-HC/data/external/cobaya_packages/code/planck/clipy/clipy/smica.py:311: RuntimeWarning: overflow encountered in matmul
  lkl = -.5 * delta.T @ (self.siginv @ delta)
/Users/matthewsmawfield/www/Temporal Equivalence Principle/TEP-HC/data/external/cobaya_packages/code/planck/clipy/clipy/smica.py:311: RuntimeWarning: invalid value encountered in matmul
  lkl = -.5 * delta.T @ (self.siginv @ delta)
[mcmc] Progress @ 2026-06-23 15:29:17 : 31822 steps taken, and 4971 accepted.
/Users/matthewsmawfield/www/Temporal Equivalence Principle/TEP-HC/data/external/cobaya_packages/code/planck/clipy/clipy/smica.py:311: RuntimeWarning: divide by zero encountered in matmul
  lkl = -.5 * delta.T @ (self.siginv @ delta)
/Users/matthewsmawfield/www/Temporal Equivalence Principle/TEP-HC/data/external/cobaya_packages/code/planck/clipy/clipy/smica.py:311: RuntimeWarning: overflow encountered in matmul
  lkl = -.5 * delta.T @ (self.siginv @ delta)
/Users/matthewsmawfield/www/Temporal Equivalence Principle/TEP-HC/data/external/cobaya_packages/code/planck/clipy/clipy/smica.py:311: RuntimeWarning: invalid value encountered in matmul
  lkl = -.5 * delta.T @ (self.siginv @ delta)
[mcmc] Progress @ 2026-06-23 15:29:19 : 24740 steps taken, and 4321 accepted.
/Users/matthewsmawfield/www/Temporal Equivalence Principle/TEP-HC/data/external/cobaya_packages/code/planck/clipy/clipy/smica.py:311: RuntimeWarning: divide by zero encountered in matmul
  lkl = -.5 * delta.T @ (self.siginv @ delta)
/Users/matthewsmawfield/www/Temporal Equivalence Principle/TEP-HC/data/external/cobaya_packages/code/planck/clipy/clipy/smica.py:311: RuntimeWarning: overflow encountered in matmul
  lkl = -.5 * delta.T @ (self.siginv @ delta)
/Users/matthewsmawfield/www/Temporal Equivalence Principle/TEP-HC/data/external/cobaya_packages/code/planck/clipy/clipy/smica.py:311: RuntimeWarning: invalid value encountered in matmul
  lkl = -.5 * delta.T @ (self.siginv @ delta)
[mcmc] Reached maximum number of accepted steps allowed (5000). Stopping.
[mcmc] Sampling complete after 5000 accepted steps.
[mcmc] Progress @ 2026-06-23 15:30:12 : 29011 steps taken, and 4521 accepted.
/Users/matthewsmawfield/www/Temporal Equivalence Principle/TEP-HC/data/external/cobaya_packages/code/planck/clipy/clipy/smica.py:311: RuntimeWarning: divide by zero encountered in matmul
  lkl = -.5 * delta.T @ (self.siginv @ delta)
/Users/matthewsmawfield/www/Temporal Equivalence Principle/TEP-HC/data/external/cobaya_packages/code/planck/clipy/clipy/smica.py:311: RuntimeWarning: overflow encountered in matmul
  lkl = -.5 * delta.T @ (self.siginv @ delta)
/Users/matthewsmawfield/www/Temporal Equivalence Principle/TEP-HC/data/external/cobaya_packages/code/planck/clipy/clipy/smica.py:311: RuntimeWarning: invalid value encountered in matmul
  lkl = -.5 * delta.T @ (self.siginv @ delta)
[mcmc] Progress @ 2026-06-23 15:30:16 : 27295 steps taken, and 4334 accepted.
/Users/matthewsmawfield/www/Temporal Equivalence Principle/TEP-HC/data/external/cobaya_packages/code/planck/clipy/clipy/smica.py:311: RuntimeWarning: divide by zero encountered in matmul
  lkl = -.5 * delta.T @ (self.siginv @ delta)
/Users/matthewsmawfield/www/Temporal Equivalence Principle/TEP-HC/data/external/cobaya_packages/code/planck/clipy/clipy/smica.py:311: RuntimeWarning: overflow encountered in matmul
  lkl = -.5 * delta.T @ (self.siginv @ delta)
/Users/matthewsmawfield/www/Temporal Equivalence Principle/TEP-HC/data/external/cobaya_packages/code/planck/clipy/clipy/smica.py:311: RuntimeWarning: invalid value encountered in matmul
  lkl = -.5 * delta.T @ (self.siginv @ delta)
[mcmc] Progress @ 2026-06-23 15:30:20 : 25111 steps taken, and 4382 accepted.
/Users/matthewsmawfield/www/Temporal Equivalence Principle/TEP-HC/data/external/cobaya_packages/code/planck/clipy/clipy/smica.py:311: RuntimeWarning: divide by zero encountered in matmul
  lkl = -.5 * delta.T @ (self.siginv @ delta)
/Users/matthewsmawfield/www/Temporal Equivalence Principle/TEP-HC/data/external/cobaya_packages/code/planck/clipy/clipy/smica.py:311: RuntimeWarning: overflow encountered in matmul
  lkl = -.5 * delta.T @ (self.siginv @ delta)
/Users/matthewsmawfield/www/Temporal Equivalence Principle/TEP-HC/data/external/cobaya_packages/code/planck/clipy/clipy/smica.py:311: RuntimeWarning: invalid value encountered in matmul
  lkl = -.5 * delta.T @ (self.siginv @ delta)
[mcmc] Progress @ 2026-06-23 15:31:14 : 29569 steps taken, and 4606 accepted.
/Users/matthewsmawfield/www/Temporal Equivalence Principle/TEP-HC/data/external/cobaya_packages/code/planck/clipy/clipy/smica.py:311: RuntimeWarning: divide by zero encountered in matmul
  lkl = -.5 * delta.T @ (self.siginv @ delta)
/Users/matthewsmawfield/www/Temporal Equivalence Principle/TEP-HC/data/external/cobaya_packages/code/planck/clipy/clipy/smica.py:311: RuntimeWarning: overflow encountered in matmul
  lkl = -.5 * delta.T @ (self.siginv @ delta)
/Users/matthewsmawfield/www/Temporal Equivalence Principle/TEP-HC/data/external/cobaya_packages/code/planck/clipy/clipy/smica.py:311: RuntimeWarning: invalid value encountered in matmul
  lkl = -.5 * delta.T @ (self.siginv @ delta)
[mcmc] Progress @ 2026-06-23 15:31:16 : 27758 steps taken, and 4401 accepted.
/Users/matthewsmawfield/www/Temporal Equivalence Principle/TEP-HC/data/external/cobaya_packages/code/planck/clipy/clipy/smica.py:311: RuntimeWarning: divide by zero encountered in matmul
  lkl = -.5 * delta.T @ (self.siginv @ delta)
/Users/matthewsmawfield/www/Temporal Equivalence Principle/TEP-HC/data/external/cobaya_packages/code/planck/clipy/clipy/smica.py:311: RuntimeWarning: overflow encountered in matmul
  lkl = -.5 * delta.T @ (self.siginv @ delta)
/Users/matthewsmawfield/www/Temporal Equivalence Principle/TEP-HC/data/external/cobaya_packages/code/planck/clipy/clipy/smica.py:311: RuntimeWarning: invalid value encountered in matmul
  lkl = -.5 * delta.T @ (self.siginv @ delta)
[mcmc] Progress @ 2026-06-23 15:31:21 : 25513 steps taken, and 4453 accepted.
/Users/matthewsmawfield/www/Temporal Equivalence Principle/TEP-HC/data/external/cobaya_packages/code/planck/clipy/clipy/smica.py:311: RuntimeWarning: divide by zero encountered in matmul
  lkl = -.5 * delta.T @ (self.siginv @ delta)
/Users/matthewsmawfield/www/Temporal Equivalence Principle/TEP-HC/data/external/cobaya_packages/code/planck/clipy/clipy/smica.py:311: RuntimeWarning: overflow encountered in matmul
  lkl = -.5 * delta.T @ (self.siginv @ delta)
/Users/matthewsmawfield/www/Temporal Equivalence Principle/TEP-HC/data/external/cobaya_packages/code/planck/clipy/clipy/smica.py:311: RuntimeWarning: invalid value encountered in matmul
  lkl = -.5 * delta.T @ (self.siginv @ delta)
[mcmc] Learn + convergence test @ 4480 samples accepted.
[mcmc]  - Acceptance rate: 0.704
[mcmc]  - Convergence of means: R-1 = 16.345007 after 3584 accepted steps
[mcmc]  - Updated covariance matrix of proposal pdf.
/Users/matthewsmawfield/www/Temporal Equivalence Principle/TEP-HC/data/external/cobaya_packages/code/planck/clipy/clipy/smica.py:311: RuntimeWarning: divide by zero encountered in matmul
  lkl = -.5 * delta.T @ (self.siginv @ delta)
/Users/matthewsmawfield/www/Temporal Equivalence Principle/TEP-HC/data/external/cobaya_packages/code/planck/clipy/clipy/smica.py:311: RuntimeWarning: overflow encountered in matmul
  lkl = -.5 * delta.T @ (self.siginv @ delta)
/Users/matthewsmawfield/www/Temporal Equivalence Principle/TEP-HC/data/external/cobaya_packages/code/planck/clipy/clipy/smica.py:311: RuntimeWarning: invalid value encountered in matmul
  lkl = -.5 * delta.T @ (self.siginv @ delta)
[mcmc] Progress @ 2026-06-23 15:32:16 : 30075 steps taken, and 4673 accepted.
/Users/matthewsmawfield/www/Temporal Equivalence Principle/TEP-HC/data/external/cobaya_packages/code/planck/clipy/clipy/smica.py:311: RuntimeWarning: divide by zero encountered in matmul
  lkl = -.5 * delta.T @ (self.siginv @ delta)
/Users/matthewsmawfield/www/Temporal Equivalence Principle/TEP-HC/data/external/cobaya_packages/code/planck/clipy/clipy/smica.py:311: RuntimeWarning: overflow encountered in matmul
  lkl = -.5 * delta.T @ (self.siginv @ delta)
/Users/matthewsmawfield/www/Temporal Equivalence Principle/TEP-HC/data/external/cobaya_packages/code/planck/clipy/clipy/smica.py:311: RuntimeWarning: invalid value encountered in matmul
  lkl = -.5 * delta.T @ (self.siginv @ delta)
[mcmc] Progress @ 2026-06-23 15:32:19 : 28262 steps taken, and 4481 accepted.
/Users/matthewsmawfield/www/Temporal Equivalence Principle/TEP-HC/data/external/cobaya_packages/code/planck/clipy/clipy/smica.py:311: RuntimeWarning: divide by zero encountered in matmul
  lkl = -.5 * delta.T @ (self.siginv @ delta)
/Users/matthewsmawfield/www/Temporal Equivalence Principle/TEP-HC/data/external/cobaya_packages/code/planck/clipy/clipy/smica.py:311: RuntimeWarning: overflow encountered in matmul
  lkl = -.5 * delta.T @ (self.siginv @ delta)
/Users/matthewsmawfield/www/Temporal Equivalence Principle/TEP-HC/data/external/cobaya_packages/code/planck/clipy/clipy/smica.py:311: RuntimeWarning: invalid value encountered in matmul
  lkl = -.5 * delta.T @ (self.siginv @ delta)
[mcmc] Progress @ 2026-06-23 15:32:21 : 25869 steps taken, and 4524 accepted.
/Users/matthewsmawfield/www/Temporal Equivalence Principle/TEP-HC/data/external/cobaya_packages/code/planck/clipy/clipy/smica.py:311: RuntimeWarning: divide by zero encountered in matmul
  lkl = -.5 * delta.T @ (self.siginv @ delta)
/Users/matthewsmawfield/www/Temporal Equivalence Principle/TEP-HC/data/external/cobaya_packages/code/planck/clipy/clipy/smica.py:311: RuntimeWarning: overflow encountered in matmul
  lkl = -.5 * delta.T @ (self.siginv @ delta)
/Users/matthewsmawfield/www/Temporal Equivalence Principle/TEP-HC/data/external/cobaya_packages/code/planck/clipy/clipy/smica.py:311: RuntimeWarning: invalid value encountered in matmul
  lkl = -.5 * delta.T @ (self.siginv @ delta)
[mcmc] Progress @ 2026-06-23 15:33:16 : 30492 steps taken, and 4736 accepted.
/Users/matthewsmawfield/www/Temporal Equivalence Principle/TEP-HC/data/external/cobaya_packages/code/planck/clipy/clipy/smica.py:311: RuntimeWarning: divide by zero encountered in matmul
  lkl = -.5 * delta.T @ (self.siginv @ delta)
/Users/matthewsmawfield/www/Temporal Equivalence Principle/TEP-HC/data/external/cobaya_packages/code/planck/clipy/clipy/smica.py:311: RuntimeWarning: overflow encountered in matmul
  lkl = -.5 * delta.T @ (self.siginv @ delta)
/Users/matthewsmawfield/www/Temporal Equivalence Principle/TEP-HC/data/external/cobaya_packages/code/planck/clipy/clipy/smica.py:311: RuntimeWarning: invalid value encountered in matmul
  lkl = -.5 * delta.T @ (self.siginv @ delta)
[mcmc] Progress @ 2026-06-23 15:33:19 : 28773 steps taken, and 4563 accepted.
/Users/matthewsmawfield/www/Temporal Equivalence Principle/TEP-HC/data/external/cobaya_packages/code/planck/clipy/clipy/smica.py:311: RuntimeWarning: divide by zero encountered in matmul
  lkl = -.5 * delta.T @ (self.siginv @ delta)
/Users/matthewsmawfield/www/Temporal Equivalence Principle/TEP-HC/data/external/cobaya_packages/code/planck/clipy/clipy/smica.py:311: RuntimeWarning: overflow encountered in matmul
  lkl = -.5 * delta.T @ (self.siginv @ delta)
/Users/matthewsmawfield/www/Temporal Equivalence Principle/TEP-HC/data/external/cobaya_packages/code/planck/clipy/clipy/smica.py:311: RuntimeWarning: invalid value encountered in matmul
  lkl = -.5 * delta.T @ (self.siginv @ delta)
[mcmc] Progress @ 2026-06-23 15:33:22 : 26214 steps taken, and 4589 accepted.
/Users/matthewsmawfield/www/Temporal Equivalence Principle/TEP-HC/data/external/cobaya_packages/code/planck/clipy/clipy/smica.py:311: RuntimeWarning: divide by zero encountered in matmul
  lkl = -.5 * delta.T @ (self.siginv @ delta)
/Users/matthewsmawfield/www/Temporal Equivalence Principle/TEP-HC/data/external/cobaya_packages/code/planck/clipy/clipy/smica.py:311: RuntimeWarning: overflow encountered in matmul
  lkl = -.5 * delta.T @ (self.siginv @ delta)
/Users/matthewsmawfield/www/Temporal Equivalence Principle/TEP-HC/data/external/cobaya_packages/code/planck/clipy/clipy/smica.py:311: RuntimeWarning: invalid value encountered in matmul
  lkl = -.5 * delta.T @ (self.siginv @ delta)
[mcmc] Progress @ 2026-06-23 15:34:18 : 31000 steps taken, and 4810 accepted.
/Users/matthewsmawfield/www/Temporal Equivalence Principle/TEP-HC/data/external/cobaya_packages/code/planck/clipy/clipy/smica.py:311: RuntimeWarning: divide by zero encountered in matmul
  lkl = -.5 * delta.T @ (self.siginv @ delta)
/Users/matthewsmawfield/www/Temporal Equivalence Principle/TEP-HC/data/external/cobaya_packages/code/planck/clipy/clipy/smica.py:311: RuntimeWarning: overflow encountered in matmul
  lkl = -.5 * delta.T @ (self.siginv @ delta)
/Users/matthewsmawfield/www/Temporal Equivalence Principle/TEP-HC/data/external/cobaya_packages/code/planck/clipy/clipy/smica.py:311: RuntimeWarning: invalid value encountered in matmul
  lkl = -.5 * delta.T @ (self.siginv @ delta)
[mcmc] Progress @ 2026-06-23 15:34:20 : 29170 steps taken, and 4629 accepted.
/Users/matthewsmawfield/www/Temporal Equivalence Principle/TEP-HC/data/external/cobaya_packages/code/planck/clipy/clipy/smica.py:311: RuntimeWarning: divide by zero encountered in matmul
  lkl = -.5 * delta.T @ (self.siginv @ delta)
/Users/matthewsmawfield/www/Temporal Equivalence Principle/TEP-HC/data/external/cobaya_packages/code/planck/clipy/clipy/smica.py:311: RuntimeWarning: overflow encountered in matmul
  lkl = -.5 * delta.T @ (self.siginv @ delta)
/Users/matthewsmawfield/www/Temporal Equivalence Principle/TEP-HC/data/external/cobaya_packages/code/planck/clipy/clipy/smica.py:311: RuntimeWarning: invalid value encountered in matmul
  lkl = -.5 * delta.T @ (self.siginv @ delta)
[mcmc] Progress @ 2026-06-23 15:34:22 : 26568 steps taken, and 4658 accepted.
/Users/matthewsmawfield/www/Temporal Equivalence Principle/TEP-HC/data/external/cobaya_packages/code/planck/clipy/clipy/smica.py:311: RuntimeWarning: divide by zero encountered in matmul
  lkl = -.5 * delta.T @ (self.siginv @ delta)
/Users/matthewsmawfield/www/Temporal Equivalence Principle/TEP-HC/data/external/cobaya_packages/code/planck/clipy/clipy/smica.py:311: RuntimeWarning: overflow encountered in matmul
  lkl = -.5 * delta.T @ (self.siginv @ delta)
/Users/matthewsmawfield/www/Temporal Equivalence Principle/TEP-HC/data/external/cobaya_packages/code/planck/clipy/clipy/smica.py:311: RuntimeWarning: invalid value encountered in matmul
  lkl = -.5 * delta.T @ (self.siginv @ delta)
[mcmc] Progress @ 2026-06-23 15:35:20 : 31497 steps taken, and 4883 accepted.
/Users/matthewsmawfield/www/Temporal Equivalence Principle/TEP-HC/data/external/cobaya_packages/code/planck/clipy/clipy/smica.py:311: RuntimeWarning: divide by zero encountered in matmul
  lkl = -.5 * delta.T @ (self.siginv @ delta)
/Users/matthewsmawfield/www/Temporal Equivalence Principle/TEP-HC/data/external/cobaya_packages/code/planck/clipy/clipy/smica.py:311: RuntimeWarning: overflow encountered in matmul
  lkl = -.5 * delta.T @ (self.siginv @ delta)
/Users/matthewsmawfield/www/Temporal Equivalence Principle/TEP-HC/data/external/cobaya_packages/code/planck/clipy/clipy/smica.py:311: RuntimeWarning: invalid value encountered in matmul
  lkl = -.5 * delta.T @ (self.siginv @ delta)
[mcmc] Progress @ 2026-06-23 15:35:22 : 26942 steps taken, and 4729 accepted.
[mcmc] Progress @ 2026-06-23 15:35:23 : 29684 steps taken, and 4713 accepted.
/Users/matthewsmawfield/www/Temporal Equivalence Principle/TEP-HC/data/external/cobaya_packages/code/planck/clipy/clipy/smica.py:311: RuntimeWarning: divide by zero encountered in matmul
  lkl = -.5 * delta.T @ (self.siginv @ delta)
/Users/matthewsmawfield/www/Temporal Equivalence Principle/TEP-HC/data/external/cobaya_packages/code/planck/clipy/clipy/smica.py:311: RuntimeWarning: overflow encountered in matmul
  lkl = -.5 * delta.T @ (self.siginv @ delta)
/Users/matthewsmawfield/www/Temporal Equivalence Principle/TEP-HC/data/external/cobaya_packages/code/planck/clipy/clipy/smica.py:311: RuntimeWarning: invalid value encountered in matmul
  lkl = -.5 * delta.T @ (self.siginv @ delta)
/Users/matthewsmawfield/www/Temporal Equivalence Principle/TEP-HC/data/external/cobaya_packages/code/planck/clipy/clipy/smica.py:311: RuntimeWarning: divide by zero encountered in matmul
  lkl = -.5 * delta.T @ (self.siginv @ delta)
/Users/matthewsmawfield/www/Temporal Equivalence Principle/TEP-HC/data/external/cobaya_packages/code/planck/clipy/clipy/smica.py:311: RuntimeWarning: overflow encountered in matmul
  lkl = -.5 * delta.T @ (self.siginv @ delta)
/Users/matthewsmawfield/www/Temporal Equivalence Principle/TEP-HC/data/external/cobaya_packages/code/planck/clipy/clipy/smica.py:311: RuntimeWarning: invalid value encountered in matmul
  lkl = -.5 * delta.T @ (self.siginv @ delta)
[mcmc] Learn + convergence test @ 4960 samples accepted.
[mcmc]  - Acceptance rate: 0.776
[mcmc]  - Convergence of means: R-1 = 20.152065 after 3968 accepted steps
[mcmc]  - Updated covariance matrix of proposal pdf.
/Users/matthewsmawfield/www/Temporal Equivalence Principle/TEP-HC/data/external/cobaya_packages/code/planck/clipy/clipy/smica.py:311: RuntimeWarning: divide by zero encountered in matmul
  lkl = -.5 * delta.T @ (self.siginv @ delta)
/Users/matthewsmawfield/www/Temporal Equivalence Principle/TEP-HC/data/external/cobaya_packages/code/planck/clipy/clipy/smica.py:311: RuntimeWarning: overflow encountered in matmul
  lkl = -.5 * delta.T @ (self.siginv @ delta)
/Users/matthewsmawfield/www/Temporal Equivalence Principle/TEP-HC/data/external/cobaya_packages/code/planck/clipy/clipy/smica.py:311: RuntimeWarning: invalid value encountered in matmul
  lkl = -.5 * delta.T @ (self.siginv @ delta)
[mcmc] Progress @ 2026-06-23 15:36:20 : 31996 steps taken, and 4963 accepted.
/Users/matthewsmawfield/www/Temporal Equivalence Principle/TEP-HC/data/external/cobaya_packages/code/planck/clipy/clipy/smica.py:311: RuntimeWarning: divide by zero encountered in matmul
  lkl = -.5 * delta.T @ (self.siginv @ delta)
/Users/matthewsmawfield/www/Temporal Equivalence Principle/TEP-HC/data/external/cobaya_packages/code/planck/clipy/clipy/smica.py:311: RuntimeWarning: overflow encountered in matmul
  lkl = -.5 * delta.T @ (self.siginv @ delta)
/Users/matthewsmawfield/www/Temporal Equivalence Principle/TEP-HC/data/external/cobaya_packages/code/planck/clipy/clipy/smica.py:311: RuntimeWarning: invalid value encountered in matmul
  lkl = -.5 * delta.T @ (self.siginv @ delta)
[mcmc] Progress @ 2026-06-23 15:36:23 : 27305 steps taken, and 4805 accepted.
/Users/matthewsmawfield/www/Temporal Equivalence Principle/TEP-HC/data/external/cobaya_packages/code/planck/clipy/clipy/smica.py:311: RuntimeWarning: divide by zero encountered in matmul
  lkl = -.5 * delta.T @ (self.siginv @ delta)
/Users/matthewsmawfield/www/Temporal Equivalence Principle/TEP-HC/data/external/cobaya_packages/code/planck/clipy/clipy/smica.py:311: RuntimeWarning: overflow encountered in matmul
  lkl = -.5 * delta.T @ (self.siginv @ delta)
/Users/matthewsmawfield/www/Temporal Equivalence Principle/TEP-HC/data/external/cobaya_packages/code/planck/clipy/clipy/smica.py:311: RuntimeWarning: invalid value encountered in matmul
  lkl = -.5 * delta.T @ (self.siginv @ delta)
[mcmc] Progress @ 2026-06-23 15:36:23 : 30134 steps taken, and 4787 accepted.
/Users/matthewsmawfield/www/Temporal Equivalence Principle/TEP-HC/data/external/cobaya_packages/code/planck/clipy/clipy/smica.py:311: RuntimeWarning: divide by zero encountered in matmul
  lkl = -.5 * delta.T @ (self.siginv @ delta)
/Users/matthewsmawfield/www/Temporal Equivalence Principle/TEP-HC/data/external/cobaya_packages/code/planck/clipy/clipy/smica.py:311: RuntimeWarning: overflow encountered in matmul
  lkl = -.5 * delta.T @ (self.siginv @ delta)
/Users/matthewsmawfield/www/Temporal Equivalence Principle/TEP-HC/data/external/cobaya_packages/code/planck/clipy/clipy/smica.py:311: RuntimeWarning: invalid value encountered in matmul
  lkl = -.5 * delta.T @ (self.siginv @ delta)
[mcmc] Reached maximum number of accepted steps allowed (5000). Stopping.
[mcmc] Sampling complete after 5000 accepted steps.
[mcmc] Progress @ 2026-06-23 15:37:24 : 27883 steps taken, and 4914 accepted.
/Users/matthewsmawfield/www/Temporal Equivalence Principle/TEP-HC/data/external/cobaya_packages/code/planck/clipy/clipy/smica.py:311: RuntimeWarning: divide by zero encountered in matmul
  lkl = -.5 * delta.T @ (self.siginv @ delta)
/Users/matthewsmawfield/www/Temporal Equivalence Principle/TEP-HC/data/external/cobaya_packages/code/planck/clipy/clipy/smica.py:311: RuntimeWarning: overflow encountered in matmul
  lkl = -.5 * delta.T @ (self.siginv @ delta)
/Users/matthewsmawfield/www/Temporal Equivalence Principle/TEP-HC/data/external/cobaya_packages/code/planck/clipy/clipy/smica.py:311: RuntimeWarning: invalid value encountered in matmul
  lkl = -.5 * delta.T @ (self.siginv @ delta)
[mcmc] Progress @ 2026-06-23 15:37:24 : 30886 steps taken, and 4911 accepted.
/Users/matthewsmawfield/www/Temporal Equivalence Principle/TEP-HC/data/external/cobaya_packages/code/planck/clipy/clipy/smica.py:311: RuntimeWarning: divide by zero encountered in matmul
  lkl = -.5 * delta.T @ (self.siginv @ delta)
/Users/matthewsmawfield/www/Temporal Equivalence Principle/TEP-HC/data/external/cobaya_packages/code/planck/clipy/clipy/smica.py:311: RuntimeWarning: overflow encountered in matmul
  lkl = -.5 * delta.T @ (self.siginv @ delta)
/Users/matthewsmawfield/www/Temporal Equivalence Principle/TEP-HC/data/external/cobaya_packages/code/planck/clipy/clipy/smica.py:311: RuntimeWarning: invalid value encountered in matmul
  lkl = -.5 * delta.T @ (self.siginv @ delta)
[mcmc] Reached maximum number of accepted steps allowed (5000). Stopping.
[mcmc] Sampling complete after 5000 accepted steps.
[mcmc] Reached maximum number of accepted steps allowed (5000). Stopping.
[mcmc] Sampling complete after 5000 accepted steps.
[15:38:06] [PROCESS] All 4 chains finished. Computing combined convergence...
[15:38:06] [ERROR] Cobaya MCMC finished but did NOT converge (R-1 = 1.82 >> 0.02, 4 chains)
[15:38:06] [WARNING] Step step_03_04_cobaya_mcmc completed with status: blocked
