z,time_dilation_factor,photon_energy_factor,arrival_rate_factor,angular_area_factor_integrable_limit,tolman_surface_brightness_factor
0.01016,1.01016,0.989942187,0.989942187,0.979985534,0.96037164753
0.01017,1.01017,0.989932388,0.989932388,0.979966132,0.960333619975
0.01017,1.01017,0.989932388,0.989932388,0.979966132,0.960333619975
0.01026,1.01026,0.989844199,0.989844199,0.979791537,0.959991456663
0.01026,1.01026,0.989844199,0.989844199,0.979791537,0.959991456663
0.01028,1.01028,0.989824603,0.989824603,0.979752745,0.959915441067
0.01042,1.01042,0.989687457,0.989687457,0.979481262,0.959383542514
0.01044,1.01044,0.989667867,0.989667867,0.979442488,0.959307587084
0.01061,1.01061,0.98950139,0.98950139,0.979113001,0.958662269326
0.01061,1.01061,0.98950139,0.98950139,0.979113001,0.958662269326
0.01073,1.01073,0.989383911,0.989383911,0.978880523,0.958207077586
0.01079,1.01079,0.989325181,0.989325181,0.978764314,0.95797958303
0.01079,1.01079,0.989325181,0.989325181,0.978764314,0.95797958303
0.01096,1.01096,0.989158819,0.989158819,0.97843517,0.957335381655
0.01114,1.01114,0.988982732,0.988982732,0.978086845,0.956653876184
0.01114,1.01114,0.988982732,0.988982732,0.978086845,0.956653876184
0.01122,1.01122,0.988904492,0.988904492,0.977932094,0.956351179527
0.01122,1.01122,0.988904492,0.988904492,0.977932094,0.956351179527
0.01122,1.01122,0.988904492,0.988904492,0.977932094,0.956351179527
0.01155,1.01155,0.988581879,0.988581879,0.977294132,0.955103820576
0.01195,1.01195,0.988191116,0.988191116,0.976521682,0.953594595536
0.01213,1.01213,0.988015374,0.988015374,0.976174378,0.95291641687
0.0122,1.0122,0.987947046,0.987947046,0.976039366,0.952652843544
0.01233,1.01233,0.987820177,0.987820177,0.975788703,0.952163591952
0.01246,1.01246,0.987693341,0.987693341,0.975538136,0.951674654399
0.01258,1.01258,0.98757629,0.98757629,0.975306929,0.951223605951
0.01258,1.01258,0.98757629,0.98757629,0.975306929,0.951223605951
0.01259,1.01259,0.987566537,0.987566537,0.975287666,0.951186030644
0.01259,1.01259,0.987566537,0.987566537,0.975287666,0.951186030644
0.01279,1.01279,0.987371518,0.987371518,0.974902515,0.950434913973
0.01283,1.01283,0.987332524,0.987332524,0.974825512,0.950284779619
0.01283,1.01283,0.987332524,0.987332524,0.974825512,0.950284779619
0.01303,1.01303,0.987137597,0.987137597,0.974440636,0.949534552362
0.01303,1.01303,0.987137597,0.987137597,0.974440636,0.949534552362
0.01304,1.01304,0.987127853,0.987127853,0.974421398,0.949497060437
0.01304,1.01304,0.987127853,0.987127853,0.974421398,0.949497060437
0.01312,1.01312,0.987049905,0.987049905,0.974267515,0.949197191643
0.01312,1.01312,0.987049905,0.987049905,0.974267515,0.949197191643
0.01325,1.01325,0.986923267,0.986923267,0.974017534,0.94871015729
0.01325,1.01325,0.986923267,0.986923267,0.974017534,0.94871015729
0.01325,1.01325,0.986923267,0.986923267,0.974017534,0.94871015729
0.01375,1.01375,0.986436498,0.986436498,0.973056965,0.946839856908
0.01375,1.01375,0.986436498,0.986436498,0.973056965,0.946839856908
0.01375,1.01375,0.986436498,0.986436498,0.973056965,0.946839856908
0.01376,1.01376,0.986426768,0.986426768,0.973037768,0.946802497933
0.01386,1.01386,0.986329473,0.986329473,0.97284583,0.946429009512
0.01388,1.01388,0.986310017,0.986310017,0.97280745,0.946354333928
0.01389,1.01389,0.986300289,0.986300289,0.97278826,0.946316998899
0.01389,1.01389,0.986300289,0.986300289,0.97278826,0.946316998899
0.01411,1.01411,0.986086322,0.986086322,0.972366234,0.945496093857
0.01424,1.01424,0.985959931,0.985959931,0.972116985,0.945011431993
0.01442,1.01442,0.985784981,0.985784981,0.971772028,0.944340874281
0.01442,1.01442,0.985784981,0.985784981,0.971772028,0.944340874281
0.01442,1.01442,0.985784981,0.985784981,0.971772028,0.944340874281
0.01442,1.01442,0.985784981,0.985784981,0.971772028,0.944340874281
0.01442,1.01442,0.985784981,0.985784981,0.971772028,0.944340874281
0.01446,1.01446,0.985746111,0.985746111,0.971695396,0.944191942235
0.0145,1.0145,0.985707245,0.985707245,0.971618773,0.944043039548
0.01453,1.01453,0.985678097,0.985678097,0.971561311,0.943931381795
0.0146,1.0146,0.985610093,0.985610093,0.971427255,0.943670911229
0.01462,1.01462,0.985590664,0.985590664,0.971388958,0.94359650757
0.01463,1.01463,0.985580951,0.985580951,0.97136981,0.94355930849
0.01463,1.01463,0.985580951,0.985580951,0.97136981,0.94355930849
0.01467,1.01467,0.985542097,0.985542097,0.971293226,0.943410530501
0.01472,1.01472,0.985493535,0.985493535,0.971197508,0.943224599248
0.01484,1.01484,0.985377005,0.985377005,0.970967842,0.942778551092
0.01492,1.01492,0.985299334,0.985299334,0.970814777,0.942481332131
0.01493,1.01493,0.985289626,0.985289626,0.970795647,0.942444187997
0.01499,1.01499,0.985231382,0.985231382,0.970680875,0.942221361614
0.01499,1.01499,0.985231382,0.985231382,0.970680875,0.942221361614
0.01515,1.01515,0.985076097,0.985076097,0.970374917,0.941627479803
0.01519,1.01519,0.985037284,0.985037284,0.97029845,0.941479082466
0.01525,1.01525,0.984979069,0.984979069,0.970183767,0.941256541269
0.01529,1.01529,0.984940263,0.984940263,0.970107322,0.941108217
0.01542,1.01542,0.984814166,0.984814166,0.969858941,0.940626364858
0.01543,1.01543,0.984804467,0.984804467,0.969839838,0.940589312084
0.01546,1.01546,0.984775373,0.984775373,0.969782535,0.940478164707
0.01549,1.01549,0.98474628,0.98474628,0.969725236,0.940367033746
0.0155,1.0155,0.984736583,0.984736583,0.969706138,0.940329993741
0.0155,1.0155,0.984736583,0.984736583,0.969706138,0.940329993741
0.0155,1.0155,0.984736583,0.984736583,0.969706138,0.940329993741
0.0155,1.0155,0.984736583,0.984736583,0.969706138,0.940329993741
0.01557,1.01557,0.984668708,0.984668708,0.969572465,0.940070764758
0.01557,1.01557,0.984668708,0.984668708,0.969572465,0.940070764758
0.01562,1.01562,0.984620232,0.984620232,0.969477001,0.93988565589
0.01562,1.01562,0.984620232,0.984620232,0.969477001,0.93988565589
0.01565,1.01565,0.984591149,0.984591149,0.96941973,0.939774612438
0.01576,1.01576,0.984484524,0.984484524,0.969209778,0.939367593393
0.01578,1.01578,0.98446514,0.98446514,0.969171612,0.939293613606
0.01578,1.01578,0.98446514,0.98446514,0.969171612,0.939293613606
0.01581,1.01581,0.984436066,0.984436066,0.969114368,0.93918265758
0.01581,1.01581,0.984436066,0.984436066,0.969114368,0.93918265758
0.01587,1.01587,0.984377922,0.984377922,0.968999894,0.938960794675
0.01588,1.01588,0.984368232,0.984368232,0.968980817,0.938923823894
0.0159,1.0159,0.984348853,0.984348853,0.968942665,0.93884988779
0.0159,1.0159,0.984348853,0.984348853,0.968942665,0.93884988779
0.0159,1.0159,0.984348853,0.984348853,0.968942665,0.93884988779
0.01603,1.01603,0.984222907,0.984222907,0.96869473,0.938369480468
0.01652,1.01652,0.983748475,0.983748475,0.967761062,0.936561473972
0.01652,1.01652,0.983748475,0.983748475,0.967761062,0.936561473972
0.01656,1.01656,0.983709766,0.983709766,0.967684904,0.936414073925
0.01657,1.01657,0.98370009,0.98370009,0.967665866,0.936377228444
0.01662,1.01662,0.983651709,0.983651709,0.967570684,0.936193028222
0.01666,1.01666,0.983613007,0.983613007,0.967494548,0.936045700655
0.01671,1.01671,0.983564635,0.983564635,0.967399391,0.935861581948
0.01678,1.01678,0.983496922,0.983496922,0.967266195,0.935603891804
0.01682,1.01682,0.983458233,0.983458233,0.967190095,0.935456680115
0.01682,1.01682,0.983458233,0.983458233,0.967190095,0.935456680115
0.01682,1.01682,0.983458233,0.983458233,0.967190095,0.935456680115
0.0169,1.0169,0.983380863,0.983380863,0.967037923,0.935162343588
0.0169,1.0169,0.983380863,0.983380863,0.967037923,0.935162343588
0.01692,1.01692,0.983361523,0.983361523,0.966999885,0.935088777545
0.01698,1.01698,0.983303506,0.983303506,0.966885786,0.934868122815
0.01699,1.01699,0.983293838,0.983293838,0.966866771,0.934831353355
0.01705,1.01705,0.983235829,0.983235829,0.966752696,0.934610774552
0.01718,1.01718,0.983110167,0.983110167,0.966505601,0.934133076955
0.01718,1.01718,0.983110167,0.983110167,0.966505601,0.934133076955
0.0172,1.0172,0.983090838,0.983090838,0.966467595,0.934059612108
0.0173,1.0173,0.9829942,0.9829942,0.966277598,0.933692396185
0.0173,1.0173,0.9829942,0.9829942,0.966277598,0.933692396185
0.01733,1.01733,0.982965213,0.982965213,0.96622061,0.9335822666
0.01733,1.01733,0.982965213,0.982965213,0.96622061,0.9335822666
0.01734,1.01734,0.982955551,0.982955551,0.966201615,0.933545560346
0.01737,1.01737,0.982926566,0.982926566,0.966144633,0.933435452409
0.01737,1.01737,0.982926566,0.982926566,0.966144633,0.933435452409
0.01743,1.01743,0.9828686,0.9828686,0.966030685,0.93321528523
0.01747,1.01747,0.982829961,0.982829961,0.965954731,0.933068543173
0.01747,1.01747,0.982829961,0.982829961,0.965954731,0.933068543173
0.01752,1.01752,0.982781665,0.982781665,0.965859802,0.932885156159
0.01776,1.01776,0.982549914,0.982549914,0.965404333,0.932005525381
0.01778,1.01778,0.982530606,0.982530606,0.965366391,0.931932269624
0.01778,1.01778,0.982530606,0.982530606,0.965366391,0.931932269624
0.01784,1.01784,0.982472687,0.982472687,0.965252581,0.931712545534
0.01784,1.01784,0.982472687,0.982472687,0.965252581,0.931712545534
0.0179,1.0179,0.982414776,0.982414776,0.965138791,0.931492886195
0.01802,1.01802,0.982298973,0.982298973,0.964911271,0.931053761684
0.01808,1.01808,0.982241081,0.982241081,0.964797542,0.930834296465
0.01826,1.01826,0.982067448,0.982067448,0.964456473,0.930176288682
0.01826,1.01826,0.982067448,0.982067448,0.964456473,0.930176288682
0.01839,1.01839,0.981942085,0.981942085,0.964210258,0.929701422411
0.01855,1.01855,0.981787836,0.981787836,0.963907354,0.929117387534
0.01855,1.01855,0.981787836,0.981787836,0.963907354,0.929117387534
0.01865,1.01865,0.981691454,0.981691454,0.963718112,0.928752598616
0.01865,1.01865,0.981691454,0.981691454,0.963718112,0.928752598616
0.01866,1.01866,0.981681817,0.981681817,0.96369919,0.928716129571
0.01875,1.01875,0.981595092,0.981595092,0.963528925,0.928387988708
0.01875,1.01875,0.981595092,0.981595092,0.963528925,0.928387988708
0.01905,1.01905,0.981306118,0.981306118,0.962961698,0.927295231998
0.01947,1.01947,0.980901841,0.980901841,0.962168422,0.925768072249
0.01947,1.01947,0.980901841,0.980901841,0.962168422,0.925768072249
0.01975,1.01975,0.980632508,0.980632508,0.961640116,0.924751712091
0.01975,1.01975,0.980632508,0.980632508,0.961640116,0.924751712091
0.01976,1.01976,0.980622892,0.980622892,0.961621256,0.924715439316
0.01995,1.01995,0.980440218,0.980440218,0.96126302,0.92402659439
0.02001,1.02001,0.980382545,0.980382545,0.961149935,0.923809197682
0.02006,1.02006,0.98033449,0.98033449,0.961055713,0.923628082595
0.02019,1.02019,0.980209569,0.980209569,0.960810799,0.923157391049
0.02019,1.02019,0.980209569,0.980209569,0.960810799,0.923157391049
0.02023,1.02023,0.980171138,0.980171138,0.96073546,0.923012623207
0.02023,1.02023,0.980171138,0.980171138,0.96073546,0.923012623207
0.02023,1.02023,0.980171138,0.980171138,0.96073546,0.923012623207
0.02023,1.02023,0.980171138,0.980171138,0.96073546,0.923012623207
0.02024,1.02024,0.980161531,0.980161531,0.960716626,0.92297643568
0.02034,1.02034,0.980065468,0.980065468,0.960528322,0.922614657936
0.02034,1.02034,0.980065468,0.980065468,0.960528322,0.922614657936
0.02035,1.02035,0.980055863,0.980055863,0.960509495,0.922578489912
0.02035,1.02035,0.980055863,0.980055863,0.960509495,0.922578489912
0.02035,1.02035,0.980055863,0.980055863,0.960509495,0.922578489912
0.02044,1.02044,0.979969425,0.979969425,0.960340074,0.922253057432
0.02049,1.02049,0.97992141,0.97992141,0.96024597,0.922072323612
0.02052,1.02052,0.979892604,0.979892604,0.960189515,0.921963904571
0.02056,1.02056,0.979854198,0.979854198,0.960114249,0.921819370636
0.02056,1.02056,0.979854198,0.979854198,0.960114249,0.921819370636
0.02081,1.02081,0.979614228,0.979614228,0.959644036,0.920916674943
0.02082,1.02082,0.979604632,0.979604632,0.959625234,0.920880590103
0.02082,1.02082,0.979604632,0.979604632,0.959625234,0.920880590103
0.0209,1.0209,0.979527868,0.979527868,0.959474843,0.920591975006
0.02096,1.02096,0.979470302,0.979470302,0.959362073,0.920375587882
0.02106,1.02106,0.979374376,0.979374376,0.959174168,0.92001508394
0.02116,1.02116,0.979278468,0.979278468,0.958986317,0.919654756489
0.02116,1.02116,0.979278468,0.979278468,0.958986317,0.919654756489
0.02118,1.02118,0.979259288,0.979259288,0.958948754,0.919582712168
0.02118,1.02118,0.979259288,0.979259288,0.958948754,0.919582712168
0.02131,1.02131,0.979134641,0.979134641,0.958704645,0.919114596006
0.02131,1.02131,0.979134641,0.979134641,0.958704645,0.919114596006
0.02131,1.02131,0.979134641,0.979134641,0.958704645,0.919114596006
0.02134,1.02134,0.979105881,0.979105881,0.958648325,0.919006611503
0.02137,1.02137,0.979077122,0.979077122,0.958592011,0.918898642858
0.02151,1.02151,0.978942937,0.978942937,0.958329275,0.91839499878
0.02153,1.02153,0.978923771,0.978923771,0.95829175,0.918323077796
0.0217,1.0217,0.978760889,0.978760889,0.957972877,0.9177120336
0.02183,1.02183,0.978636368,0.978636368,0.957729141,0.917245107402
0.02183,1.02183,0.978636368,0.978636368,0.957729141,0.917245107402
0.02197,1.02197,0.978502304,0.978502304,0.95746676,0.91674259586
0.02198,1.02198,0.97849273,0.97849273,0.957448022,0.916706715348
0.02203,1.02203,0.97844486,0.97844486,0.957354344,0.916527339117
0.02205,1.02205,0.978425713,0.978425713,0.957316876,0.916455600909
0.02207,1.02207,0.978406567,0.978406567,0.95727941,0.916383869721
0.02215,1.02215,0.978329991,0.978329991,0.957129571,0.916097015136
0.02219,1.02219,0.978291707,0.978291707,0.957054664,0.915953629935
0.02228,1.02228,0.97820558,0.97820558,0.956886156,0.915631115786
0.02228,1.02228,0.97820558,0.97820558,0.956886156,0.915631115786
0.02231,1.02231,0.978176874,0.978176874,0.956829997,0.915523642615
0.02234,1.02234,0.97814817,0.97814817,0.956773842,0.915416185212
0.02234,1.02234,0.97814817,0.97814817,0.956773842,0.915416185212
0.02236,1.02236,0.978129035,0.978129035,0.956736409,0.915344555702
0.02239,1.02239,0.978100334,0.978100334,0.956680262,0.915237124573
0.02239,1.02239,0.978100334,0.978100334,0.956680262,0.915237124573
0.0224,1.0224,0.978090767,0.978090767,0.956661548,0.915201317699
0.0224,1.0224,0.978090767,0.978090767,0.956661548,0.915201317699
0.02241,1.02241,0.9780812,0.9780812,0.956642834,0.915165512576
0.02255,1.02255,0.977947289,0.977947289,0.956380899,0.914664424662
0.02266,1.02266,0.977842098,0.977842098,0.956175169,0.914270953304
0.0227,1.0227,0.977803853,0.977803853,0.956100374,0.91412792527
0.02273,1.02273,0.97777517,0.97777517,0.956044284,0.914020672599
0.02295,1.02295,0.977564886,0.977564886,0.955633106,0.913234633445
0.02295,1.02295,0.977564886,0.977564886,0.955633106,0.913234633445
0.02298,1.02298,0.977536218,0.977536218,0.955577057,0.913127511766
0.02298,1.02298,0.977536218,0.977536218,0.955577057,0.913127511766
0.02303,1.02303,0.977488441,0.977488441,0.955483653,0.912949010535
0.02307,1.02307,0.977450223,0.977450223,0.955408939,0.912806240954
0.02313,1.02313,0.977392902,0.977392902,0.955296885,0.912592138907
0.02316,1.02316,0.977364244,0.977364244,0.955240866,0.912485111423
0.02321,1.02321,0.977316484,0.977316484,0.955147511,0.912306767147
0.02325,1.02325,0.97727828,0.97727828,0.955072837,0.912164123098
0.02331,1.02331,0.977220979,0.977220979,0.954960842,0.911950209292
0.02331,1.02331,0.977220979,0.977220979,0.954960842,0.911950209292
0.02342,1.02342,0.977115945,0.977115945,0.954755569,0.91155819682
0.02342,1.02342,0.977115945,0.977115945,0.954755569,0.91155819682
0.02342,1.02342,0.977115945,0.977115945,0.954755569,0.91155819682
0.02343,1.02343,0.977106397,0.977106397,0.954736911,0.911522569768
0.02343,1.02343,0.977106397,0.977106397,0.954736911,0.911522569768
0.02344,1.02344,0.97709685,0.97709685,0.954718254,0.911486944457
0.02352,1.02352,0.977020478,0.977020478,0.954569015,0.911202004615
0.02354,1.02354,0.977001387,0.977001387,0.954531711,0.911130787053
0.02357,1.02357,0.976972752,0.976972752,0.954475759,0.911023973755
0.02357,1.02357,0.976972752,0.976972752,0.954475759,0.911023973755
0.02357,1.02357,0.976972752,0.976972752,0.954475759,0.911023973755
0.02365,1.02365,0.9768964,0.9768964,0.954326577,0.910739214805
0.02369,1.02369,0.976858229,0.976858229,0.954251999,0.910596877053
0.02388,1.02388,0.976676954,0.976676954,0.953897873,0.909921152344
0.0239,1.0239,0.976657877,0.976657877,0.953860608,0.909850059894
0.0239,1.0239,0.976657877,0.976657877,0.953860608,0.909850059894
0.02391,1.02391,0.976648338,0.976648338,0.953841977,0.909814516273
0.02401,1.02401,0.976552963,0.976552963,0.95365569,0.909459175503
0.02411,1.02411,0.976457607,0.976457607,0.953469458,0.909104008196
0.02411,1.02411,0.976457607,0.976457607,0.953469458,0.909104008196
0.02412,1.02412,0.976448072,0.976448072,0.953450838,0.909068501002
0.02417,1.02417,0.976400402,0.976400402,0.953357746,0.908890991032
0.02417,1.02417,0.976400402,0.976400402,0.953357746,0.908890991032
0.02428,1.02428,0.976295544,0.976295544,0.95315299,0.908500621583
0.02429,1.02429,0.976286013,0.976286013,0.953134379,0.908465143844
0.02432,1.02432,0.97625742,0.97625742,0.953078549,0.908358721019
0.02432,1.02432,0.97625742,0.97625742,0.953078549,0.908358721019
0.02432,1.02432,0.97625742,0.97625742,0.953078549,0.908358721019
0.02434,1.02434,0.976238358,0.976238358,0.953041332,0.908287781127
0.02453,1.02453,0.976057314,0.976057314,0.95268788,0.907614197422
0.02453,1.02453,0.976057314,0.976057314,0.95268788,0.907614197422
0.02453,1.02453,0.976057314,0.976057314,0.95268788,0.907614197422
0.02457,1.02457,0.976019208,0.976019208,0.952613494,0.9074724699
0.02462,1.02462,0.97597158,0.97597158,0.952520524,0.907295349397
0.02462,1.02462,0.97597158,0.97597158,0.952520524,0.907295349397
0.02462,1.02462,0.97597158,0.97597158,0.952520524,0.907295349397
0.02464,1.02464,0.97595253,0.97595253,0.95248334,0.907224513296
0.02464,1.02464,0.97595253,0.97595253,0.95248334,0.907224513296
0.02466,1.02466,0.97593348,0.97593348,0.952446158,0.907153684108
0.02491,1.02491,0.975695427,0.975695427,0.951981566,0.906268902202
0.02494,1.02494,0.975666868,0.975666868,0.951925838,0.906162800875
0.02509,1.02509,0.9755241,0.9755241,0.95164727,0.90563252709
0.0251,1.0251,0.975514584,0.975514584,0.951628703,0.905597189298
0.0251,1.0251,0.975514584,0.975514584,0.951628703,0.905597189298
0.0251,1.0251,0.975514584,0.975514584,0.951628703,0.905597189298
0.0251,1.0251,0.975514584,0.975514584,0.951628703,0.905597189298
0.02512,1.02512,0.975495552,0.975495552,0.951591571,0.905526518883
0.02513,1.02513,0.975486036,0.975486036,0.951573006,0.905491186261
0.02517,1.02517,0.975447974,0.975447974,0.951498751,0.905349873005
0.02517,1.02517,0.975447974,0.975447974,0.951498751,0.905349873005
0.02517,1.02517,0.975447974,0.975447974,0.951498751,0.905349873005
0.02519,1.02519,0.975428945,0.975428945,0.951461627,0.905279226715
0.02519,1.02519,0.975428945,0.975428945,0.951461627,0.905279226715
0.02521,1.02521,0.975409916,0.975409916,0.951424504,0.905208587315
0.02525,1.02525,0.975371861,0.975371861,0.951350266,0.905067329185
0.02525,1.02525,0.975371861,0.975371861,0.951350266,0.905067329185
0.02534,1.02534,0.975286247,0.975286247,0.951183263,0.904749599123
0.02534,1.02534,0.975286247,0.975286247,0.951183263,0.904749599123
0.02556,1.02556,0.975077031,0.975077031,0.950775217,0.903973512407
0.02557,1.02557,0.975067523,0.975067523,0.950756675,0.903938255514
0.02585,1.02585,0.974801384,0.974801384,0.950237739,0.902951759999
0.02591,1.02591,0.974744373,0.974744373,0.950126593,0.902740543214
0.02596,1.02596,0.974696869,0.974696869,0.950033987,0.902564576402
0.02598,1.02598,0.974677869,0.974677869,0.949996948,0.902494201682
0.02598,1.02598,0.974677869,0.974677869,0.949996948,0.902494201682
0.02598,1.02598,0.974677869,0.974677869,0.949996948,0.902494201682
0.02598,1.02598,0.974677869,0.974677869,0.949996948,0.902494201682
0.02626,1.02626,0.974411942,0.974411942,0.949478633,0.901509675431
0.02626,1.02626,0.974411942,0.974411942,0.949478633,0.901509675431
0.02632,1.02632,0.974354977,0.974354977,0.949367621,0.901298880211
0.02669,1.02669,0.974003838,0.974003838,0.948683476,0.900000336897
0.02691,1.02691,0.973795172,0.973795172,0.948277037,0.899229338639
0.02691,1.02691,0.973795172,0.973795172,0.948277037,0.899229338639
0.02695,1.02695,0.973757242,0.973757242,0.948203167,0.899089245851
0.02713,1.02713,0.973586596,0.973586596,0.947870859,0.898459165812
0.02714,1.02714,0.973577117,0.973577117,0.947852403,0.898424177552
0.0273,1.0273,0.973425484,0.973425484,0.947557173,0.897864596945
0.02731,1.02731,0.973416009,0.973416009,0.947538726,0.897829637625
0.02731,1.02731,0.973416009,0.973416009,0.947538726,0.897829637625
0.02731,1.02731,0.973416009,0.973416009,0.947538726,0.897829637625
0.02731,1.02731,0.973416009,0.973416009,0.947538726,0.897829637625
0.02736,1.02736,0.973368634,0.973368634,0.947446498,0.897654866543
0.0274,1.0274,0.973330738,0.973330738,0.947372725,0.897515080295
0.02741,1.02741,0.973321264,0.973321264,0.947354283,0.897480137984
0.02748,1.02748,0.973254954,0.973254954,0.947225205,0.897235589419
0.02748,1.02748,0.973254954,0.973254954,0.947225205,0.897235589419
0.02748,1.02748,0.973254954,0.973254954,0.947225205,0.897235589419
0.02773,1.02773,0.973018205,0.973018205,0.946764428,0.896362881356
0.02803,1.02803,0.972734259,0.972734259,0.946211938,0.895317031808
0.02805,1.02805,0.972715335,0.972715335,0.946175123,0.895247362753
0.0281,1.0281,0.972668028,0.972668028,0.946083093,0.89507321976
0.02816,1.02816,0.972611267,0.972611267,0.945972676,0.894864304056
0.02819,1.02819,0.972582888,0.972582888,0.945917475,0.894759869062
0.0282,1.0282,0.972573429,0.972573429,0.945899075,0.894725060783
0.02823,1.02823,0.972545053,0.972545053,0.94584388,0.894620646101
0.02823,1.02823,0.972545053,0.972545053,0.94584388,0.894620646101
0.02823,1.02823,0.972545053,0.972545053,0.94584388,0.894620646101
0.02833,1.02833,0.972450478,0.972450478,0.945659932,0.894272707148
0.02844,1.02844,0.972346466,0.972346466,0.945457651,0.893890169648
0.02844,1.02844,0.972346466,0.972346466,0.945457651,0.893890169648
0.02849,1.02849,0.972299196,0.972299196,0.945365726,0.893716356585
0.02849,1.02849,0.972299196,0.972299196,0.945365726,0.893716356585
0.02849,1.02849,0.972299196,0.972299196,0.945365726,0.893716356585
0.02849,1.02849,0.972299196,0.972299196,0.945365726,0.893716356585
0.02849,1.02849,0.972299196,0.972299196,0.945365726,0.893716356585
0.02857,1.02857,0.972223573,0.972223573,0.945218675,0.893438343547
0.02858,1.02858,0.97221412,0.97221412,0.945200296,0.893403599518
0.02866,1.02866,0.97213851,0.97213851,0.945053283,0.893125708084
0.02866,1.02866,0.97213851,0.97213851,0.945053283,0.893125708084
0.02873,1.02873,0.972072361,0.972072361,0.944924675,0.892882641706
0.02888,1.02888,0.971930643,0.971930643,0.944649175,0.892362063562
0.02898,1.02898,0.971836187,0.971836187,0.944465575,0.892015222229
0.02902,1.02902,0.97179841,0.97179841,0.94439215,0.89187653288
0.02913,1.02913,0.971694538,0.971694538,0.944190275,0.891495276128
0.02915,1.02915,0.971675655,0.971675655,0.944153578,0.891425978608
0.02917,1.02917,0.971656772,0.971656772,0.944116882,0.89135668782
0.02919,1.02919,0.97163789,0.97163789,0.944080189,0.891287403765
0.02938,1.02938,0.971458548,0.971458548,0.94373171,0.89062954087
0.02938,1.02938,0.971458548,0.971458548,0.94373171,0.89062954087
0.02944,1.02944,0.971401927,0.971401927,0.943621704,0.890421920802
0.02947,1.02947,0.971373619,0.971373619,0.943566709,0.890318133455
0.02949,1.02949,0.971354748,0.971354748,0.943530047,0.890248950291
0.0295,1.0295,0.971345313,0.971345313,0.943511718,0.89021436123
0.02953,1.02953,0.971317009,0.971317009,0.943456731,0.890110604123
0.02956,1.02956,0.971288706,0.971288706,0.94340175,0.890006862132
0.02969,1.02969,0.971166079,0.971166079,0.943163553,0.889557488115
0.02978,1.02978,0.971081202,0.971081202,0.942998701,0.889246549162
0.02978,1.02978,0.971081202,0.971081202,0.942998701,0.889246549162
0.0299,1.0299,0.970968055,0.970968055,0.942778964,0.888832175194
0.02996,1.02996,0.970911492,0.970911492,0.942669125,0.888625078722
0.03012,1.03012,0.970760688,0.970760688,0.942376314,0.888073116269
0.03012,1.03012,0.970760688,0.970760688,0.942376314,0.888073116269
0.03012,1.03012,0.970760688,0.970760688,0.942376314,0.888073116269
0.03023,1.03023,0.970657038,0.970657038,0.942175085,0.887693890665
0.03031,1.03031,0.97058167,0.97058167,0.942028777,0.887418217361
0.03036,1.03036,0.97053457,0.97053457,0.941937352,0.887245975888
0.03047,1.03047,0.970430968,0.970430968,0.941736264,0.886867191717
0.03059,1.03059,0.970317973,0.970317973,0.941516969,0.886454203131
0.03075,1.03075,0.970167354,0.970167354,0.941224695,0.88590392556
0.03076,1.03076,0.970157942,0.970157942,0.941206432,0.885869547391
0.03083,1.03083,0.970092062,0.970092062,0.941078608,0.885628946895
0.03086,1.03086,0.97006383,0.97006383,0.941023835,0.885525857403
0.03091,1.03091,0.970016781,0.970016781,0.940932556,0.885354074912
0.03096,1.03096,0.969969737,0.969969737,0.940841291,0.885182334075
0.03108,1.03108,0.969856849,0.969856849,0.940622308,0.884770325936
0.03108,1.03108,0.969856849,0.969856849,0.940622308,0.884770325936
0.03108,1.03108,0.969856849,0.969856849,0.940622308,0.884770325936
0.0311,1.0311,0.969838037,0.969838037,0.940585818,0.88470168122
0.03114,1.03114,0.969800415,0.969800415,0.940512845,0.884564411758
0.03114,1.03114,0.969800415,0.969800415,0.940512845,0.884564411758
0.03116,1.03116,0.969781605,0.969781605,0.940476362,0.884495787011
0.03117,1.03117,0.969772201,0.969772201,0.940458121,0.884461477133
0.03118,1.03118,0.969762796,0.969762796,0.940439881,0.884427168919
0.0312,1.0312,0.969743988,0.969743988,0.940403401,0.884358557481
0.0312,1.0312,0.969743988,0.969743988,0.940403401,0.884358557481
0.0312,1.0312,0.969743988,0.969743988,0.940403401,0.884358557481
0.03121,1.03121,0.969734584,0.969734584,0.940385163,0.884324254257
0.03121,1.03121,0.969734584,0.969734584,0.940385163,0.884324254257
0.03121,1.03121,0.969734584,0.969734584,0.940385163,0.884324254257
0.03132,1.03132,0.969631152,0.969631152,0.940184572,0.883947028542
0.03143,1.03143,0.969527743,0.969527743,0.939984045,0.883570003947
0.03143,1.03143,0.969527743,0.969527743,0.939984045,0.883570003947
0.03147,1.03147,0.969490145,0.969490145,0.939911142,0.883432953933
0.03148,1.03148,0.969480746,0.969480746,0.939892917,0.883398695582
0.03148,1.03148,0.969480746,0.969480746,0.939892917,0.883398695582
0.03162,1.03162,0.969349179,0.969349179,0.939637831,0.882919252982
0.03162,1.03162,0.969349179,0.969349179,0.939637831,0.882919252982
0.03166,1.03166,0.969311595,0.969311595,0.939564968,0.882782329126
0.03192,1.03192,0.96906737,0.96906737,0.939091567,0.881892970746
0.03201,1.03201,0.968982859,0.968982859,0.93892778,0.881585376884
0.03236,1.03236,0.968654345,0.968654345,0.938291241,0.880390452619
0.03255,1.03255,0.968476103,0.968476103,0.937945962,0.879742627249
0.0326,1.0326,0.968429208,0.968429208,0.937855131,0.879572245933
0.0326,1.0326,0.968429208,0.968429208,0.937855131,0.879572245933
0.03264,1.03264,0.968391695,0.968391695,0.937782475,0.879435970578
0.03264,1.03264,0.968391695,0.968391695,0.937782475,0.879435970578
0.03264,1.03264,0.968391695,0.968391695,0.937782475,0.879435970578
0.03272,1.03272,0.968316678,0.968316678,0.937637189,0.879163499035
0.03272,1.03272,0.968316678,0.968316678,0.937637189,0.879163499035
0.03272,1.03272,0.968316678,0.968316678,0.937637189,0.879163499035
0.03282,1.03282,0.968222924,0.968222924,0.93745563,0.878823057982
0.03289,1.03289,0.968157306,0.968157306,0.93732857,0.878584847288
0.0329,1.0329,0.968147933,0.968147933,0.93731042,0.878550823778
0.03294,1.03294,0.968110442,0.968110442,0.937237828,0.878414746207
0.03296,1.03296,0.968091698,0.968091698,0.937201535,0.878346717301
0.03296,1.03296,0.968091698,0.968091698,0.937201535,0.878346717301
0.03298,1.03298,0.968072954,0.968072954,0.937165244,0.87827869498
0.03333,1.03333,0.967745057,0.967745057,0.936530496,0.877089369594
0.03333,1.03333,0.967745057,0.967745057,0.936530496,0.877089369594
0.03335,1.03335,0.967726327,0.967726327,0.936494244,0.877021468968
0.03341,1.03341,0.967670141,0.967670141,0.936385501,0.876817806509
0.03341,1.03341,0.967670141,0.967670141,0.936385501,0.876817806509
0.03371,1.03371,0.967389306,0.967389306,0.93584207,0.875800380523
0.03373,1.03373,0.96737059,0.96737059,0.935805858,0.875732604608
0.03375,1.03375,0.967351874,0.967351874,0.935769649,0.875664835248
0.03378,1.03378,0.967323802,0.967323802,0.935715338,0.8755631935
0.03393,1.03393,0.967183465,0.967183465,0.935443855,0.875055205914
0.03403,1.03403,0.96708993,0.96708993,0.935262932,0.874716752184
0.03428,1.03428,0.96685617,0.96685617,0.934810854,0.873871333481
0.03428,1.03428,0.96685617,0.96685617,0.934810854,0.873871333481
0.03437,1.03437,0.966772045,0.966772045,0.934648187,0.873567232798
0.03441,1.03441,0.96673466,0.96673466,0.934575903,0.8734321194
0.03451,1.03451,0.966641212,0.966641212,0.934395232,0.873094450172
0.03459,1.03459,0.966566466,0.966566466,0.934250733,0.872824432271
0.03479,1.03479,0.966379652,0.966379652,0.933889632,0.872149844058
0.03491,1.03491,0.966267598,0.966267598,0.933673071,0.871745403944
0.03512,1.03512,0.966071567,0.966071567,0.933294272,0.871038197695
0.03515,1.03515,0.966043569,0.966043569,0.933240176,0.870937226783
0.03516,1.03516,0.966034236,0.966034236,0.933222146,0.870903573064
0.03516,1.03516,0.966034236,0.966034236,0.933222146,0.870903573064
0.03522,1.03522,0.965978246,0.965978246,0.933113972,0.870701684879
0.03529,1.03529,0.965912933,0.965912933,0.932987793,0.870466222596
0.03551,1.03551,0.965707719,0.965707719,0.932591398,0.86972671627
0.03568,1.03568,0.965549204,0.965549204,0.932285266,0.869155817375
0.03576,1.03576,0.965474627,0.965474627,0.932141256,0.868887321159
0.03576,1.03576,0.965474627,0.965474627,0.932141256,0.868887321159
0.03583,1.03583,0.965409382,0.965409382,0.932015275,0.868652472015
0.03585,1.03585,0.965390742,0.965390742,0.931979285,0.868585386833
0.03599,1.03599,0.965260282,0.965260282,0.931727413,0.86811597185
0.03616,1.03616,0.965101915,0.965101915,0.931421706,0.86754639418
0.03624,1.03624,0.965027407,0.965027407,0.931277896,0.867278519268
0.03635,1.03635,0.964924977,0.964924977,0.931080211,0.866910360058
0.03682,1.03682,0.964487568,0.964487568,0.930236268,0.865339514962
0.03682,1.03682,0.964487568,0.964487568,0.930236268,0.865339514962
0.03697,1.03697,0.964348052,0.964348052,0.929967166,0.864838930505
0.03702,1.03702,0.964301556,0.964301556,0.929877492,0.864672149463
0.03702,1.03702,0.964301556,0.964301556,0.929877492,0.864672149463
0.03702,1.03702,0.964301556,0.964301556,0.929877492,0.864672149463
0.03702,1.03702,0.964301556,0.964301556,0.929877492,0.864672149463
0.03705,1.03705,0.964273661,0.964273661,0.929823693,0.864572100135
0.03707,1.03707,0.964255065,0.964255065,0.92978783,0.864505408622
0.03725,1.03725,0.964087732,0.964087732,0.929465155,0.863905474287
0.03725,1.03725,0.964087732,0.964087732,0.929465155,0.863905474287
0.0373,1.0373,0.964041261,0.964041261,0.929375553,0.863738918226
0.0374,1.0374,0.963948332,0.963948332,0.929196387,0.863405926502
0.03753,1.03753,0.963827552,0.963827552,0.92896355,0.862973277126
0.03756,1.03756,0.963799684,0.963799684,0.928909831,0.86287347345
0.03756,1.03756,0.963799684,0.963799684,0.928909831,0.86287347345
0.03787,1.03787,0.963511808,0.963511808,0.928355004,0.861843013158
0.0379,1.0379,0.963483958,0.963483958,0.928301337,0.861743372848
0.03796,1.03796,0.963428263,0.963428263,0.928194018,0.861544135423
0.03818,1.03818,0.963224104,0.963224104,0.927800674,0.860814090651
0.03818,1.03818,0.963224104,0.963224104,0.927800674,0.860814090651
0.03828,1.03828,0.963131333,0.963131333,0.927621964,0.86048250775
0.03834,1.03834,0.963075678,0.963075678,0.927514762,0.860283634642
0.03847,1.03847,0.962955117,0.962955117,0.927282557,0.85985293997
0.03848,1.03848,0.962945844,0.962945844,0.927264698,0.859819820776
0.03873,1.03873,0.962714084,0.962714084,0.926818407,0.858992358914
0.03884,1.03884,0.962612144,0.962612144,0.92662214,0.858628591047
0.03902,1.03902,0.962445381,0.962445381,0.926301112,0.858033749797
0.03909,1.03909,0.962380545,0.962380545,0.926176312,0.857802561764
0.0391,1.0391,0.962371283,0.962371283,0.926158486,0.857769541258
0.04014,1.04014,0.961409041,0.961409041,0.924307344,0.85434406671
0.04035,1.04035,0.961214976,0.961214976,0.92393423,0.853654460564
0.04056,1.04056,0.961020989,0.961020989,0.923561341,0.85296555007
0.04056,1.04056,0.961020989,0.961020989,0.923561341,0.85296555007
0.04077,1.04077,0.96082708,0.96082708,0.923188678,0.852277334386
0.04089,1.04089,0.96071631,0.96071631,0.922975828,0.851884379913
0.04095,1.04095,0.960660935,0.960660935,0.922869432,0.851687987603
0.04099,1.04099,0.960624021,0.960624021,0.92279851,0.851557090837
0.04101,1.04101,0.960605566,0.960605566,0.922763053,0.851491651885
0.04167,1.04167,0.959996928,0.959996928,0.921594102,0.849335688451
0.04222,1.04222,0.959490319,0.959490319,0.920621672,0.847544262516
0.04258,1.04258,0.959159009,0.959159009,0.919986005,0.846374249904
0.04268,1.04268,0.95906702,0.95906702,0.919809548,0.846049604759
0.04268,1.04268,0.95906702,0.95906702,0.919809548,0.846049604759
0.04285,1.04285,0.958910677,0.958910677,0.919509687,0.845498065161
0.04285,1.04285,0.958910677,0.958910677,0.919509687,0.845498065161
0.04289,1.04289,0.958873898,0.958873898,0.919439153,0.84536835646
0.04306,1.04306,0.958717619,0.958717619,0.919139474,0.844817371893
0.04349,1.04349,0.958322552,0.958322552,0.918382114,0.843425707433
0.04349,1.04349,0.958322552,0.958322552,0.918382114,0.843425707433
0.04349,1.04349,0.958322552,0.958322552,0.918382114,0.843425707433
0.04369,1.04369,0.958138911,0.958138911,0.918030173,0.842779398047
0.04408,1.04408,0.957781013,0.957781013,0.917344469,0.841520874376
0.04438,1.04438,0.957505889,0.957505889,0.916817527,0.840554377486
0.04439,1.04439,0.957496721,0.957496721,0.91679997,0.840522184826
0.0444,1.0444,0.957487553,0.957487553,0.916782414,0.840489993707
0.04464,1.04464,0.957267575,0.957267575,0.916361211,0.839717868979
0.04487,1.04487,0.957056859,0.957056859,0.915957831,0.838978747944
0.04521,1.04521,0.956745534,0.956745534,0.915362018,0.83788762322
0.04545,1.04545,0.956525898,0.956525898,0.914941793,0.83711848536
0.04575,1.04575,0.956251494,0.956251494,0.91441692,0.836158303675
0.04575,1.04575,0.956251494,0.956251494,0.91441692,0.836158303675
0.04583,1.04583,0.956178346,0.956178346,0.91427703,0.835902487761
0.0459,1.0459,0.956114351,0.956114351,0.914154653,0.835678729084
0.04625,1.04625,0.955794504,0.955794504,0.913543134,0.834561058087
0.04631,1.04631,0.955739695,0.955739695,0.913438364,0.834369645001
0.04643,1.04643,0.955630095,0.955630095,0.913228878,0.833986983434
0.04656,1.04656,0.95551139,0.95551139,0.913002016,0.833572680925
0.04664,1.04664,0.955438355,0.955438355,0.91286245,0.833317853404
0.04682,1.04682,0.955274068,0.955274068,0.912548545,0.832744847423
0.04682,1.04682,0.955274068,0.955274068,0.912548545,0.832744847423
0.04691,1.04691,0.955191946,0.955191946,0.912391653,0.832458529125
0.04738,1.04738,0.954763314,0.954763314,0.911572986,0.830965308975
0.0476,1.0476,0.95456281,0.95456281,0.911190159,0.830267505275
0.04777,1.04777,0.954407933,0.954407933,0.910894503,0.829728794953
0.04777,1.04777,0.954407933,0.954407933,0.910894503,0.829728794953
0.04819,1.04819,0.954025511,0.954025511,0.910164675,0.828399735538
0.04837,1.04837,0.953861709,0.953861709,0.90985216,0.827830953317
0.0486,1.0486,0.953652489,0.953652489,0.90945307,0.827104886239
0.04865,1.04865,0.953607019,0.953607019,0.909366346,0.826947150916
0.04934,1.04934,0.952979968,0.952979968,0.90817082,0.824774238476
0.0494,1.0494,0.952925481,0.952925481,0.908066973,0.82458562704
0.04944,1.04944,0.95288916,0.95288916,0.907997751,0.824459916035
0.04985,1.04985,0.952517026,0.952517026,0.907288685,0.823172758438
0.04989,1.04989,0.952480736,0.952480736,0.907219553,0.823047316616
0.05018,1.05018,0.952217715,0.952217715,0.906718577,0.822138577643
0.05023,1.05023,0.952172381,0.952172381,0.906632244,0.821982025294
0.05032,1.05032,0.952090791,0.952090791,0.906476875,0.821700324958
0.05044,1.05044,0.951982027,0.951982027,0.906269779,0.821324912202
0.05049,1.05049,0.951936715,0.951936715,0.90618351,0.821168553498
0.05052,1.05052,0.951909531,0.951909531,0.906131754,0.821074756135
0.05066,1.05066,0.951782689,0.951782689,0.905890287,0.820637212145
0.05106,1.05106,0.951420471,0.951420471,0.905200912,0.819388691423
0.05126,1.05126,0.951239465,0.951239465,0.90485652,0.818765321456
0.05151,1.05151,0.951013305,0.951013305,0.904426306,0.81798694239
0.05194,1.05194,0.95062456,0.95062456,0.903687055,0.816650292858
0.05202,1.05202,0.950552271,0.950552271,0.90354962,0.816401915179
0.05202,1.05202,0.950552271,0.950552271,0.90354962,0.816401915179
0.05222,1.05222,0.950371595,0.950371595,0.903206169,0.815781383975
0.05262,1.05262,0.95001045,0.95001045,0.902519855,0.814542089261
0.05309,1.05309,0.949586455,0.949586455,0.901714436,0.813088923563
0.05316,1.05316,0.949523339,0.949523339,0.901594572,0.812872771979
0.05346,1.05346,0.949252938,0.949252938,0.90108114,0.811947221195
0.05468,1.05468,0.948154891,0.948154891,0.898997697,0.808196858378
0.05469,1.05469,0.948145901,0.948145901,0.898980649,0.808166207272
0.05502,1.05502,0.94784933,0.94784933,0.898418352,0.807155535455
0.05541,1.05541,0.947499076,0.947499076,0.897754499,0.805963141153
0.05614,1.05614,0.946844168,0.946844168,0.896513879,0.803737135613
0.05653,1.05653,0.946494657,0.946494657,0.895852136,0.802551049219
0.05693,1.05693,0.946136452,0.946136452,0.895174185,0.801336822248
0.05708,1.05708,0.946002195,0.946002195,0.894920152,0.800882079216
0.05728,1.05728,0.945823245,0.945823245,0.89458161,0.800276256834
0.05824,1.05824,0.944965225,0.944965225,0.892959277,0.797376270359
0.05824,1.05824,0.944965225,0.944965225,0.892959277,0.797376270359
0.0583,1.0583,0.944911651,0.944911651,0.892858028,0.797195457706
0.05886,1.05886,0.944411915,0.944411915,0.891913865,0.795510341917
0.05886,1.05886,0.944411915,0.944411915,0.891913865,0.795510341917
0.05974,1.05974,0.943627682,0.943627682,0.890433203,0.792871288525
0.06092,1.06092,0.94257814,0.94257814,0.888453549,0.789349709606
0.06099,1.06099,0.942515952,0.942515952,0.88833632,0.789141417307
0.06099,1.06099,0.942515952,0.942515952,0.88833632,0.789141417307
0.06121,1.06121,0.942320559,0.942320559,0.887968035,0.788487231492
0.06137,1.06137,0.942178505,0.942178505,0.887700336,0.78801188573
0.06137,1.06137,0.942178505,0.942178505,0.887700336,0.78801188573
0.06153,1.06153,0.942036494,0.942036494,0.887432757,0.787536898122
0.06372,1.06372,0.940097018,0.940097018,0.883782403,0.781071336339
0.06384,1.06384,0.939990976,0.939990976,0.883583035,0.780718979959
0.06446,1.06446,0.939443474,0.939443474,0.88255404,0.778901633964
0.06533,1.06533,0.938676279,0.938676279,0.881113156,0.776360394057
0.06627,1.06627,0.937848763,0.937848763,0.879560301,0.773626323691
0.06654,1.06654,0.937611341,0.937611341,0.879115027,0.772843231439
0.06711,1.06711,0.937110513,0.937110513,0.878176114,0.771193287912
0.06725,1.06725,0.936987585,0.936987585,0.877945734,0.770788712347
0.06786,1.06786,0.936452344,0.936452344,0.876942992,0.769029012044
0.06844,1.06844,0.935943993,0.935943993,0.875991158,0.767360509317
0.06886,1.06886,0.935576221,0.935576221,0.875302866,0.766155107297
0.06897,1.06897,0.935479948,0.935479948,0.875122733,0.765839797965
0.07023,1.07023,0.934378592,0.934378592,0.873063352,0.762239617106
0.07056,1.07056,0.934090569,0.934090569,0.872525192,0.761300210469
0.07056,1.07056,0.934090569,0.934090569,0.872525192,0.761300210469
0.07073,1.07073,0.933942264,0.933942264,0.872248152,0.760816838502
0.07083,1.07083,0.933855047,0.933855047,0.872085249,0.760532681251
0.07089,1.07089,0.933802725,0.933802725,0.871987529,0.760362250578
0.0709,1.0709,0.933794005,0.933794005,0.871971244,0.760333850107
0.07091,1.07091,0.933785285,0.933785285,0.871954959,0.760305450962
0.07116,1.07116,0.933567348,0.933567348,0.871547992,0.759595903072
0.07158,1.07158,0.933201441,0.933201441,0.870864929,0.758405724961
0.07167,1.07167,0.93312307,0.93312307,0.870718663,0.758150990136
0.07193,1.07193,0.932896738,0.932896738,0.870296323,0.757415690066
0.07222,1.07222,0.93264442,0.93264442,0.869825614,0.756596599006
0.07252,1.07252,0.932383545,0.932383545,0.869339076,0.755750428256
0.07393,1.07393,0.931159387,0.931159387,0.867057803,0.751789234028
0.0744,1.0744,0.930752048,0.930752048,0.866299374,0.750474605762
0.07446,1.07446,0.930700073,0.930700073,0.866202625,0.750306987778
0.0752,1.0752,0.930059524,0.930059524,0.865010718,0.748243541959
0.0752,1.0752,0.930059524,0.930059524,0.865010718,0.748243541959
0.0756,1.0756,0.929713648,0.929713648,0.864367468,0.747131119119
0.07575,1.07575,0.929584011,0.929584011,0.864126434,0.746714493583
0.07588,1.07588,0.929471688,0.929471688,0.863917619,0.746353653001
0.07845,1.07845,0.927256711,0.927256711,0.859805008,0.73926465201
0.07859,1.07859,0.927136354,0.927136354,0.859581819,0.738880903218
0.07875,1.07875,0.926998841,0.926998841,0.859326852,0.738442638021
0.07875,1.07875,0.926998841,0.926998841,0.859326852,0.738442638021
0.07895,1.07895,0.926827008,0.926827008,0.859008302,0.737895263376
0.07906,1.07906,0.926732526,0.926732526,0.858833176,0.737594423504
0.07931,1.07931,0.926517868,0.926517868,0.85843536,0.736911266496
0.07991,1.07991,0.926003093,0.926003093,0.857481728,0.7352749138
0.08009,1.08009,0.925848772,0.925848772,0.857195948,0.734784893881
0.08167,1.08167,0.924496381,0.924496381,0.854693558,0.730501077636
0.08245,1.08245,0.9238302,0.9238302,0.853462238,0.728397792459
0.08282,1.08282,0.923514527,0.923514527,0.852879081,0.72740272743
0.08309,1.08309,0.923284307,0.923284307,0.852453911,0.726677671122
0.0841,1.0841,0.922424131,0.922424131,0.850866277,0.723973420896
0.08572,1.08572,0.921047784,0.921047784,0.84832902,0.719662126744
0.08704,1.08704,0.919929349,0.919929349,0.846270008,0.716172926331
0.0887,1.0887,0.918526683,0.918526683,0.843691268,0.711814955279
0.09039,1.09039,0.917103055,0.917103055,0.841078013,0.707412224377
0.09089,1.09089,0.916682709,0.916682709,0.840307188,0.706116170662
0.09205,1.09205,0.915708988,0.915708988,0.83852295,0.703120737886
0.09293,1.09293,0.914971682,0.914971682,0.837173178,0.700858930261
0.0995,1.0995,0.90950432,0.90950432,0.827198108,0.68425671048
0.10165,1.10165,0.907729315,0.907729315,0.82397251,0.678930696453
0.10221,1.10221,0.907268125,0.907268125,0.823135451,0.67755196995
0.10246,1.10246,0.907062388,0.907062388,0.822762175,0.676937597059
0.10294,1.10294,0.906667634,0.906667634,0.822046198,0.67575995188
0.10361,1.10361,0.906117197,0.906117197,0.821048375,0.674120434186
0.10374,1.10374,0.906010473,0.906010473,0.820854978,0.673802895002
0.10507,1.10507,0.90492005,0.90492005,0.818880297,0.670564941567
0.10661,1.10661,0.90366073,0.90366073,0.816602714,0.66683999292
0.10707,1.10707,0.903285248,0.903285248,0.81592424,0.665732365525
0.10711,1.10711,0.903252613,0.903252613,0.815865282,0.66563615882
0.10713,1.10713,0.903236296,0.903236296,0.815835806,0.665588061984
0.10774,1.10774,0.90273891,0.90273891,0.814937539,0.664123193061
0.10794,1.10794,0.902575952,0.902575952,0.814643349,0.663643785592
0.10908,1.10908,0.901648213,0.901648213,0.8129695,0.660919407744
0.11001,1.11001,0.900892785,0.900892785,0.81160781,0.658707236627
0.11259,1.11259,0.898803692,0.898803692,0.807848077,0.652618515943
0.11388,1.11388,0.897762775,0.897762775,0.805978,0.649600537243
0.1165,1.1165,0.895656068,0.895656068,0.802199792,0.643524506719
0.11653,1.11653,0.895632003,0.895632003,0.802156684,0.643455346169
0.1176,1.1176,0.894774517,0.894774517,0.800621436,0.640994683708
0.11792,1.11792,0.894518391,0.894518391,0.800163152,0.640261070412
0.11818,1.11818,0.894310397,0.894310397,0.799791087,0.63966578226
0.11901,1.11901,0.893647063,0.893647063,0.798605073,0.637770063037
0.12014,1.12014,0.89274555,0.89274555,0.796994616,0.635200418641
0.12058,1.12058,0.89239501,0.89239501,0.796368853,0.634203350643
0.12086,1.12086,0.892172082,0.892172082,0.795971024,0.633569871318
0.12207,1.12207,0.891209996,0.891209996,0.794255257,0.630841412691
0.12231,1.12231,0.891019415,0.891019415,0.793915598,0.630301977486
0.12278,1.12278,0.890646431,0.890646431,0.793251065,0.629247252716
0.12316,1.12316,0.890345098,0.890345098,0.792714393,0.628396109036
0.12357,1.12357,0.890020203,0.890020203,0.792135963,0.627479383188
0.12377,1.12377,0.889861804,0.889861804,0.791854031,0.627032806474
0.12383,1.12383,0.889814296,0.889814296,0.791769481,0.626898910936
0.12393,1.12393,0.889735126,0.889735126,0.791628594,0.626675831118
0.12405,1.12405,0.889640141,0.889640141,0.79145958,0.626408266301
0.12472,1.12472,0.889110179,0.889110179,0.79051691,0.624916984319
0.1256,1.1256,0.888415068,0.888415068,0.789281332,0.622965021353
0.12623,1.12623,0.887918098,0.887918098,0.78839855,0.621572272897
0.12706,1.12706,0.88726421,0.88726421,0.787237778,0.619743318361
0.1271,1.1271,0.887232721,0.887232721,0.787181901,0.619655345996
0.1272,1.1272,0.88715401,0.88715401,0.787042237,0.619435483366
0.12732,1.12732,0.887059575,0.887059575,0.786874689,0.619171776911
0.1292,1.1292,0.885582713,0.885582713,0.784256742,0.615058637871
0.12921,1.12921,0.885574871,0.885574871,0.784242852,0.615036850942
0.1295,1.1295,0.885347499,0.885347499,0.783840194,0.614405449411
0.12958,1.12958,0.885284796,0.885284796,0.78372917,0.614231412284
0.13169,1.13169,0.883634211,0.883634211,0.780809418,0.609663347963
0.13281,1.13281,0.882760569,0.882760569,0.779266222,0.607255844622
0.13366,1.13366,0.882098689,0.882098689,0.778098097,0.605436649319
0.13372,1.13372,0.882052006,0.882052006,0.778015741,0.605308493106
0.13477,1.13477,0.881235845,0.881235845,0.776576615,0.603071238617
0.13535,1.13535,0.880785661,0.880785661,0.77578338,0.60183985313
0.13614,1.13614,0.880173218,0.880173218,0.774704894,0.600167672542
0.13658,1.13658,0.87983248,0.87983248,0.774105193,0.599238849334
0.137,1.137,0.879507476,0.879507476,0.7735334,0.598353920934
0.13713,1.13713,0.879406928,0.879406928,0.773356545,0.598080345629
0.13745,1.13745,0.879159523,0.879159523,0.772921468,0.597407595313
0.13822,1.13822,0.878564777,0.878564777,0.771876067,0.595792662265
0.13826,1.13826,0.878533903,0.878533903,0.771821818,0.595708918831
0.1384,1.1384,0.878425861,0.878425861,0.771631993,0.595415932657
0.13851,1.13851,0.87834099,0.87834099,0.771482894,0.595185855587
0.13875,1.13875,0.878155873,0.878155873,0.771157737,0.594684254873
0.1388,1.1388,0.878117316,0.878117316,0.771090021,0.594579821242
0.13955,1.13955,0.87753938,0.87753938,0.770075363,0.593016064258
0.14082,1.14082,0.876562473,0.876562473,0.768361768,0.590379807114
0.14104,1.14104,0.876393466,0.876393466,0.768065507,0.589924622374
0.14123,1.14123,0.876247557,0.876247557,0.767809782,0.589531861265
0.14134,1.14134,0.876163107,0.876163107,0.767661789,0.589304622649
0.14325,1.14325,0.874699322,0.874699322,0.765098904,0.585376333049
0.14345,1.14345,0.874546329,0.874546329,0.764831282,0.58496688951
0.14359,1.14359,0.874439266,0.874439266,0.76464403,0.584680492017
0.14404,1.14404,0.874095311,0.874095311,0.764042613,0.583761114982
0.14423,1.14423,0.873950167,0.873950167,0.763788895,0.583373476173
0.14542,1.14542,0.873042203,0.873042203,0.762202688,0.580952937556
0.14638,1.14638,0.872311101,0.872311101,0.760926657,0.579009377306
0.14652,1.14652,0.872204584,0.872204584,0.760740837,0.578726620907
0.14737,1.14737,0.871558434,0.871558434,0.759614103,0.577013585842
0.14747,1.14747,0.871482479,0.871482479,0.759481711,0.576812469242
0.14771,1.14771,0.871300241,0.871300241,0.759164111,0.576330146788
0.14778,1.14778,0.871247103,0.871247103,0.759071515,0.576189564377
0.14803,1.14803,0.871057377,0.871057377,0.758740953,0.575687834125
0.14806,1.14806,0.871034615,0.871034615,0.7587013,0.5756276632
0.14834,1.14834,0.87082223,0.87082223,0.758331357,0.575066446815
0.14898,1.14898,0.870337169,0.870337169,0.757486787,0.573786232601
0.1494,1.1494,0.87001914,0.87001914,0.756933305,0.572948027763
0.1505,1.1505,0.86918731,0.86918731,0.75548658,0.570759972002
0.15084,1.15084,0.86893052,0.86893052,0.755040249,0.570085777815
0.15195,1.15195,0.868093233,0.868093233,0.753585862,0.567891650729
0.15291,1.15291,0.867370393,0.867370393,0.752331399,0.566002533866
0.15318,1.15318,0.867167311,0.867167311,0.751979146,0.565472635597
0.15336,1.15336,0.867031976,0.867031976,0.751744448,0.56511971457
0.15341,1.15341,0.866994391,0.866994391,0.751679273,0.565021729817
0.15357,1.15357,0.866874139,0.866874139,0.751470772,0.564708321285
0.15511,1.15511,0.865718416,0.865718416,0.749468377,0.561702847437
0.15526,1.15526,0.865606011,0.865606011,0.749273766,0.561411176233
0.15536,1.15536,0.86553109,0.86553109,0.749144068,0.561216833935
0.15601,1.15601,0.86504442,0.86504442,0.748301849,0.559955656658
0.15671,1.15671,0.864520926,0.864520926,0.747396431,0.558601425106
0.15856,1.15856,0.86314045,0.86314045,0.745011437,0.555042040956
0.15921,1.15921,0.862656464,0.862656464,0.744176175,0.553798180072
0.15931,1.15931,0.862582053,0.862582053,0.744047798,0.553607126246
0.15948,1.15948,0.862455584,0.862455584,0.743829634,0.553282523784
0.16004,1.16004,0.86203924,0.86203924,0.743111651,0.552214926365
0.16008,1.16008,0.862009517,0.862009517,0.743060407,0.55213876798
0.16053,1.16053,0.861675269,0.861675269,0.742484269,0.551282890167
0.16061,1.16061,0.861615874,0.861615874,0.742381915,0.551130907774
0.16077,1.16077,0.86149711,0.86149711,0.74217727,0.550827100078
0.16122,1.16122,0.861163259,0.861163259,0.741602159,0.549973762561
0.16236,1.16236,0.860318662,0.860318662,0.7401482,0.54781935832
0.16375,1.16375,0.859291085,0.859291085,0.738381169,0.545206750012
0.16448,1.16448,0.858752405,0.858752405,0.737455692,0.543840898026
0.16471,1.16471,0.858582823,0.858582823,0.737164464,0.543411447398
0.16495,1.16495,0.85840594,0.85840594,0.736860758,0.542963776854
0.16603,1.16603,0.857610868,0.857610868,0.7354964,0.540954954858
0.16606,1.16606,0.857588803,0.857588803,0.735458556,0.540899286977
0.16828,1.16828,0.855959188,0.855959188,0.732666131,0.536799659943
0.16924,1.16924,0.855256406,0.855256406,0.73146352,0.535038880773
0.16971,1.16971,0.854912756,0.854912756,0.730875821,0.534179465187
0.17042,1.17042,0.854394149,0.854394149,0.729989362,0.532884468679
0.17124,1.17124,0.853795977,0.853795977,0.72896757,0.531393718394
0.17169,1.17169,0.853468067,0.853468067,0.728407742,0.530577838939
0.17256,1.17256,0.852834823,0.852834823,0.727327235,0.52900490712
0.1727,1.1727,0.852733009,0.852733009,0.727153585,0.528752336383
0.17297,1.17297,0.852536723,0.852536723,0.726818864,0.528265661207
0.17331,1.17331,0.852289676,0.852289676,0.726397692,0.527653607209
0.17374,1.17374,0.85197744,0.85197744,0.725865558,0.526880807784
0.17378,1.17378,0.851948406,0.851948406,0.725816086,0.526808991413
0.17392,1.17392,0.851846804,0.851846804,0.725642977,0.526557730454
0.17417,1.17417,0.851665432,0.851665432,0.725334008,0.526109422641
0.1742,1.1742,0.851643672,0.851643672,0.725296945,0.52605565777
0.17438,1.17438,0.851513139,0.851513139,0.725074626,0.525733212733
0.17443,1.17443,0.851476887,0.851476887,0.725012889,0.525643688514
0.17444,1.17444,0.851469637,0.851469637,0.725000542,0.525625785957
0.17498,1.17498,0.851078316,0.851078316,0.7243343,0.524660178665
0.17666,1.17666,0.849863172,0.849863172,0.722267411,0.521670213241
0.17713,1.17713,0.849523842,0.849523842,0.721690758,0.520837550087
0.17737,1.17737,0.849350671,0.849350671,0.721396563,0.520413001148
0.17786,1.17786,0.848997334,0.848997334,0.720796473,0.519547556053
0.17791,1.17791,0.848961296,0.848961296,0.720735282,0.519459346516
0.17852,1.17852,0.848521875,0.848521875,0.719989372,0.518384696043
0.17901,1.17901,0.848169227,0.848169227,0.719391037,0.517523464349
0.17911,1.17911,0.848097294,0.848097294,0.71926902,0.517347922582
0.17931,1.17931,0.847953464,0.847953464,0.719025078,0.516997062278
0.17952,1.17952,0.847802496,0.847802496,0.718769072,0.516628979016
0.17973,1.17973,0.847651581,0.847651581,0.718513203,0.516261223274
0.17975,1.17975,0.847637211,0.847637211,0.718488842,0.516226215986
0.18004,1.18004,0.847428901,0.847428901,0.718135742,0.515718943604
0.1805,1.1805,0.847098687,0.847098687,0.717576186,0.514915582014
0.18073,1.18073,0.846933677,0.846933677,0.717296653,0.51451448783
0.18078,1.18078,0.846897813,0.846897813,0.717235906,0.514427345127
0.18082,1.18082,0.846869125,0.846869125,0.717187315,0.514357644247
0.18086,1.18086,0.846840438,0.846840438,0.717138728,0.514287955171
0.18092,1.18092,0.846797412,0.846797412,0.717065857,0.514183443686
0.18126,1.18126,0.84655368,0.84655368,0.716653133,0.513591713137
0.18136,1.18136,0.846482021,0.846482021,0.716531811,0.513417836756
0.18145,1.18145,0.846417538,0.846417538,0.716422648,0.513261410921
0.18217,1.18217,0.845902028,0.845902028,0.71555024,0.512012146456
0.18229,1.18229,0.84581617,0.84581617,0.715404994,0.511804305388
0.18231,1.18231,0.845801862,0.845801862,0.715380791,0.511769675464
0.18252,1.18252,0.845651659,0.845651659,0.715126729,0.511406238036
0.1836,1.1836,0.844880027,0.844880027,0.71382226,0.509542218992
0.18375,1.18375,0.844772967,0.844772967,0.713641366,0.509283999583
0.18389,1.18389,0.844673069,0.844673069,0.713472594,0.509043142362
0.18402,1.18402,0.844580328,0.844580328,0.713315931,0.50881961671
0.18458,1.18458,0.84418106,0.84418106,0.712641662,0.507858138396
0.18459,1.18459,0.844173934,0.844173934,0.71262963,0.507840989789
0.18484,1.18484,0.843995814,0.843995814,0.712328934,0.507412509757
0.18493,1.18493,0.843931709,0.843931709,0.71222073,0.507258367577
0.18506,1.18506,0.843839131,0.843839131,0.712064478,0.507035821081
0.18515,1.18515,0.84377505,0.84377505,0.711956334,0.506881821921
0.18522,1.18522,0.843725216,0.843725216,0.711872239,0.506762085217
0.18527,1.18527,0.843689623,0.843689623,0.711812181,0.506676580645
0.18667,1.18667,0.842694262,0.842694262,0.710133619,0.504289757356
0.18728,1.18728,0.842261303,0.842261303,0.709404103,0.503254181039
0.18809,1.18809,0.841687078,0.841687078,0.708437137,0.501883176461
0.18906,1.18906,0.841000454,0.841000454,0.707281764,0.500247493495
0.18908,1.18908,0.840986309,0.840986309,0.707257971,0.50021383824
0.18929,1.18929,0.840837811,0.840837811,0.707008224,0.499860628891
0.18929,1.18929,0.840837811,0.840837811,0.707008224,0.499860628891
0.18948,1.18948,0.840703501,0.840703501,0.706782376,0.499541327125
0.18952,1.18952,0.84067523,0.84067523,0.706734843,0.499474138191
0.18995,1.18995,0.840371444,0.840371444,0.706224164,0.498752570086
0.19025,1.19025,0.84015963,0.84015963,0.705868204,0.498249922033
0.19042,1.19042,0.84003965,0.84003965,0.705666613,0.497965369206
0.19044,1.19044,0.840025537,0.840025537,0.705642902,0.497931905759
0.19413,1.19413,0.837429761,0.837429761,0.701288604,0.491805705964
0.19434,1.19434,0.837282516,0.837282516,0.701042011,0.491459901714
0.19546,1.19546,0.836498084,0.836498084,0.699729045,0.489620736749
0.19553,1.19553,0.836449106,0.836449106,0.699647107,0.489506074828
0.19557,1.19557,0.836421121,0.836421121,0.699600292,0.4894405688
0.19568,1.19568,0.836344172,0.836344172,0.699471575,0.489260483716
0.19616,1.19616,0.836008561,0.836008561,0.698910314,0.48847562647
0.19621,1.19621,0.835973617,0.835973617,0.698851888,0.488393961044
0.19627,1.19627,0.835931688,0.835931688,0.698781786,0.488295985058
0.19635,1.19635,0.835875789,0.835875789,0.698688334,0.488165388625
0.19733,1.19733,0.835191635,0.835191635,0.697545067,0.486569120088
0.19741,1.19741,0.835135835,0.835135835,0.697451863,0.4864391007
0.19782,1.19782,0.834849977,0.834849977,0.696974485,0.485773432551
0.19817,1.19817,0.834606108,0.834606108,0.696567355,0.485206079944
0.19828,1.19828,0.834529492,0.834529492,0.696439473,0.48502794021
0.19861,1.19861,0.834299731,0.834299731,0.69605604,0.484494011305
0.19877,1.19877,0.834188376,0.834188376,0.695870247,0.484235401151
0.19878,1.19878,0.834181418,0.834181418,0.695858638,0.484219243746
0.19908,1.19908,0.833972712,0.833972712,0.695510485,0.483734834813
0.19953,1.19953,0.83365985,0.83365985,0.694988746,0.483009356625
0.19961,1.19961,0.833604255,0.833604255,0.694896053,0.482880525143
0.1997,1.1997,0.833541719,0.833541719,0.694791797,0.482735641065
0.20077,1.20077,0.832798954,0.832798954,0.693554098,0.481017286563
0.20083,1.20083,0.832757343,0.832757343,0.693484792,0.480921156805
0.20087,1.20087,0.832729604,0.832729604,0.693438594,0.480857083641
0.20128,1.20128,0.832445392,0.832445392,0.69296533,0.480200948536
0.20231,1.20231,0.831732249,0.831732249,0.691778534,0.478557539575
0.20249,1.20249,0.831607747,0.831607747,0.691571445,0.478271063953
0.20279,1.20279,0.831400328,0.831400328,0.691226505,0.477794080781
0.2032,1.2032,0.831117021,0.831117021,0.690755503,0.477143165002
0.20329,1.20329,0.831054858,0.831054858,0.690652177,0.477000429444
0.20331,1.20331,0.831041045,0.831041045,0.690629219,0.47696871768
0.20334,1.20334,0.831020327,0.831020327,0.690594783,0.476921154975
0.20382,1.20382,0.830688973,0.830688973,0.690044171,0.476160957359
0.20469,1.20469,0.830089069,0.830089069,0.689047862,0.474786955766
0.20483,1.20483,0.829992613,0.829992613,0.688887738,0.474566315214
0.20523,1.20523,0.829717149,0.829717149,0.688430548,0.473936619486
0.20562,1.20562,0.829448748,0.829448748,0.687985226,0.473323671413
0.20691,1.20691,0.828562196,0.828562196,0.686515313,0.471303274538
0.20748,1.20748,0.828171067,0.828171067,0.685867316,0.470413975489
0.20751,1.20751,0.828150492,0.828150492,0.685833237,0.470367228403
0.2084,1.2084,0.827540549,0.827540549,0.684823361,0.468983035833
0.20856,1.20856,0.827430992,0.827430992,0.684642047,0.468734732444
0.20868,1.20868,0.827348843,0.827348843,0.684506109,0.468548612738
0.2087,1.2087,0.827335153,0.827335153,0.684483456,0.468517601768
0.20879,1.20879,0.827273555,0.827273555,0.684381534,0.468378084151
0.20948,1.20948,0.826801601,0.826801601,0.683600887,0.467310172571
0.21015,1.21015,0.826343842,0.826343842,0.682844145,0.46627612591
0.21037,1.21037,0.826193643,0.826193643,0.682595936,0.46593721208
0.21084,1.21084,0.825872948,0.825872948,0.682066126,0.465214199899
0.21095,1.21095,0.825797927,0.825797927,0.681942217,0.465045186844
0.21114,1.21114,0.825668379,0.825668379,0.681728271,0.464753435946
0.21134,1.21134,0.825532055,0.825532055,0.681503175,0.464446576866
0.21174,1.21174,0.825259544,0.825259544,0.681053315,0.463833618107
0.212,1.212,0.825082508,0.825082508,0.680761145,0.463435737116
0.21225,1.21225,0.824912353,0.824912353,0.68048039,0.463053561494
0.2135,1.2135,0.824062629,0.824062629,0.679079216,0.461148581764
0.21365,1.21365,0.823960779,0.823960779,0.678911366,0.460920643019
0.21398,1.21398,0.8237368,0.8237368,0.678542315,0.460419673306
0.2144,1.2144,0.82345191,0.82345191,0.678073049,0.459783059448
0.21507,1.21507,0.822997852,0.822997852,0.677325464,0.458769784666
0.21521,1.21521,0.822903037,0.822903037,0.677169409,0.45855840829
0.21578,1.21578,0.822517232,0.822517232,0.676534597,0.457699060265
0.2165,1.2165,0.822030415,0.822030415,0.675734003,0.456616443339
0.21689,1.21689,0.821766963,0.821766963,0.675300942,0.456031362282
0.21692,1.21692,0.821746705,0.821746705,0.675267647,0.455986394872
0.21742,1.21742,0.82140921,0.82140921,0.67471309,0.455237753388
0.21794,1.21794,0.821058509,0.821058509,0.674137075,0.45446079534
0.21845,1.21845,0.820714843,0.820714843,0.673572853,0.453700388177
0.21881,1.21881,0.820472428,0.820472428,0.673175005,0.453164587556
0.21897,1.21897,0.820364734,0.820364734,0.672998297,0.452926707839
0.21898,1.21898,0.820358004,0.820358004,0.672987255,0.452911845539
0.21899,1.21899,0.820351274,0.820351274,0.672976213,0.45289698385
0.21941,1.21941,0.820068722,0.820068722,0.672512708,0.452273342969
0.2195,1.2195,0.8200082,0.8200082,0.672413448,0.452139845323
0.21972,1.21972,0.819860296,0.819860296,0.672170905,0.451813725042
0.21978,1.21978,0.819819968,0.819819968,0.672104779,0.451724834182
0.2199,1.2199,0.819739323,0.819739323,0.671972558,0.451547118034
0.22017,1.22017,0.81955793,0.81955793,0.671675201,0.451147576132
0.22066,1.22066,0.819228942,0.819228942,0.671136059,0.450423609625
0.22083,1.22083,0.819114864,0.819114864,0.670949161,0.450172776926
0.22132,1.22132,0.818786231,0.818786231,0.670410893,0.449450764851
0.22132,1.22132,0.818786231,0.818786231,0.670410893,0.449450764851
0.2215,1.2215,0.818665575,0.818665575,0.670213324,0.449185899499
0.22299,1.22299,0.817668174,0.817668174,0.668581243,0.447000877972
0.22349,1.22349,0.81733402,0.81733402,0.6680349,0.446270627719
0.22385,1.22385,0.817093598,0.817093598,0.667641948,0.445745770742
0.22449,1.22449,0.816666531,0.816666531,0.666944222,0.444814595432
0.22449,1.22449,0.816666531,0.816666531,0.666944222,0.444814595432
0.22493,1.22493,0.816373181,0.816373181,0.66646517,0.444175822627
0.22542,1.22542,0.816046743,0.816046743,0.665932287,0.443465810893
0.22543,1.22543,0.816040084,0.816040084,0.665921419,0.443451335635
0.22551,1.22551,0.815986814,0.815986814,0.66583448,0.443335554831
0.22578,1.22578,0.815807078,0.815807078,0.665541188,0.442945073484
0.22645,1.22645,0.815361409,0.815361409,0.664814227,0.441977956682
0.22726,1.22726,0.814823265,0.814823265,0.663936953,0.440812277445
0.22818,1.22818,0.8142129,0.8142129,0.662942647,0.439492953424
0.22865,1.22865,0.813901437,0.813901437,0.662435548,0.438820855778
0.22928,1.22928,0.813484316,0.813484316,0.661756732,0.437921972896
0.22978,1.22978,0.813153572,0.813153572,0.661218732,0.437210211488
0.2302,1.2302,0.812875955,0.812875955,0.660767318,0.436613449102
0.23041,1.23041,0.812737218,0.812737218,0.660541785,0.436315449724
0.23082,1.23082,0.812466486,0.812466486,0.66010179,0.435734373794
0.23086,1.23086,0.812440083,0.812440083,0.660058888,0.435677735263
0.23092,1.23092,0.812400481,0.812400481,0.659994541,0.435592794722
0.23125,1.23125,0.812182741,0.812182741,0.659640805,0.435125991579
0.23162,1.23162,0.811938747,0.811938747,0.659244529,0.434603349588
0.23164,1.23164,0.811925563,0.811925563,0.659223119,0.43457512103
0.23205,1.23205,0.811655371,0.811655371,0.658784441,0.43399694034
0.23282,1.23282,0.811148424,0.811148424,0.657961766,0.432913685068
0.23367,1.23367,0.810589542,0.810589542,0.657055405,0.431721805546
0.23378,1.23378,0.810517272,0.810517272,0.656938248,0.431567862224
0.23391,1.23391,0.810431879,0.810431879,0.656799831,0.43138601766
0.23395,1.23395,0.810405608,0.810405608,0.656757249,0.431330084756
0.23472,1.23472,0.80990022,0.80990022,0.655938367,0.43025514108
0.23481,1.23481,0.80984119,0.80984119,0.655842753,0.430129716993
0.23494,1.23494,0.80975594,0.80975594,0.655704682,0.429948629541
0.2352,1.2352,0.809585492,0.809585492,0.655428669,0.429586740443
0.23556,1.23556,0.809349607,0.809349607,0.655046786,0.42908629158
0.23639,1.23639,0.808806283,0.808806283,0.654167603,0.427935252957
0.23662,1.23662,0.808655852,0.808655852,0.653924287,0.427616973607
0.23664,1.23664,0.808642774,0.808642774,0.653903136,0.427589311128
0.23685,1.23685,0.808505478,0.808505478,0.653681107,0.427298990105
0.23693,1.23693,0.808453187,0.808453187,0.653596555,0.427188456435
0.23721,1.23721,0.808270221,0.808270221,0.65330075,0.426801869943
0.23746,1.23746,0.808106929,0.808106929,0.653036808,0.4264570729
0.23789,1.23789,0.80782622,0.80782622,0.652583202,0.425864836059
0.2395,1.2395,0.806776926,0.806776926,0.650889009,0.423656501538
0.23981,1.23981,0.806575201,0.806575201,0.650563555,0.423232939004
0.2402,1.2402,0.806321561,0.806321561,0.65015446,0.422700821592
0.24085,1.24085,0.805899182,0.805899182,0.649473492,0.42181581625
0.24122,1.24122,0.805658948,0.805658948,0.649086341,0.421313078363
0.24151,1.24151,0.805470757,0.805470757,0.648783141,0.420919564047
0.24164,1.24164,0.805386424,0.805386424,0.648647293,0.420743310221
0.2422,1.2422,0.805023346,0.805023346,0.648062587,0.419985116779
0.2428,1.2428,0.804634696,0.804634696,0.647436994,0.419174660892
0.24284,1.24284,0.804608799,0.804608799,0.64739532,0.419120700038
0.24329,1.24329,0.804317577,0.804317577,0.646926764,0.418514238332
0.24354,1.24354,0.804155878,0.804155878,0.646666675,0.418177789123
0.2441,1.2441,0.803793907,0.803793907,0.646084645,0.417425368918
0.24444,1.24444,0.803574298,0.803574298,0.645731653,0.416969367915
0.24459,1.24459,0.80347745,0.80347745,0.645576013,0.416768388961
0.24511,1.24511,0.803141891,0.803141891,0.645036897,0.416072598755
0.24523,1.24523,0.803064494,0.803064494,0.644912582,0.415912238034
0.24553,1.24553,0.802871067,0.802871067,0.64460195,0.415511674101
0.24585,1.24585,0.802664847,0.802664847,0.644270857,0.415084937282
0.24617,1.24617,0.802458734,0.802458734,0.643940019,0.414658748155
0.2465,1.2465,0.80224629,0.80224629,0.643599109,0.414219813356
0.24656,1.24656,0.802207676,0.802207676,0.643537155,0.414140069438
0.2466,1.2466,0.802181935,0.802181935,0.643495857,0.414086917487
0.24711,1.24711,0.801853886,0.801853886,0.642969655,0.41340997698
0.24846,1.24846,0.800986816,0.800986816,0.641579879,0.411624741159
0.2486,1.2486,0.800897005,0.800897005,0.641436012,0.411440157554
0.24861,1.24861,0.80089059,0.80089059,0.641425738,0.41142697697
0.24862,1.24862,0.800884176,0.800884176,0.641415464,0.411413796915
0.24865,1.24865,0.800864934,0.800864934,0.641384643,0.411374259913
0.24896,1.24896,0.800666154,0.800666154,0.641066291,0.410965988874
0.24909,1.24909,0.800582824,0.800582824,0.640932859,0.410794929179
0.24972,1.24972,0.80017924,0.80017924,0.640286816,0.409967207213
0.24983,1.24983,0.800108815,0.800108815,0.640174116,0.40982289818
0.24986,1.24986,0.80008961,0.80008961,0.640143384,0.409783552192
0.25019,1.25019,0.799878418,0.799878418,0.639805484,0.409351057805
0.25022,1.25022,0.799859225,0.799859225,0.639774779,0.409311768433
0.25043,1.25043,0.799724895,0.799724895,0.639559907,0.409036874771
0.25051,1.25051,0.799673733,0.799673733,0.639478079,0.408932214081
0.25063,1.25063,0.799597003,0.799597003,0.639355367,0.408775285802
0.2509,1.2509,0.799424414,0.799424414,0.639079394,0.408422472313
0.25199,1.25199,0.798728424,0.798728424,0.637967096,0.407002015403
0.2526,1.2526,0.798339454,0.798339454,0.637345884,0.406209775483
0.2526,1.2526,0.798339454,0.798339454,0.637345884,0.406209775483
0.2533,1.2533,0.797893561,0.797893561,0.636634135,0.405303021444
0.25358,1.25358,0.797715343,0.797715343,0.636349769,0.404941028338
0.25407,1.25407,0.797403654,0.797403654,0.635852587,0.404308512318
0.25616,1.25616,0.796076933,0.796076933,0.633738483,0.401624464905
0.2562,1.2562,0.796051584,0.796051584,0.633698125,0.401573313142
0.25637,1.25637,0.79594387,0.79594387,0.633526644,0.401356008977
0.25683,1.25683,0.795652554,0.795652554,0.633062987,0.400768746004
0.25731,1.25731,0.7953488,0.7953488,0.632579714,0.400157094571
0.25736,1.25736,0.795317172,0.795317172,0.632529405,0.400093448006
0.25772,1.25772,0.795089527,0.795089527,0.632167356,0.399635566085
0.25813,1.25813,0.794830423,0.794830423,0.631755401,0.399114886963
0.25859,1.25859,0.794539922,0.794539922,0.631293687,0.398531719384
0.25865,1.25865,0.794502046,0.794502046,0.631233501,0.398455732593
0.25904,1.25904,0.794255941,0.794255941,0.6308425,0.39796225964
0.25919,1.25919,0.794161326,0.794161326,0.630692212,0.39777266578
0.25923,1.25923,0.794136099,0.794136099,0.630652144,0.397722126487
0.25948,1.25948,0.793978467,0.793978467,0.630401807,0.397406437692
0.25952,1.25952,0.793953252,0.793953252,0.630361766,0.397355956555
0.26062,1.26062,0.793260459,0.793260459,0.629262156,0.395970861016
0.26094,1.26094,0.793059146,0.793059146,0.62894281,0.395569057762
0.26141,1.26141,0.792763653,0.792763653,0.62847421,0.394979832771
0.26162,1.26162,0.792631696,0.792631696,0.628265005,0.394716916655
0.26172,1.26172,0.792568874,0.792568874,0.62816542,0.394591795394
0.26173,1.26173,0.792562593,0.792562593,0.628155463,0.394579285995
0.26175,1.26175,0.79255003,0.79255003,0.62813555,0.394554268684
0.26184,1.26184,0.792493502,0.792493502,0.62804595,0.394441715317
0.262,1.262,0.792393027,0.792393027,0.627886709,0.394241719521
0.26303,1.26303,0.791746831,0.791746831,0.626863044,0.392957276499
0.26323,1.26323,0.791621478,0.791621478,0.626664565,0.392708476857
0.2636,1.2636,0.79138968,0.79138968,0.626297626,0.392248716398
0.26393,1.26393,0.791183056,0.791183056,0.625970628,0.391839227293
0.26397,1.26397,0.791158018,0.791158018,0.625931009,0.391789628568
0.26408,1.26408,0.791089172,0.791089172,0.625822077,0.391653272533
0.26419,1.26419,0.791020337,0.791020337,0.625713174,0.391516975814
0.2646,1.2646,0.790763878,0.790763878,0.625307511,0.391009482814
0.26463,1.26463,0.790745119,0.790745119,0.625277843,0.390972381473
0.26582,1.26582,0.790001738,0.790001738,0.624102746,0.389504237626
0.26583,1.26583,0.789995497,0.789995497,0.624092885,0.389491929508
0.2664,1.2664,0.789639924,0.789639924,0.62353121,0.388791169697
0.267,1.267,0.789265983,0.789265983,0.622940791,0.388055229524
0.26791,1.26791,0.788699513,0.788699513,0.622046922,0.38694237366
0.26818,1.26818,0.788531596,0.788531596,0.621782079,0.38661295329
0.26859,1.26859,0.788276748,0.788276748,0.621380232,0.386113392415
0.2686,1.2686,0.788270534,0.788270534,0.621370435,0.386101218086
0.26887,1.26887,0.7881028,0.7881028,0.621106024,0.385772692517
0.2702,1.2702,0.787277594,0.787277594,0.61980601,0.384159490206
0.27021,1.27021,0.787271396,0.787271396,0.619796251,0.384147392837
0.27057,1.27057,0.787048333,0.787048333,0.619445078,0.383712204545
0.27094,1.27094,0.786819205,0.786819205,0.619084461,0.383265569676
0.27141,1.27141,0.786528343,0.786528343,0.618626834,0.38269915929
0.27276,1.27276,0.785694082,0.785694082,0.617315191,0.381078044705
0.27351,1.27351,0.785231368,0.785231368,0.616588302,0.380181134108
0.27456,1.27456,0.784584484,0.784584484,0.615572813,0.378929887641
0.27509,1.27509,0.784258366,0.784258366,0.615061185,0.378300260999
0.27516,1.27516,0.784215314,0.784215314,0.614993659,0.378217200558
0.27585,1.27585,0.783791198,0.783791198,0.614328642,0.377399680506
0.27631,1.27631,0.783508709,0.783508709,0.613885897,0.376855894054
0.27668,1.27668,0.783281637,0.783281637,0.613530122,0.376419211169
0.27776,1.27776,0.782619584,0.782619584,0.612493414,0.37514818181
0.27782,1.27782,0.782582836,0.782582836,0.612435896,0.375077726486
0.27935,1.27935,0.78164693,0.78164693,0.610971923,0.373286691068
0.2799,1.2799,0.78131104,0.78131104,0.610446941,0.372645467909
0.27995,1.27995,0.781280519,0.781280519,0.610399249,0.372587243192
0.2806,1.2806,0.780883961,0.780883961,0.60977976,0.371831355694
0.28132,1.28132,0.780445166,0.780445166,0.609094657,0.370996301201
0.28207,1.28207,0.779988612,0.779988612,0.608382235,0.370128943996
0.28266,1.28266,0.779629832,0.779629832,0.607822675,0.369448403714
0.28344,1.28344,0.779156018,0.779156018,0.607084101,0.368551105321
0.28405,1.28405,0.778785873,0.778785873,0.606507436,0.367851269572
0.28446,1.28446,0.778537284,0.778537284,0.606120303,0.367381821482
0.28446,1.28446,0.778537284,0.778537284,0.606120303,0.367381821482
0.28478,1.28478,0.778343374,0.778343374,0.605818408,0.367015943219
0.28557,1.28557,0.777865072,0.777865072,0.605074069,0.366114629579
0.28588,1.28588,0.777677544,0.777677544,0.604782362,0.365761705513
0.28665,1.28665,0.77721214,0.77721214,0.604058711,0.364886925908
0.28734,1.28734,0.776795563,0.776795563,0.603411347,0.364105253217
0.28758,1.28758,0.776650771,0.776650771,0.60318642,0.363833857788
0.28775,1.28775,0.776548243,0.776548243,0.603027174,0.36364177234
0.28814,1.28814,0.776313134,0.776313134,0.602662082,0.36320158448
0.28844,1.28844,0.776132377,0.776132377,0.602381467,0.362863431595
0.28854,1.28854,0.776072144,0.776072144,0.602287972,0.362750801427
0.28894,1.28894,0.775831303,0.775831303,0.601914211,0.362300717511
0.28901,1.28901,0.775789172,0.775789172,0.601848839,0.362222024609
0.28905,1.28905,0.775765098,0.775765098,0.601811488,0.362177066829
0.28907,1.28907,0.775753062,0.775753062,0.601792814,0.362154590555
0.28949,1.28949,0.775500392,0.775500392,0.601400857,0.361682991299
0.28995,1.28995,0.775223846,0.775223846,0.600972011,0.361167358281
0.29008,1.29008,0.775145727,0.775145727,0.600850899,0.36102180247
0.29045,1.29045,0.774923476,0.774923476,0.600506394,0.360607929393
0.29123,1.29123,0.774455364,0.774455364,0.599781111,0.359737381399
0.29193,1.29193,0.774035745,0.774035745,0.599131334,0.358958355971
0.29196,1.29196,0.774017771,0.774017771,0.599103511,0.358925016314
0.29215,1.29215,0.773903959,0.773903959,0.598927337,0.358713955019
0.29221,1.29221,0.773868025,0.773868025,0.598871719,0.358647336317
0.29251,1.29251,0.773688405,0.773688405,0.598593748,0.358314474686
0.29256,1.29256,0.773658476,0.773658476,0.598547438,0.358259035296
0.29293,1.29293,0.773437077,0.773437077,0.598204912,0.357849116884
0.29298,1.29298,0.773407168,0.773407168,0.598158647,0.35779376748
0.29365,1.29365,0.773006609,0.773006609,0.597539218,0.357053116901
0.29504,1.29504,0.772176921,0.772176921,0.596257198,0.355522645686
0.2958,1.2958,0.771724031,0.771724031,0.595557981,0.354689308463
0.29587,1.29587,0.771682345,0.771682345,0.595493641,0.354612676579
0.29647,1.29647,0.771325214,0.771325214,0.594942586,0.353956680066
0.29692,1.29692,0.771057583,0.771057583,0.594529796,0.353465677921
0.29695,1.29695,0.771039747,0.771039747,0.594502292,0.353432974725
0.29853,1.29853,0.770101576,0.770101576,0.593056438,0.351715938618
0.29855,1.29855,0.770089715,0.770089715,0.59303817,0.351694270893
0.29893,1.29893,0.769864427,0.769864427,0.592691236,0.351282900955
0.29933,1.29933,0.769627423,0.769627423,0.592326371,0.350850529539
0.29945,1.29945,0.769556351,0.769556351,0.592216977,0.350720947848
0.29947,1.29947,0.769544507,0.769544507,0.592198748,0.350699356716
0.3002,1.3002,0.769112444,0.769112444,0.591533952,0.349912416231
0.3003,1.3003,0.769053295,0.769053295,0.591442971,0.349804788129
0.30089,1.30089,0.768704502,0.768704502,0.590906612,0.34917062394
0.30142,1.30142,0.768391449,0.768391449,0.590425419,0.348602175896
0.30152,1.30152,0.768332411,0.768332411,0.590334694,0.348495051303
0.30251,1.30251,0.767748424,0.767748424,0.589437643,0.347436734816
0.30304,1.30304,0.767436149,0.767436149,0.588958243,0.346871812317
0.30352,1.30352,0.767153553,0.767153553,0.588524575,0.346361174883
0.30365,1.30365,0.767077053,0.767077053,0.588407205,0.346223038979
0.30404,1.30404,0.766847643,0.766847643,0.588055307,0.345809044244
0.30406,1.30406,0.766835882,0.766835882,0.58803727,0.34578783043
0.30476,1.30476,0.766424477,0.766424477,0.587406478,0.345046370664
0.30486,1.30486,0.76636574,0.76636574,0.587316448,0.344940610135
0.30526,1.30526,0.766130886,0.766130886,0.586956534,0.344517973014
0.30538,1.30538,0.766060457,0.766060457,0.586848625,0.344391308115
0.30548,1.30548,0.766001777,0.766001777,0.586758723,0.344285798497
0.30581,1.30581,0.765808196,0.765808196,0.586462193,0.343937903314
0.30652,1.30652,0.765392034,0.765392034,0.585824965,0.343190890091
0.30681,1.30681,0.765222182,0.765222182,0.585564988,0.342886355433
0.30691,1.30691,0.76516363,0.76516363,0.585475381,0.342781421811
0.30818,1.30818,0.764420798,0.764420798,0.584339157,0.341452250365
0.30834,1.30834,0.764327316,0.764327316,0.584196245,0.341285252981
0.30878,1.30878,0.764070356,0.764070356,0.583803508,0.340826536308
0.30922,1.30922,0.763813568,0.763813568,0.583411167,0.340368590069
0.30938,1.30938,0.763720234,0.763720234,0.583268596,0.340202254878
0.30949,1.30949,0.76365608,0.76365608,0.583170608,0.340087958372
0.30962,1.30962,0.763580275,0.763580275,0.583054837,0.339952942559
0.31052,1.31052,0.763055886,0.763055886,0.582254285,0.339020052965
0.31061,1.31061,0.763003487,0.763003487,0.582174321,0.338926940103
0.31088,1.31088,0.762846332,0.762846332,0.581934527,0.338647793254
0.31144,1.31144,0.762520588,0.762520588,0.581437647,0.338069737592
0.31179,1.31179,0.762317139,0.762317139,0.581127421,0.337709079068
0.31203,1.31203,0.762177694,0.762177694,0.580914837,0.337462048306
0.31262,1.31262,0.761835108,0.761835108,0.580392732,0.336855723828
0.31267,1.31267,0.76180609,0.76180609,0.580348519,0.336804403012
0.3127,1.3127,0.76178868,0.76178868,0.580321993,0.336773615214
0.31296,1.31296,0.761637826,0.761637826,0.580092178,0.336506934936
0.31303,1.31303,0.761597222,0.761597222,0.580030328,0.336435181505
0.31387,1.31387,0.761110308,0.761110308,0.579288901,0.335575630257
0.31453,1.31453,0.760728169,0.760728169,0.578707347,0.334902193605
0.31506,1.31506,0.760421578,0.760421578,0.578240976,0.334362626171
0.3152,1.3152,0.760340633,0.760340633,0.578117878,0.334220280387
0.31588,1.31588,0.759947716,0.759947716,0.57752053,0.333529963081
0.31593,1.31593,0.759918841,0.759918841,0.577476644,0.33347927483
0.31623,1.31623,0.759745637,0.759745637,0.577213433,0.333175347449
0.31782,1.31782,0.758828975,0.758828975,0.575821413,0.331570300234
0.31804,1.31804,0.758702316,0.758702316,0.575629204,0.331348980078
0.31822,1.31822,0.758598716,0.758598716,0.575472013,0.331168037287
0.3185,1.3185,0.758437619,0.758437619,0.575227621,0.330886816151
0.31901,1.31901,0.758144366,0.758144366,0.574782879,0.330375358532
0.31901,1.31901,0.758144366,0.758144366,0.574782879,0.330375358532
0.32096,1.32096,0.757025194,0.757025194,0.573087144,0.32842887467
0.32104,1.32104,0.75697935,0.75697935,0.573017736,0.328349325456
0.32118,1.32118,0.756899136,0.756899136,0.572896302,0.328210172277
0.32206,1.32206,0.756395322,0.756395322,0.572133884,0.327337181022
0.32223,1.32223,0.756298072,0.756298072,0.571986774,0.32716886964
0.32223,1.32223,0.756298072,0.756298072,0.571986774,0.32716886964
0.32276,1.32276,0.755995041,0.755995041,0.571528502,0.326644828051
0.32446,1.32446,0.755024689,0.755024689,0.570062281,0.324971004748
0.32548,1.32548,0.754443673,0.754443673,0.569185256,0.323971855744
0.3256,1.3256,0.754375377,0.754375377,0.56908221,0.323854561405
0.3258,1.3258,0.754261578,0.754261578,0.568910528,0.323659188777
0.32581,1.32581,0.754255889,0.754255889,0.568901946,0.323649424014
0.32632,1.32632,0.75396586,0.75396586,0.568464519,0.323151909007
0.32804,1.32804,0.752989368,0.752989368,0.566992988,0.321481048447
0.32842,1.32842,0.752773972,0.752773972,0.566668653,0.321113362352
0.32848,1.32848,0.752739974,0.752739974,0.566617468,0.321055354714
0.32851,1.32851,0.752722975,0.752722975,0.566591878,0.321026355808
0.32868,1.32868,0.752626667,0.752626667,0.5664469,0.320862090499
0.32868,1.32868,0.752626667,0.752626667,0.5664469,0.320862090499
0.32871,1.32871,0.752609674,0.752609674,0.566421321,0.320833113411
0.32907,1.32907,0.752405818,0.752405818,0.566114514,0.32048564337
0.32941,1.32941,0.752213388,0.752213388,0.565824981,0.320157909041
0.32952,1.32952,0.752151152,0.752151152,0.565731356,0.320051967048
0.32968,1.32968,0.752060646,0.752060646,0.565595216,0.319897947817
0.32995,1.32995,0.751907966,0.751907966,0.56536559,0.319638250394
0.33047,1.33047,0.751614091,0.751614091,0.564923742,0.319138834481
0.33056,1.33056,0.751563252,0.751563252,0.564847321,0.319052496154
0.33063,1.33063,0.751523714,0.751523714,0.564787893,0.318985364307
0.33089,1.33089,0.751376898,0.751376898,0.564567243,0.318736171979
0.3309,1.3309,0.751371253,0.751371253,0.564558759,0.318726592519
0.33103,1.33103,0.751297867,0.751297867,0.564448485,0.318602092283
0.33147,1.33147,0.751049592,0.751049592,0.564075489,0.318181157685
0.33147,1.33147,0.751049592,0.751049592,0.564075489,0.318181157685
0.33147,1.33147,0.751049592,0.751049592,0.564075489,0.318181157685
0.33189,1.33189,0.750812755,0.750812755,0.563719793,0.317780004773
0.33237,1.33237,0.750542267,0.750542267,0.563313694,0.317322318113
0.33298,1.33298,0.750198803,0.750198803,0.562798244,0.316741862939
0.3335,1.3335,0.749906262,0.749906262,0.562359401,0.316248096301
0.3335,1.3335,0.749906262,0.749906262,0.562359401,0.316248096301
0.3345,1.3345,0.749344324,0.749344324,0.561516915,0.315301246377
0.33498,1.33498,0.749074893,0.749074893,0.561113195,0.314848017138
0.3351,1.3351,0.749007565,0.749007565,0.561012332,0.314734837096
0.33671,1.33671,0.748105423,0.748105423,0.559661724,0.313221245251
0.33749,1.33749,0.747669141,0.747669141,0.559009145,0.312491224282
0.33751,1.33751,0.747657961,0.747657961,0.558992427,0.312472533777
0.33762,1.33762,0.747596477,0.747596477,0.558900493,0.312369760974
0.33778,1.33778,0.747507064,0.747507064,0.558766811,0.312220348676
0.33818,1.33818,0.747283624,0.747283624,0.558432815,0.311847208577
0.33848,1.33848,0.747116132,0.747116132,0.558182514,0.311567719263
0.33897,1.33897,0.746842722,0.746842722,0.557774052,0.311111893072
0.34061,1.34061,0.745929092,0.745929092,0.55641021,0.309592322085
0.34098,1.34098,0.745723277,0.745723277,0.556103206,0.309250775578
0.34111,1.34111,0.745650991,0.745650991,0.5559954,0.309130884575
0.34169,1.34169,0.745328653,0.745328653,0.5555148,0.308596693563
0.34446,1.34446,0.743793047,0.743793047,0.553228097,0.306061327088
0.34448,1.34448,0.743781983,0.743781983,0.553211638,0.306043116062
0.34487,1.34487,0.743566293,0.743566293,0.552890832,0.305688271634
0.34545,1.34545,0.743245754,0.743245754,0.552414251,0.305161504873
0.34602,1.34602,0.742931011,0.742931011,0.551946488,0.304644925327
0.34696,1.34696,0.742412544,0.742412544,0.551176385,0.303795407597
0.34717,1.34717,0.742296815,0.742296815,0.551004561,0.303606026539
0.34881,1.34881,0.741394266,0.741394266,0.549665458,0.302132115435
0.3491,1.3491,0.741234897,0.741234897,0.549429173,0.30187241618
0.34912,1.34912,0.741223909,0.741223909,0.549412883,0.301854516174
0.34932,1.34932,0.741114043,0.741114043,0.549250024,0.301675589064
0.34939,1.34939,0.741075597,0.741075597,0.549193041,0.301612995898
0.34949,1.34949,0.741020682,0.741020682,0.549111651,0.301523605247
0.34949,1.34949,0.741020682,0.741020682,0.549111651,0.301523605247
0.34949,1.34949,0.741020682,0.741020682,0.549111651,0.301523605247
0.34968,1.34968,0.740916365,0.740916365,0.54895706,0.301353854228
0.35015,1.35015,0.740658445,0.740658445,0.548574933,0.300934456765
0.35059,1.35059,0.740417151,0.740417151,0.548217558,0.300542490383
0.35099,1.35099,0.740197929,0.740197929,0.547892974,0.300186710944
0.35149,1.35149,0.739924084,0.739924084,0.54748765,0.299742726652
0.35149,1.35149,0.739924084,0.739924084,0.54748765,0.299742726652
0.35372,1.35372,0.738705198,0.738705198,0.545685369,0.297772521785
0.35519,1.35519,0.73790391,0.73790391,0.544502181,0.296482624699
0.35774,1.35774,0.736518037,0.736518037,0.542458819,0.294261570645
0.358,1.358,0.736377025,0.736377025,0.542251123,0.294036280397
0.35842,1.35842,0.73614935,0.73614935,0.541915865,0.293672805255
0.3585,1.3585,0.736105999,0.736105999,0.541852042,0.293603635585
0.35909,1.35909,0.735786445,0.735786445,0.541381693,0.293094137677
0.35909,1.35909,0.735786445,0.735786445,0.541381693,0.293094137677
0.35946,1.35946,0.735586189,0.735586189,0.541087041,0.292775185839
0.36017,1.36017,0.735202217,0.735202217,0.5405223,0.292164357257
0.36034,1.36034,0.73511034,0.73511034,0.540387212,0.292018338965
0.36091,1.36091,0.734802448,0.734802448,0.539934638,0.29152941344
0.36147,1.36147,0.734500209,0.734500209,0.539490558,0.291050061642
0.3628,1.3628,0.733783387,0.733783387,0.538438059,0.289915543647
0.36325,1.36325,0.73354117,0.73354117,0.538082648,0.289532936167
0.36499,1.36499,0.7326061,0.7326061,0.536711697,0.288059446004
0.36623,1.36623,0.731941181,0.731941181,0.535737893,0.287015089724
0.36656,1.36656,0.73176443,0.73176443,0.535479182,0.286737953917
0.36713,1.36713,0.731459335,0.731459335,0.535032758,0.286260052191
0.3679,1.3679,0.731047591,0.731047591,0.534430581,0.285616045477
0.36799,1.36799,0.730999496,0.730999496,0.534360263,0.285540890227
0.36839,1.36839,0.730785814,0.730785814,0.534047906,0.285207165821
0.36857,1.36857,0.730689698,0.730689698,0.533907435,0.285057148905
0.36962,1.36962,0.730129525,0.730129525,0.533089123,0.284184013321
0.36987,1.36987,0.729996277,0.729996277,0.532894564,0.283976616833
0.37023,1.37023,0.729804485,0.729804485,0.532614587,0.283678298156
0.37052,1.37052,0.72965006,0.72965006,0.53238921,0.283438270724
0.37053,1.37053,0.729644736,0.729644736,0.532381441,0.283429998445
0.37057,1.37057,0.729623441,0.729623441,0.532350366,0.283396912346
0.37062,1.37062,0.729596825,0.729596825,0.532311527,0.283355561511
0.37062,1.37062,0.729596825,0.729596825,0.532311527,0.283355561511
0.37095,1.37095,0.729421204,0.729421204,0.532055293,0.28308283507
0.37138,1.37138,0.729192492,0.729192492,0.531721691,0.282727956393
0.37153,1.37153,0.729112743,0.729112743,0.531605392,0.282604292349
0.37153,1.37153,0.729112743,0.729112743,0.531605392,0.282604292349
0.37353,1.37353,0.72805108,0.72805108,0.530058375,0.280961881101
0.37436,1.37436,0.727611397,0.727611397,0.529418345,0.280283784539
0.37676,1.37676,0.726343008,0.726343008,0.527574166,0.278334500201
0.37805,1.37805,0.725663075,0.725663075,0.526586898,0.277293761027
0.37852,1.37852,0.725415663,0.725415663,0.526227884,0.276915786299
0.37991,1.37991,0.724684943,0.724684943,0.525168267,0.275801708591
0.37997,1.37997,0.724653434,0.724653434,0.5251226,0.275753745162
0.38061,1.38061,0.724317512,0.724317512,0.524635858,0.275242783432
0.38092,1.38092,0.724154911,0.724154911,0.524400335,0.274995711812
0.38129,1.38129,0.723960935,0.723960935,0.524119436,0.274701182674
0.38153,1.38153,0.723835168,0.723835168,0.523937351,0.274510347567
0.38185,1.38185,0.723667547,0.723667547,0.523694719,0.274256158465
0.38248,1.38248,0.72333777,0.72333777,0.523217529,0.27375658289
0.38291,1.38291,0.723112856,0.723112856,0.522892203,0.273416255786
0.38402,1.38402,0.722532911,0.722532911,0.522053808,0.272540178467
0.386,1.386,0.721500722,0.721500722,0.520563291,0.270986140068
0.38672,1.38672,0.721126111,0.721126111,0.520022867,0.270423782509
0.38744,1.38744,0.720751888,0.720751888,0.519483285,0.269862882967
0.38781,1.38781,0.720559731,0.720559731,0.519206326,0.269575208594
0.38895,1.38895,0.719968321,0.719968321,0.518354384,0.268691267216
0.38949,1.38949,0.719688519,0.719688519,0.517951564,0.268273822759
0.39255,1.39255,0.71810707,0.71810707,0.515677764,0.265923555918
0.3951,1.3951,0.716794495,0.716794495,0.513794348,0.263984632128
0.39706,1.39706,0.715788871,0.715788871,0.512353708,0.26250632182
0.39944,1.39944,0.714571543,0.714571543,0.51061249,0.260725114869
0.4005,1.4005,0.714030703,0.714030703,0.509839845,0.259936667839
0.40221,1.40221,0.71315994,0.71315994,0.508597101,0.258671010701
0.40293,1.40293,0.712793938,0.712793938,0.508075199,0.258140407453
0.40368,1.40368,0.712413086,0.712413086,0.507532405,0.257589141657
0.40463,1.40463,0.711931256,0.711931256,0.506846113,0.256892982418
0.40483,1.40483,0.711829901,0.711829901,0.506701808,0.256746722371
0.4055,1.4055,0.711490573,0.711490573,0.506218835,0.256257509022
0.40646,1.40646,0.711004934,0.711004934,0.505528017,0.255558575673
0.40895,1.40895,0.709748394,0.709748394,0.503742783,0.253756791486
0.4092,1.4092,0.709622481,0.709622481,0.503564065,0.253576767875
0.40935,1.40935,0.709546954,0.709546954,0.50345688,0.253468830335
0.40949,1.40949,0.709476477,0.709476477,0.503356872,0.253368140441
0.41004,1.41004,0.709199739,0.709199739,0.50296427,0.252973056714
0.41123,1.41123,0.708601716,0.708601716,0.502116392,0.252120871365
0.4114,1.4114,0.708516367,0.708516367,0.501995442,0.25199942371
0.41161,1.41161,0.708410963,0.708410963,0.501846093,0.25184950108
0.41266,1.41266,0.707884417,0.707884417,0.501100347,0.251101558075
0.41657,1.41657,0.705930522,0.705930522,0.498337902,0.248340664909
0.41857,1.41857,0.704935252,0.704935252,0.496933709,0.246943111225
0.41936,1.41936,0.704542893,0.704542893,0.496380687,0.246393786896
0.41939,1.41939,0.704528001,0.704528001,0.496359705,0.246372956598
0.4196,1.4196,0.704423781,0.704423781,0.496212864,0.246227206128
0.41965,1.41965,0.704398972,0.704398972,0.496177911,0.246192519523
0.41995,1.41995,0.70425015,0.70425015,0.495968273,0.245984528107
0.42036,1.42036,0.704046861,0.704046861,0.495681983,0.24570062826
0.42088,1.42088,0.703789201,0.703789201,0.49531924,0.245341149045
0.42094,1.42094,0.703759483,0.703759483,0.49527741,0.245299712991
0.42195,1.42195,0.703259608,0.703259608,0.494574077,0.244603517289
0.42247,1.42247,0.703002524,0.703002524,0.494212548,0.244246043035
0.42249,1.42249,0.70299264,0.70299264,0.494198651,0.244232307071
0.42348,1.42348,0.702503723,0.702503723,0.493511481,0.243553582084
0.4236,1.4236,0.702444507,0.702444507,0.493428285,0.243471472686
0.42399,1.42399,0.702252123,0.702252123,0.493158044,0.243204856003
0.42459,1.42459,0.701956352,0.701956352,0.492742721,0.242795388714
0.42568,1.42568,0.701419673,0.701419673,0.491989558,0.242053725436
0.42602,1.42602,0.701252437,0.701252437,0.49175498,0.241822960543
0.427,1.427,0.700770848,0.700770848,0.491079781,0.241159351614
0.42703,1.42703,0.700756116,0.700756116,0.491059134,0.241139072986
0.42793,1.42793,0.700314441,0.700314441,0.490440317,0.240531704079
0.42859,1.42859,0.6999909,0.6999909,0.48998726,0.240087515206
0.42895,1.42895,0.699814549,0.699814549,0.489740403,0.239845662521
0.42903,1.42903,0.699775372,0.699775372,0.489685571,0.239791958843
0.42976,1.42976,0.699418084,0.699418084,0.489185656,0.239302606468
0.4302,1.4302,0.699202909,0.699202909,0.488884708,0.239008257239
0.43494,1.43494,0.69689325,0.69689325,0.485660202,0.235865831559
0.43546,1.43546,0.696640798,0.696640798,0.485308402,0.235524244603
0.43683,1.43683,0.69597656,0.69597656,0.484383371,0.234627250476
0.4376,1.4376,0.695603784,0.695603784,0.483864624,0.234124974777
0.43783,1.43783,0.695492513,0.695492513,0.483709836,0.233975205125
0.4389,1.4389,0.694975328,0.694975328,0.482990707,0.233280023098
0.43891,1.43891,0.694970499,0.694970499,0.482983994,0.233273538256
0.43935,1.43935,0.694758051,0.694758051,0.482688749,0.232988428167
0.44013,1.44013,0.694381757,0.694381757,0.482166025,0.232484075409
0.44067,1.44067,0.694121485,0.694121485,0.481804636,0.232135707402
0.44149,1.44149,0.69372663,0.69372663,0.481256637,0.231607950934
0.44245,1.44245,0.693264931,0.693264931,0.480616265,0.230991994012
0.44263,1.44263,0.693178431,0.693178431,0.480496337,0.230876730146
0.44361,1.44361,0.692707864,0.692707864,0.479844185,0.230250442147
0.44391,1.44391,0.692563941,0.692563941,0.479644812,0.230059145991
0.44764,1.44764,0.690779476,0.690779476,0.477176284,0.227697205874
0.44886,1.44886,0.690197811,0.690197811,0.476373018,0.226931252169
0.44891,1.44891,0.690173993,0.690173993,0.47634014,0.22689992938
0.45068,1.45068,0.6893319,0.6893319,0.475178468,0.225794576166
0.45106,1.45106,0.689151379,0.689151379,0.474929623,0.225558146961
0.45162,1.45162,0.688885521,0.688885521,0.474563261,0.225210288738
0.45162,1.45162,0.688885521,0.688885521,0.474563261,0.225210288738
0.45163,1.45163,0.688880775,0.688880775,0.474556723,0.22520408308
0.45218,1.45218,0.688619868,0.688619868,0.474197323,0.224863100844
0.45328,1.45328,0.688098646,0.688098646,0.473479746,0.224183070234
0.45346,1.45346,0.68801343,0.68801343,0.47336248,0.224072037368
0.45458,1.45458,0.687483672,0.687483672,0.4726338,0.223382708551
0.45477,1.45477,0.687393884,0.687393884,0.472510351,0.223266031961
0.45885,1.45885,0.685471433,0.685471433,0.469871085,0.220778836922
0.46064,1.46064,0.684631394,0.684631394,0.468720146,0.219698575525
0.46104,1.46104,0.684443958,0.684443958,0.468463531,0.219458080131
0.46164,1.46164,0.684162995,0.684162995,0.468079004,0.21909795372
0.46643,1.46643,0.68192822,0.68192822,0.465026098,0.216249271406
0.46654,1.46654,0.681877071,0.681877071,0.46495634,0.216184398321
0.46842,1.46842,0.681004072,0.681004072,0.463766547,0.215079409774
0.46887,1.46887,0.680795441,0.680795441,0.463482433,0.21481596572
0.47042,1.47042,0.680077801,0.680077801,0.462505815,0.213911629166
0.47065,1.47065,0.679971441,0.679971441,0.462361161,0.21377784306
0.47163,1.47163,0.679518629,0.679518629,0.461745567,0.213208968794
0.47204,1.47204,0.679329366,0.679329366,0.461488388,0.212971531869
0.47565,1.47565,0.677667469,0.677667469,0.459233198,0.210895130111
0.47786,1.47786,0.676654081,0.676654081,0.457860745,0.209636461995
0.47941,1.47941,0.67594514,0.67594514,0.456901833,0.208759284711
0.47946,1.47946,0.675922296,0.675922296,0.45687095,0.20873106513
0.47988,1.47988,0.675730465,0.675730465,0.456611661,0.208494208808
0.48064,1.48064,0.675383618,0.675383618,0.456143031,0.208066465023
0.48065,1.48065,0.675379056,0.675379056,0.45613687,0.20806084413
0.48164,1.48164,0.674927783,0.674927783,0.455527512,0.207505314095
0.48888,1.48888,0.671645801,0.671645801,0.451108082,0.20349850149
0.49244,1.49244,0.670043687,0.670043687,0.448958542,0.201563772691
0.49499,1.49499,0.668900795,0.668900795,0.447428274,0.20019206036
0.49566,1.49566,0.668601153,0.668601153,0.447027501,0.199833586963
0.49579,1.49579,0.668543044,0.668543044,0.446949802,0.199764125394
0.49739,1.49739,0.667828689,0.667828689,0.445995157,0.198911680332
0.50067,1.50067,0.666369022,0.666369022,0.444047673,0.197178336131
0.50098,1.50098,0.666231395,0.666231395,0.443864272,0.197015492255
0.50282,1.50282,0.665415685,0.665415685,0.442778034,0.196052387465
0.50285,1.50285,0.665402402,0.665402402,0.442760357,0.196036733486
0.50306,1.50306,0.665309435,0.665309435,0.442636645,0.19592719937
0.50316,1.50316,0.665265175,0.665265175,0.442577753,0.195875067156
0.50593,1.50593,0.664041489,0.664041489,0.4409511,0.194437872175
0.50615,1.50615,0.663944494,0.663944494,0.440822291,0.194324292623
0.50725,1.50725,0.663459944,0.663459944,0.440179097,0.193757637233
0.50739,1.50739,0.663398324,0.663398324,0.440097337,0.193685665705
0.50825,1.50825,0.663020056,0.663020056,0.439595595,0.193244287259
0.51016,1.51016,0.662181491,0.662181491,0.438484327,0.1922685047
0.51095,1.51095,0.661835269,0.661835269,0.438025924,0.19186670971
0.51169,1.51169,0.661511289,0.661511289,0.437597185,0.191491296376
0.51387,1.51387,0.660558701,0.660558701,0.436337797,0.190390672978
0.51437,1.51437,0.660340604,0.660340604,0.436049713,0.190139352097
0.51469,1.51469,0.660201097,0.660201097,0.435865489,0.189978724341
0.51726,1.51726,0.65908282,0.65908282,0.434390164,0.188694814647
0.51883,1.51883,0.658401533,0.658401533,0.433492578,0.187915815475
0.51885,1.51885,0.658392863,0.658392863,0.433481162,0.187905917876
0.51941,1.51941,0.658150203,0.658150203,0.43316169,0.187629049476
0.51968,1.51968,0.65803327,0.65803327,0.433007785,0.187495741559
0.52271,1.52271,0.656723867,0.656723867,0.431286238,0.186007819004
0.524,1.524,0.656167979,0.656167979,0.430556417,0.185378827934
0.5262,1.5262,0.65522212,0.65522212,0.429316027,0.184312250978
0.52859,1.52859,0.654197659,0.654197659,0.427974577,0.183162238908
0.52937,1.52937,0.653864009,0.653864009,0.427538143,0.182788863498
0.53099,1.53099,0.65317213,0.65317213,0.426633832,0.182016426606
0.53111,1.53111,0.653120938,0.653120938,0.42656696,0.181959371519
0.53124,1.53124,0.653065489,0.653065489,0.426494533,0.181897587067
0.53225,1.53225,0.652635014,0.652635014,0.425932461,0.181418461612
0.53271,1.53271,0.652439144,0.652439144,0.425676836,0.181200768948
0.53372,1.53372,0.652009493,0.652009493,0.425116379,0.180723935948
0.53435,1.53435,0.65174178,0.65174178,0.424767348,0.180427299652
0.53534,1.53534,0.651321531,0.651321531,0.424219737,0.179962385471
0.53572,1.53572,0.651160368,0.651160368,0.424009825,0.179784331325
0.53942,1.53942,0.649595302,0.649595302,0.421974057,0.178062104397
0.54097,1.54097,0.6489419,0.6489419,0.42112559,0.177346762449
0.54152,1.54152,0.648710364,0.648710364,0.420825136,0.177093795171
0.54545,1.54545,0.647060727,0.647060727,0.418687584,0.175299292972
0.54834,1.54834,0.645852978,0.645852978,0.417126069,0.173994157629
0.54881,1.54881,0.645656988,0.645656988,0.416872946,0.173783053523
0.55021,1.55021,0.645073893,0.645073893,0.416120328,0.173156127131
0.55033,1.55033,0.645023963,0.645023963,0.416055912,0.173102522226
0.55046,1.55046,0.64496988,0.64496988,0.415986146,0.173044473653
0.55267,1.55267,0.644051859,0.644051859,0.414802797,0.172061360526
0.55375,1.55375,0.643604183,0.643604183,0.414226345,0.17158346483
0.55384,1.55384,0.643566905,0.643566905,0.414178361,0.171543715125
0.55782,1.55782,0.641922687,0.641922687,0.412064736,0.169797346547
0.55882,1.55882,0.641510886,0.641510886,0.411536217,0.169362058249
0.55882,1.55882,0.641510886,0.641510886,0.411536217,0.169362058249
0.56181,1.56181,0.640282749,0.640282749,0.409961998,0.168068840206
0.56269,1.56269,0.639922185,0.639922185,0.409500403,0.167690580423
0.56283,1.56283,0.639864861,0.639864861,0.40942704,0.167630500883
0.56437,1.56437,0.639234964,0.639234964,0.408621339,0.166971398427
0.56437,1.56437,0.639234964,0.639234964,0.408621339,0.166971398427
0.56437,1.56437,0.639234964,0.639234964,0.408621339,0.166971398427
0.56481,1.56481,0.639055221,0.639055221,0.408391575,0.16678367868
0.56879,1.56879,0.637433946,0.637433946,0.406322035,0.165097596448
0.57542,1.57542,0.634751368,0.634751368,0.402909299,0.162335903251
0.57577,1.57577,0.634610381,0.634610381,0.402730336,0.162191723227
0.57619,1.57619,0.634441279,0.634441279,0.402515737,0.162018918423
0.57668,1.57668,0.634244108,0.634244108,0.402265588,0.161817603587
0.57737,1.57737,0.633966666,0.633966666,0.401913734,0.161534649289
0.5783,1.5783,0.633593107,0.633593107,0.401440225,0.161154253937
0.57831,1.57831,0.633589092,0.633589092,0.401435138,0.161150169753
0.57882,1.57882,0.633384426,0.633384426,0.401175832,0.160942047808
0.57891,1.57891,0.633348323,0.633348323,0.401130098,0.16090535529
0.57967,1.57967,0.63304361,0.63304361,0.400744213,0.160595923961
0.58067,1.58067,0.63264312,0.63264312,0.400237317,0.160189909832
0.5808,1.5808,0.632591093,0.632591093,0.400171491,0.160137222282
0.58301,1.58301,0.631707949,0.631707949,0.399054933,0.159244839195
0.5833,1.5833,0.631592244,0.631592244,0.398908763,0.159128200991
0.58382,1.58382,0.63138488,0.63138488,0.398646866,0.158919323916
0.58382,1.58382,0.63138488,0.63138488,0.398646866,0.158919323916
0.5839,1.5839,0.631352989,0.631352989,0.398606597,0.158887219408
0.58582,1.58582,0.630588591,0.630588591,0.397641972,0.158119137572
0.5873,1.5873,0.63000063,0.63000063,0.396900794,0.15753024012
0.58879,1.58879,0.629409802,0.629409802,0.396156699,0.156940130474
0.59029,1.59029,0.628816128,0.628816128,0.395409723,0.156348848788
0.59179,1.59179,0.628223572,0.628223572,0.394664857,0.155760349093
0.60067,1.60067,0.624738391,0.624738391,0.390298057,0.15233257325
0.60155,1.60155,0.624395117,0.624395117,0.389869262,0.151998041781
0.60328,1.60328,0.623721371,0.623721371,0.389028349,0.151343056231
0.60626,1.60626,0.622564217,0.622564217,0.387586205,0.150223066237
0.60827,1.60827,0.621786143,0.621786143,0.386618007,0.1494734837
0.60876,1.60876,0.621596758,0.621596758,0.386382529,0.149291458907
0.60878,1.60878,0.62158903,0.62158903,0.386372922,0.149284035211
0.60981,1.60981,0.621191321,0.621191321,0.385878657,0.148902337875
0.61071,1.61071,0.620844224,0.620844224,0.38544755,0.148569814143
0.61127,1.61127,0.620628448,0.620628448,0.385179671,0.148363378892
0.61177,1.61177,0.620435918,0.620435918,0.384940729,0.148179364602
0.61577,1.61577,0.618899967,0.618899967,0.383037169,0.14671747314
0.61875,1.61875,0.617760618,0.617760618,0.381628181,0.145640068423
0.61941,1.61941,0.617508846,0.617508846,0.381317175,0.14540278769
0.61983,1.61983,0.617348734,0.617348734,0.38111946,0.145252042431
0.6207,1.6207,0.617017338,0.617017338,0.380710396,0.144940405336
0.62183,1.62183,0.616587435,0.616587435,0.380180065,0.144536881993
0.62525,1.62525,0.615289955,0.615289955,0.378581729,0.143324125688
0.62725,1.62725,0.614533723,0.614533723,0.377651696,0.142620803595
0.63077,1.63077,0.613207258,0.613207258,0.376023141,0.141393402693
0.63183,1.63183,0.612808932,0.612808932,0.375534788,0.14102637663
0.63225,1.63225,0.612651248,0.612651248,0.375341552,0.140881280669
0.63399,1.63399,0.611998849,0.611998849,0.374542592,0.140282153011
0.63777,1.63777,0.610586346,0.610586346,0.372815686,0.138991535731
0.63794,1.63794,0.610522974,0.610522974,0.372738302,0.138933841597
0.63824,1.63824,0.610411173,0.610411173,0.3726018,0.138832101424
0.63873,1.63873,0.610228653,0.610228653,0.372379009,0.138666126006
0.63934,1.63934,0.610001586,0.610001586,0.372101935,0.138459849977
0.64185,1.64185,0.609069038,0.609069038,0.370965093,0.13761510024
0.64311,1.64311,0.60860198,0.60860198,0.370396371,0.137193471306
0.64371,1.64371,0.608379824,0.608379824,0.37012601,0.136993263186
0.64371,1.64371,0.608379824,0.608379824,0.37012601,0.136993263186
0.6477,1.6477,0.606906597,0.606906597,0.368335618,0.135671127173
0.64852,1.64852,0.606604712,0.606604712,0.367969277,0.135401388631
0.6487,1.6487,0.606538485,0.606538485,0.367888934,0.135342267483
0.64962,1.64962,0.606200216,0.606200216,0.367478702,0.135040596163
0.66213,1.66213,0.601637658,0.601637658,0.361967871,0.131020739758
0.6647,1.6647,0.600708836,0.600708836,0.360851106,0.130213520818
0.67072,1.67072,0.59854434,0.59854434,0.358255327,0.128346879426
0.67773,1.67773,0.596043463,0.596043463,0.35526781,0.126215217084
0.6819,1.6819,0.59456567,0.59456567,0.353508336,0.124968143394
0.68372,1.68372,0.59392298,0.59392298,0.352744506,0.124428686692
0.68519,1.68519,0.593404898,0.593404898,0.352129373,0.123995095278
0.68872,1.68872,0.59216448,0.59216448,0.350658771,0.122961573614
0.68935,1.68935,0.591943647,0.591943647,0.350397281,0.12277825466
0.68936,1.68936,0.591940143,0.591940143,0.350393133,0.12277534759
0.69072,1.69072,0.591463992,0.591463992,0.349829653,0.122380786429
0.69318,1.69318,0.590604661,0.590604661,0.348813866,0.121671112874
0.69718,1.69718,0.589212694,0.589212694,0.347171599,0.120528118992
0.69818,1.69818,0.588865727,0.588865727,0.346762844,0.120244470148
0.69918,1.69918,0.588519168,0.588519168,0.346354811,0.119961655231
0.69918,1.69918,0.588519168,0.588519168,0.346354811,0.119961655231
0.69932,1.69932,0.588470682,0.588470682,0.346297744,0.119922127523
0.69992,1.69992,0.588262977,0.588262977,0.34605333,0.119752907346
0.7007,1.7007,0.587993179,0.587993179,0.345735979,0.119533367091
0.70117,1.70117,0.587830728,0.587830728,0.345544965,0.1194013229
0.70192,1.70192,0.587571684,0.587571684,0.345240484,0.119190991475
0.70192,1.70192,0.587571684,0.587571684,0.345240484,0.119190991475
0.71571,1.71571,0.582849083,0.582849083,0.339713053,0.115404958665
0.71874,1.71874,0.581821567,0.581821567,0.338516336,0.114593309591
0.71968,1.71968,0.581503536,0.581503536,0.338146362,0.114342962031
0.71969,1.71969,0.581500154,0.581500154,0.338142429,0.114340302436
0.72015,1.72015,0.58134465,0.58134465,0.337961602,0.114218044621
0.72074,1.72074,0.581145321,0.581145321,0.337729884,0.114061474784
0.72674,1.72674,0.579125983,0.579125983,0.335386904,0.112484375551
0.72774,1.72774,0.57879079,0.57879079,0.334998779,0.112224181874
0.72866,1.72866,0.578482755,0.578482755,0.334642298,0.111985467831
0.73014,1.73014,0.577987908,0.577987908,0.334070022,0.111602779842
0.73161,1.73161,0.577497242,0.577497242,0.333503065,0.11122429439
0.73368,1.73368,0.576807715,0.576807715,0.332707141,0.110694041354
0.73395,1.73395,0.576717898,0.576717898,0.332603534,0.110625111083
0.73495,1.73495,0.576385487,0.576385487,0.332220229,0.110370280675
0.73568,1.73568,0.576143068,0.576143068,0.331940835,0.110184717693
0.73596,1.73596,0.576050139,0.576050139,0.331833763,0.110113646338
0.73675,1.73675,0.57578811,0.57578811,0.331531948,0.109913432272
0.74196,1.74196,0.574065995,0.574065995,0.329551766,0.108604366597
0.74276,1.74276,0.573802474,0.573802474,0.329249279,0.108405088012
0.74573,1.74573,0.572826268,0.572826268,0.328129933,0.107669252775
0.74607,1.74607,0.572714725,0.572714725,0.328002156,0.107585414544
0.74911,1.74911,0.571719332,0.571719332,0.326862994,0.106839416888
0.7493,1.7493,0.571657234,0.571657234,0.326791994,0.10679300705
0.75074,1.75074,0.571187041,0.571187041,0.326254636,0.106442087317
0.75899,1.75899,0.568508064,0.568508064,0.323201419,0.104459157347
0.76076,1.76076,0.567936573,0.567936573,0.322551951,0.104039760948
0.7611,1.7611,0.567826926,0.567826926,0.322427418,0.103959440066
0.76165,1.76165,0.567649647,0.567649647,0.322226121,0.103829673266
0.76566,1.76566,0.566360454,0.566360454,0.320764164,0.102889649139
0.76666,1.76666,0.566039872,0.566039872,0.320401137,0.102656888285
0.76674,1.76674,0.566014241,0.566014241,0.320372121,0.102638295864
0.76709,1.76709,0.565902133,0.565902133,0.320245224,0.102557003497
0.76865,1.76865,0.565402991,0.565402991,0.319680542,0.102195649068
0.76932,1.76932,0.565188886,0.565188886,0.319438477,0.102040940588
0.77309,1.77309,0.563987164,0.563987164,0.318081521,0.101175853852
0.77929,1.77929,0.56202193,0.56202193,0.31586865,0.099773003995
0.78807,1.78807,0.559262221,0.559262221,0.312774232,0.097827720296
0.78907,1.78907,0.558949622,0.558949622,0.31242468,0.097609180541
0.78928,1.78928,0.55888402,0.55888402,0.312351348,0.097563364751
0.79662,1.79662,0.556600728,0.556600728,0.30980437,0.095978747948
0.79863,1.79863,0.555978717,0.555978717,0.309112334,0.095550434973
0.83981,1.83981,0.543534387,0.543534387,0.29542963,0.087278666003
0.83981,1.83981,0.543534387,0.543534387,0.29542963,0.087278666003
0.85482,1.85482,0.539135873,0.539135873,0.29066749,0.084487589499
0.93585,1.93585,0.516568949,0.516568949,0.266843479,0.071205442345
0.97423,1.97423,0.506526595,0.506526595,0.256569192,0.06582775009
1.01242,2.01242,0.496914163,0.496914163,0.246923685,0.06097130643
1.01988,2.01988,0.495078916,0.495078916,0.245103133,0.060075545635
1.02088,2.02088,0.494833934,0.494833934,0.244860622,0.059956724193
1.02789,2.02789,0.493123394,0.493123394,0.243170682,0.059131980571
1.04817,2.04817,0.488240722,0.488240722,0.238379003,0.056824548985
1.12092,2.12092,0.471493503,0.471493503,0.222306123,0.049420012413
1.23225,2.23225,0.447978497,0.447978497,0.200684734,0.040274362382
1.23597,2.23597,0.447233192,0.447233192,0.200017528,0.040007011467
1.29911,2.29911,0.434950916,0.434950916,0.189182299,0.03578994231
1.3041,2.3041,0.434008941,0.434008941,0.188363761,0.035480906272
1.30611,2.30611,0.433630659,0.433630659,0.188035549,0.035357367609
1.31317,2.31317,0.43230718,0.43230718,0.186889498,0.034927684479
1.3291,2.3291,0.429350393,0.429350393,0.18434176,0.033981884423
1.34101,2.34101,0.427166052,0.427166052,0.182470836,0.033295606065
1.35136,2.35136,0.425285792,0.425285792,0.180868005,0.032713235204
1.35608,2.35608,0.424433805,0.424433805,0.180144055,0.032451880582
1.39103,2.39103,0.418229801,0.418229801,0.174916166,0.030595665151
1.41633,2.41633,0.413850757,0.413850757,0.171272449,0.02933425185
1.5429,2.5429,0.393251799,0.393251799,0.154646978,0.023915687655
1.54901,2.54901,0.392309171,0.392309171,0.153906486,0.023687206328
1.61505,2.61505,0.382401866,0.382401866,0.146231187,0.021383560114
1.69706,2.69706,0.370774102,0.370774102,0.137473435,0.018898945287
1.80119,2.80119,0.356991136,0.356991136,0.127442671,0.016241634422
1.91165,2.91165,0.343447873,0.343447873,0.117956442,0.013913722116
2.26137,3.26137,0.306619611,0.306619611,0.094015586,0.008838930357
